Name,Wein_51407_22_Pre_2_2_L_Neg,Wein_51407_5_C_6_2_L_Neg,Wein_51407_4_B_2_2_L_Neg,Wein_51407_21_B_6_2_L_Neg,Wein_51407_25_A_6_1_L_Neg,Wein_51407_6_D_6_3_L_Neg,Wein_51407_9_E_2_1_L_Neg,Wein_51407_34_D_2_3_L_Neg,Wein_51407_20_Pre_2_3_L_Neg,Wein_51407_26_C_6_1_L_Neg,Wein_51407_17_A_6_3_L_Neg,Wein_51407_11_D_2_2_L_Neg,Wein_51407_18_B_6_3_L_Neg,Wein_51407_3_C_6_3_L_Neg,Wein_51407_15_D_6_2_L_Neg,Wein_51407_23_D_6_1_L_Neg,Wein_51407_14_C_2_2_L_Neg,Wein_51407_32_B_6_1_L_Neg,Wein_51407_35_Pre_6_1_L_Neg,Wein_51407_10_E_6_3_L_Neg,Wein_51407_27_E_6_2_L_Neg,Wein_51407_8_E_2_2_L_Neg,Wein_51407_7_Pre_6_2_L_Neg,Wein_51407_33_A_2_2_L_Neg,Wein_51407_19_A_2_1_L_Neg,Wein_51407_36_Pre_2_1_L_Neg,Wein_51407_1_B_2_3_L_Neg,Wein_51407_28_C_2_3_L_Neg,Wein_51407_13_E_2_3_L_Neg,Wein_51407_12_E_6_1_L_Neg,Wein_51407_30_C_2_1_L_Neg,Wein_51407_29_A_2_3_L_Neg,Wein_51407_24_D_2_1_L_Neg,Wein_51407_2_Pre_6_3_L_Neg,Wein_51407_31_B_2_1_L_Neg,Wein_51407_16_A_6_2_L_Neg
Cer(d18:0/14:0),22.888763163741,22.3841979376557,22.1560926852392,22.6315437068242,22.7276369655522,22.7579725389344,23.3272057462464,22.0556932770699,23.5894237104334,22.7073479713754,22.6514565818569,23.0512429620833,22.3647139305469,23.3465556115704,22.9864495800224,22.4645880815789,22.3598283380752,22.6122490939694,23.0552846319297,22.2200803120363,23.0070491609984,22.9376739631574,23.4964069076751,22.6868504934653,22.8365783797285,22.4629689922223,22.2982895809792,22.4939826229951,22.5291072375454,21.7723756186236,22.5351697253606,22.3202340251509,22.2564006862939,22.7588752380846,22.8733000177094,22.607815932483
Cer(d18:0/16:0)_A,24.1857005797506,24.0185286196121,23.3872206830719,24.3803347363872,24.1484800865122,24.4776186569006,24.8020244738507,23.8755952122182,25.0855328203595,24.2880484452424,24.0806244099706,24.3148914113572,24.0187865163648,24.6095900174042,24.6079379567687,24.1268157086268,23.8711679756531,23.901262566384,24.3495699717479,23.5915904357742,24.3486954905002,24.3695360850776,24.8433293820294,24.2476331816914,24.1717625713182,24.1999345863885,23.8296710414955,24.051978076116,24.0293725736913,23.5788060324529,23.8171080889192,23.6966994040477,23.7294928545149,24.0537350897738,24.5200678029041,23.7773287942165
Cer(d18:0/16:0)_B,24.4409576349927,24.1698667233976,24.0058663100494,24.5934439168893,24.3658976924334,24.9004756606387,24.7477814290667,24.357563719616,25.0374385321585,24.4340634688478,24.3770174127508,24.6731918959096,24.5321957560609,24.5965338645787,24.5163074813031,24.2699406507254,23.9941788657585,24.310740540321,24.8090015903852,23.8333481819776,24.6952192513297,25.0208998115213,24.9748133071676,24.8303361752304,24.6968536160619,24.5017614752193,24.1931073442871,24.6932914312185,24.261319301741,23.9728839130961,24.1304741703032,24.0716266899524,24.1964581458376,24.3580691246464,24.658628633437,24.2209354456922
Cer(d18:0/18:0),23.4667207310578,23.344440228418,22.8096232230984,23.3978931077715,23.6560837045271,23.8334357328835,24.0949148638438,23.2621441545373,24.3347045728116,23.4811202929086,23.2862876365753,23.6551203229875,23.5881521620349,23.995083241069,23.662385740791,23.3372734201835,22.9069761023337,23.3383263719929,23.887989886532,22.8033603693704,23.8275794718037,23.7884886343598,24.0860307857662,23.8527735643502,23.6597006176445,23.4674986507028,23.4480367004839,23.4805621072327,23.4610888141167,22.8828677065467,22.9754145184248,23.0930003407449,23.2181532169369,23.6817663123868,23.5658714925172,23.1840986775118
Cer(d18:0/24:0),20.9899495909404,19.7552282546955,20.1640707426628,20.6840111267184,21.3156987049322,21.617021713566,21.0914342951088,19.7137075298413,21.7032321074927,21.0164520259052,20.490590919702,20.7329952136839,21.2264778883548,20.7786482750289,20.5020467881779,21.1214953766935,19.8544541020919,19.6158603475218,20.9299452029734,20.4000589781425,21.0397647361418,20.7624507734583,20.7825990344962,20.0364855175226,21.1504939545645,20.2655632543578,20.252485891366,20.7480839040588,20.5291072375454,19.6719154368444,20.3037539233786,20.1539293393873,19.9490770043153,20.8063539482514,20.1143081172132,19.7723739122738
Cer(d18:1/16:0)_A,22.4667207310578,22.4148295563094,22.3006095756105,22.5226481387795,22.5229749228346,22.7125020224202,23.0774274371149,22.5953721491616,23.0127764779242,22.4781302503028,22.4176593972482,22.6623761389903,22.5692105983815,23.0968724011529,22.6793838171429,22.4950784488007,22.4576403614319,22.4024567094126,22.9184128071058,22.0602089752579,22.6609296023943,22.8094482529955,23.2022238032707,22.5897391585164,22.7730532419433,22.4780128724467,22.377240922374,22.5464500428892,22.6863211872381,22.1538700721078,22.391216764629,22.3298680845973,22.4244605355166,22.7561911535134,23.0121277224067,22.4717951375799
Cer(d18:1/16:0)_B,24.2903979584173,23.950464344667,23.7023167444769,24.2829005854816,24.3280295068429,24.6544964189847,24.8179075154574,23.9991097487035,25.2737365555201,24.4185504694765,24.0890366497868,24.5868510469705,24.1835312787014,24.9800810777297,24.5280846490794,24.1959400692816,24.2880925844763,23.9159840720908,24.6437530761524,23.6767578190369,24.4974308701114,24.633876688412,24.8651888159931,24.3073394278156,24.5421310212633,24.2707559235782,24.0464824305686,24.1653598755337,24.2324644390688,23.6942832498728,24.067280343816,23.9751638504511,24.0529308344599,24.4356057251174,24.6102656118756,24.1074773959089
Cer(d18:1/17:0)_A,21.9058142556802,21.4148295563094,21.1210020207709,21.3312220681262,21.6706810807401,21.9838040442376,22.6482457555158,21.2986700305624,22.5052927298808,21.5708654632667,21.505750726873,21.6815484482652,21.5174491706917,22.6953698799971,22.0417191783882,21.7322838647826,21.6477680856718,21.3940689239199,21.8201997969901,21.1046030946164,21.6818083320702,21.9206508153151,22.3017594768216,21.8844824240775,22.0921953139999,21.8225113789094,21.5077429466081,21.5309091919934,21.5665819429641,21.0852178847525,21.5079284867739,21.6608893281072,21.2977414816748,21.8722882184362,22.1417888536353,21.405069023779
Cer(d18:1/17:0)_B,22.8906677119263,22.7976866498391,22.3316364712311,22.670590610956,22.8798727329822,23.2517372494843,23.3780869152486,22.6340008300523,23.4512528901679,22.6763765843075,22.9370335563418,23.1611819959618,22.8301249523409,23.4733856338058,23.0251932812973,22.6801611337065,22.7482440851748,22.5169685905363,23.0782679499305,22.4000589781425,22.810617479725,23.2035261336387,23.524151898158,22.847420329856,23.0866070757376,22.712328461159,22.8234188321831,23.0263457640862,23.0039872552714,22.3893282335892,22.8805701853982,22.7078256420281,22.6455192274053,23.2285094908775,23.149330402648,22.7115487195777
Cer(d18:1/20:0),20.767557169604,20.3529018071662,20.1851323581906,20.5140861252761,21.1097240430297,21.5065977238724,20.4532297731107,20.5210624518989,21.5810602374987,20.8506431329351,20.59823164289,20.7512574200766,21.2818209221986,20.9930919432499,20.7148531606852,20.6360685495233,20.2197385661736,20.1716765025834,21.0276418768606,20.1262981657157,21.1930611466083,20.9997794650996,20.8716825780786,20.8420471577571,21.1647078137842,20.9138516904478,20.4520949170582,21.0021295266654,20.5758004729934,20.037564909161,20.4430287119808,20.5743803348525,20.0969224722867,21.036141029759,20.985410384031,20.4220421023828
Cer(d18:1/24:0),22.3552808100022,21.7229518516717,21.9500520139278,22.0846647078346,22.5987174852202,23.6600346025261,21.7153599513743,21.6919031595229,22.340662028108,22.5820492017594,21.9106994085283,22.0713696619352,22.8770884313115,21.9810860899897,21.867268393839,22.5329750565592,21.7065206729559,21.5033856182634,22.6851730035324,22.408937129489,22.14575543183,22.0357986879006,21.9838333124917,21.8093809688368,22.3779788451521,22.5623030171544,21.6802650595365,22.4642909380583,22.2059922277076,21.7593782780947,21.7982041311943,21.9346972589442,21.6471195548471,22.4489641079724,21.8985794261578,21.5929042230791
Cer(d18:1/24:1),21.5144382326352,21.7836722327096,21.4209038093282,21.989047442207,22.3584031558864,23.0301596799294,21.6553351803021,21.1196998895171,22.1043304158136,21.93592832088,21.8043681734685,22.0567599670508,21.9075690377662,22.1585819733519,21.8143888342361,21.3570262674891,21.8359971973843,21.5111629688551,22.2573762735382,21.3502278221905,22.4162843742107,21.5847419658208,22.7359057990481,22.6401441119536,22.5090907594993,21.7842920566789,21.6663594575113,21.631486146745,22.055966783703,21.3334194924385,21.6603545959208,21.2483940233908,21.0395892972207,21.9541994162228,22.1357271008481,21.8559386289129
Cer(d18:2/16:0)_B,23.67996477018,23.2111736975545,23.1798957098244,24.0211256254204,23.8287230906665,23.8910871565241,24.1956088634632,24.0284040554976,24.4857123609113,23.8758536957323,23.4176593972482,23.920173896458,23.4925315384874,24.1814963652999,23.9606095750871,23.4785272725368,23.4126802203409,23.4538035894128,23.8152335440967,22.8382861047933,24.226128848294,24.2722388837227,24.3490651915999,23.7890479667398,24.0526153060252,23.4339460909917,23.5271082714751,23.6339128841395,23.7730328204315,22.8647772495638,23.1975883661617,23.2534650129382,23.5614549626168,23.5123716160565,23.9752624286549,23.3261176823842
Cer(d20:0/18:0),22.6931201352629,22.5405288103419,22.1587569427663,22.7474775455618,22.949364397229,23.3981052867815,23.0597254353815,22.630184174279,23.1970020429173,23.0530809478959,22.5257191431056,23.0289615147073,23.0047569564607,23.0049987099341,22.8911759333256,22.8887013598966,22.307201407424,22.8515874073599,23.5601369576876,22.589639529404,22.982016230334,23.1350708314406,23.226070545225,23.0031727720926,22.9558068450839,23.0059927038276,22.6256176636091,22.8827334307536,22.6365308205266,22.4081872608405,22.7363522506777,22.2071713606643,22.3999915399227,23.0471624358503,23.0302130252783,22.5778367749902
PE(14:0/15:0),20.6007380790295,20.2018358329752,20.1746399843729,20.2407097752208,20.2588674823355,20.3834494930995,20.1793070511341,20.3827342953509,20.6908483830368,19.9931822465823,20.4803951525961,20.4383744647922,20.0966910491449,20.4239833937296,20.3825831215764,20.3016495104527,20.3980758074321,20.0700362407076,20.3495699717479,20.02599325992,20.486792349665,20.9077503266073,20.2561626103815,20.3508668033566,20.6521538085911,20.0163346480491,20.0638243273421,20.6363355464064,20.4207310765006,20.1711480635396,20.553732176387,20.4384969067707,20.558056386155,20.3456243582797,20.4337679565098,20.1334726044418
PE(15:0/0:0),21.0593232939811,20.859861795886,21.013245840415,20.4346516577817,20.3940270656172,21.0583933606583,19.6870440400295,20.6472801681023,20.8552352009377,19.9333107906049,20.9106994085283,20.5982458015706,20.9810668504156,19.8889943843457,20.9640817669939,20.4103557698952,20.9941788657585,19.538819311758,20.4933054492094,20.417760979876,20.1930611466083,21.3632498222302,20.2953332076622,20.3808200254582,20.5690980688636,20.2089797259915,20.6345729688436,20.6069915848243,20.8586085521376,20.4950376747603,20.3797027766119,21.0411614092253,20.954257243421,21.2723753762491,20.4533967632588,20.8115445095545
PE(15:0/15:0),23.5413595319505,23.2342573106675,23.1798957098244,23.2381126637348,23.5807955772229,23.5147716553181,23.6971553559968,23.2497604300815,24.1991896021551,23.251741441256,23.2818914065379,23.6791657969542,23.3610476133492,23.7693704614409,23.6408525792414,23.3839374215907,23.3381332669759,23.0081777703006,23.4199592996393,22.8946800252421,23.7896116216047,24.0258832190355,23.604322246842,23.5897391585164,23.8476335682375,23.1575805734848,23.3095168364024,23.4533406384977,23.6143350744124,23.1135827760058,23.5351697253606,23.327465594382,23.5096160310972,23.2553689509434,23.4362362121006,23.4135805236346
PE(15:0/16:1)_A,23.3330422958258,23.344440228418,23.3872206830719,23.0832183968955,23.2394151196694,23.3892407732342,23.3550493791718,23.1991343570115,23.5228653593287,23.6014145266263,23.4309562198616,23.6429456090414,23.2681829201856,23.4165735415859,23.4057491061554,23.3555163824315,23.6774434400914,23.5513200953271,23.3666434851069,23.2023160325605,23.4434359804707,23.7648373662952,23.0368001940633,23.0812597435993,23.3487080004383,23.0808233745008,23.3857524222295,23.2293443314587,23.3445748053903,23.5507916562833,23.5861536540794,23.2660650497178,23.6677638647632,23.1872587626111,23.4238524876448,23.3595406839217
PE(15:0/16:1)_B,22.8963663172588,22.7015782008791,22.7294528744144,22.8649200966098,22.9170789650873,23.0215806950406,23.1528348397729,22.6529341075695,23.4585762309737,22.5959080503198,22.9201597377774,23.1318614222915,22.7733292473375,23.2380798936662,22.9378343169985,22.6729053177037,22.8078614077881,22.481779162074,22.8002313807575,22.4374195056465,23.380971893524,23.4458869712077,22.9515026588757,23.0175439538691,23.2167963249327,22.4599412995247,22.8937335655686,22.8929004569106,22.9624181358796,22.7044910403892,23.022078519832,22.5905000002158,23.129343949979,22.6560796687231,23.0799937526879,22.8099334596485
PE(15:0/17:0),21.6374966290396,21.4625262983407,21.1798957098244,21.5605605550756,21.7182991009728,21.7818757254609,21.9215092936665,21.5127948359153,22.1274881368009,21.3267921465173,21.3797627894897,22.0044285029633,21.3573719552058,22.0516667694354,21.6602468300347,21.3449027084066,21.553011634655,21.1911726782092,21.5660617916447,21.0602089752579,22.2914328870256,22.3119485935246,21.5860103685651,21.7834525038463,21.8673219031596,21.0886854922738,21.8374483920872,21.7658951801753,21.4954988449026,21.0482913157541,21.3889213066413,21.4693343106933,21.6374908536494,21.4085120642351,21.9163687396013,21.4093310506332
PE(15:0/17:1),22.3189671106141,21.9712229048338,21.8775078013327,22.0759650128842,22.1380130874611,22.1867174576339,22.6879661845421,21.9216003814826,22.8662903894467,22.0690666520686,21.9333008374654,22.3808889701315,21.9905896245341,22.5128367845246,22.2692665980467,22.0671842568157,22.0325069844176,21.798552645038,22.131179480969,22.063023990865,22.6880134815969,22.6325704909114,22.3767215345028,22.2326546182154,22.4695623953126,21.6840646089402,22.0207556054503,22.0825029431294,22.1668760974412,21.8011984537893,22.1522922805089,22.0025287496223,22.3576129376522,21.7318069948864,22.224082975269,21.9900315245002
PE(15:1/16:0),21.4435547464787,21.1590509664784,21.2212661442443,20.8632356888984,21.0953687500527,21.1451981881956,20.3866320243816,21.3225167725168,21.0616860784052,21.179950758188,21.0957313023608,21.0082300731232,21.3276246118117,21.0324048672747,21.2294263335149,21.3809719631141,21.1367179794057,20.999910154317,21.1667059145981,21.626263013429,21.0202245497461,21.1679022239079,20.6275296380033,20.6748112438424,20.8321324746973,21.2516240634,20.8711792493997,21.1036675531275,21.223694229441,21.2476001239775,21.1603897482075,21.1320699054235,21.2224533543705,21.249655299749,20.8213722256656,21.1334726044418
PE(15:1/16:1),21.6733418279863,20.8539125295549,21.1640707426628,20.8965557620985,20.8265519916249,20.7614116229012,20.5877718964895,20.8380356648435,20.34698964808,20.8961577921874,20.887738260085,20.6863019782358,21.0464428592677,19.8889943843457,20.6123702030839,21.0560723016955,21.1665679071523,20.8485211043121,20.7121400511326,21.4045048831737,20.3156804332723,21.4127892830315,20.3081572480197,20.4294002059033,21.381025720711,21.2233350189685,20.4109897137285,20.8929004569106,20.8885100378514,21.2335705640734,21.5619061078327,21.1966789868466,21.3219890279214,21.0968038116656,21.1746807351927,20.7523824370863
PE(16:0/16:1),26.3277801804204,26.0101941363466,25.8943910231869,26.1613732204511,26.255240086831,26.1924614401687,26.3546864826686,25.6609061141033,26.6224010328796,26.2045816227251,26.1425521591138,26.4590072264499,26.2716045261554,26.3130259880052,26.3354395711371,26.1112429047063,26.0486266497809,25.6382281605502,26.1246706948009,25.9894673838949,26.5551463679677,26.3773555895369,26.2917058121577,25.9906818279094,26.3821666421156,25.9981873013388,26.0193887696864,25.9461094410091,26.1227440718324,26.1135827760058,26.1992268615575,26.0553860489452,26.1604926485497,26.2016337848861,26.2593584500165,26.1009047419854
PE(16:0/17:0)_A,21.4435547464787,21.4309043191674,21.3102275781721,21.5852930757685,21.60633066933,21.6837907257787,21.1793070511341,21.4535556325406,21.7812346194939,21.3466006275975,21.6123068281017,21.8392539010744,21.3720187311702,21.0857030934348,21.4133891683575,21.5699016255576,21.4914473055732,21.1960058319452,21.2719490746254,21.2048672180898,21.8935008647494,22.0901000723043,20.8802957083833,21.4947762147553,22.0996127855623,21.3200110383802,21.5575620680168,21.809484448723,21.4001207968253,21.3023925968179,21.5740808217788,21.5864869377091,21.8827039823959,21.2873257177151,21.743789284713,21.2895918063591
PE(16:0/17:0)_B,21.7424661886411,21.7867983336963,21.6311967530901,21.9194302283511,21.8523919965601,22.0187096591858,21.7377973404941,21.8836325312836,21.7753818932485,21.9139690683039,21.8406896872806,22.317957714405,21.9175877935912,21.5912781391272,21.8410708768886,21.7553674778956,21.9689905336677,21.6654911152464,21.5601369576876,21.7502069466773,22.0749151912795,22.3537687692193,21.4879782856046,21.6748112438424,21.871660838884,21.4477665855786,21.8922408649276,21.9009828032085,22.0124987551269,21.7396600434802,21.6717293857854,21.6911039411542,21.6756259825361,21.8218391957489,21.7675053536868,21.7011571137311
PE(16:0/17:1),24.8657102891048,24.4418527300759,24.3114253325297,24.4094810820467,24.8068636567027,24.8120376959712,24.7198754324968,24.2805226838522,25.2633199395748,24.621878629186,24.7180543305859,25.1526199824583,24.5240218246152,24.9800810777297,24.7554951451825,24.5262804039852,24.5273588243771,24.151913247762,24.4964113600772,24.2338861115613,25.2118446222877,24.8627824167071,24.5033933379912,24.9265514904897,24.7390230703059,24.3546571811871,24.3857524222295,24.6816096261708,24.5688921036513,24.2534057456587,24.4769245843246,24.4973905958243,24.6196695765621,24.7097806885564,24.6743959492954,24.4707759252161
PE(16:1/0:0),22.0181006312546,21.3230665776254,21.4341599060305,21.4346516577817,21.1657580779441,22.2369906641151,21.4747629346603,21.8213953991557,21.3327132749925,21.0164520259052,21.7837872960461,21.8978060834295,21.7979445465917,21.024627516683,21.3929250657978,21.3570262674891,21.6997315072932,21.3513825248183,21.7697507743027,21.3269955159528,21.4915302686717,22.5324746562038,21.8144077727269,20.9189159211414,21.818711958935,21.4106135871611,21.3815029492281,21.0895923679157,21.2295469556865,21.4832283724706,21.2841251166297,21.4649691181319,21.4411607288991,22.0138423626502,21.2828623869221,21.8652764934922
PE(16:1/16:1),25.4180312381432,25.3013715065261,25.2719801088152,25.2019200121114,25.3584031558864,25.4351833905802,25.494662492098,25.3342939402932,25.4585762309737,25.4494114331813,25.3209833778365,25.7144988700665,25.4782181350021,25.5600079885536,25.2330285701951,25.3403299786168,25.5558339929876,25.4206367254776,25.5459671845514,25.3764905070041,25.6051870504673,25.9066700607081,25.1318344753793,25.185348903437,25.6343895291153,25.3708674083684,25.2495742959461,25.2188753848607,25.4734725385726,25.6243206917052,25.6474498333482,25.3513123363363,25.6073912467837,25.6350498134798,25.5658714925172,25.4135805236346
PE(16:1/17:0),24.1779232291589,23.9434779143508,23.674660401574,24.137183754884,24.2328722738026,24.17644912218,24.6446879361026,23.6012328005829,25.0736587200712,24.1725712278224,24.2402007231205,24.7203044917477,23.8719451280355,24.6731551461816,24.4310601946846,23.9278346739004,24.0352061340185,23.7368757484832,23.9906755505066,23.7130539482599,24.9095210853399,24.7224910755856,24.4752422976771,24.2476331816914,24.5076975241994,23.6149720856673,24.0730766405803,24.214828551798,23.9159907742735,23.7610093636736,24.311046415945,23.9980038268092,24.1520640264791,23.8673219655429,24.3073384789183,24.159007696549
PE(16:1/17:1),22.7737623191307,22.7424042143379,22.761356521834,22.5119376586975,22.5363209480823,22.5024933255396,22.7422432455253,22.6282720533352,22.9952587166662,22.6945239310178,22.5551629209981,22.9697559253085,22.4671759642105,22.6429931756714,22.6857068150257,22.6801611337065,22.5920308782375,22.632000050177,22.7386122624938,22.484375264076,22.9393045543625,23.1947022832517,22.1953374176854,22.7106317194214,23.14153864933,22.4839867734913,22.6327863493696,22.8307949549684,22.717891266239,22.6959895718232,22.7200094008142,22.7657584459611,22.8799844810423,22.387852593669,22.7196768285962,22.6959331066681
PE(16:1/18:1),25.7732462414858,25.0867001222537,25.2565169914274,25.3862113027239,25.6682584184732,25.4351833905802,25.3492320525764,25.0211360550335,26.003418423226,25.6353618585496,25.3804483181511,25.2760023979636,25.4309124202237,25.2330266659399,25.501449522576,25.2898402081631,25.2710190711173,25.078567098192,25.4531075758563,25.6109557606411,25.7028999884114,25.5429416552549,25.2192973166296,25.2844130309661,25.4795464838853,25.3789047274338,25.2378687952939,25.2188753848607,25.3479416564887,25.4507507489535,25.4930442496879,25.2816619047688,25.4281884317534,25.3447313251092,25.4877124295917,25.4215147051768
PE(17:0/17:1),22.2671281790945,22.0304463150728,21.9804897471486,22.2302931592755,22.2064000624414,22.2711677794332,22.3637316222716,22.1466669371174,22.8962624691978,22.1762657113802,22.1090281249743,22.5906593070988,22.05100114123,22.8038588378262,22.364304387858,22.0523492156528,22.0189349648441,22.0191280698611,22.2315142102262,21.6785944775165,22.5219531892455,22.4577366890854,22.6553964314363,22.3356537094101,22.3687994183777,22.0886854922738,22.0451397640772,22.1620008634438,22.0124987551269,21.8356618633575,21.958486702404,21.9782301534989,22.1224575643938,22.2761275111102,22.1387611609378,22.0969467284167
PE(17:1/17:1),23.3607872863087,22.6492948099464,22.5962441542556,23.0211256254204,23.013754984499,23.0443455861727,22.9659034130249,22.630184174279,23.6027052315387,22.8939158414008,22.9144909876907,23.4468030868628,22.8168035738431,23.4001366517752,23.1854829859273,22.7017121657641,22.8078614077881,22.6337822555191,23.0699526817185,22.6840904652714,23.3421526446335,23.2739154615301,23.177976257024,23.1349753809219,23.2883220806425,22.6472725775706,22.8907466182472,23.0281918232516,22.9013995496093,22.3744877422783,22.8690876173509,22.9690116234695,22.8799844810423,22.9774317224606,23.1598227764656,22.9525568190815
PE(18:1/18:1),25.5504236143788,25.2931509997211,25.361432001637,25.4743639336316,25.3844654524726,25.700011078237,24.8797467692752,25.4334385865911,25.1882184843341,25.8471709410283,25.2884807381492,25.3452650604007,25.7084463957526,24.8485971525915,25.2929292758211,25.6172913424927,25.4761335010219,25.2068215888644,25.4166841676065,25.7830165064274,25.3123369901979,25.5394610865199,24.7871863039918,25.0751659856866,25.4580667564748,25.538103322283,25.317880309337,25.5528763120486,25.3445748053903,25.56253049274,25.3992222273314,25.3244568445096,25.2474610492717,25.8673219655429,25.4113615434616,25.1334726044418
PE(18:1/18:2),22.9630495877457,22.591474155558,22.453818431801,22.5688519287069,22.3792905223603,22.7053775879869,21.8073382737472,22.8707512399869,22.04718650871,22.9028628160653,22.4701268171423,22.3452650604007,22.6615253483651,21.7026994217956,22.3851755661929,22.7599402076855,22.4973318618251,22.9071692073508,22.735986793087,22.9397922248707,22.2805239878587,22.6889529608089,22.1063637878632,22.1068748454139,22.6267087920337,22.8528359157662,22.437840933378,22.6886300538486,22.4635740775063,22.8027829625053,22.7236571778293,22.4362688058786,22.5631512532777,22.7535020659857,22.8859950905578,22.5060267723992
PE(30:1),23.4794317828073,23.2904003887051,23.341050501639,22.8965557620985,23.0662224043931,23.2711677794332,22.8179075154574,23.092219153095,22.9070088506618,23.0205681343774,23.1007319834192,23.0082300731232,23.1111685725982,22.5376401755251,23.0596816576826,23.1942517191289,23.2937391476174,22.9521437353862,23.220286954803,23.3708217569174,23.1427466819576,23.5738945835838,22.6427963946567,22.6545198398494,23.2488387943368,23.1650363784039,22.8620578594312,23.1687110850333,23.1422666300972,23.2241411511535,23.5036914938874,23.1210147169145,23.4281884317534,23.1427400958325,23.3472312060418,23.1964824019676
PE(33:2),24.1303575459069,23.8419398878888,23.7383859991844,23.8360142201634,23.9632652140453,24.0415195420939,24.1035797249709,23.5914517797903,24.3836141732925,23.8758536957323,23.938896300359,24.2279081097626,23.9953275435408,24.081960691749,24.1247289548482,23.7553674778956,23.8328979587254,23.5607187933293,23.7646074710268,23.7130539482599,24.3223441635533,24.3616739673046,23.8099063804919,23.9307760763514,24.1270935219844,23.5735521582873,23.8528784326568,23.9090201222739,23.7929323778692,23.8402982734783,24.1576956390382,23.9362748370575,24.2395268677295,23.7097806885564,24.3140643421066,23.9110801831054
PE(34:1),23.2389988059107,23.0513932535177,22.9173858250075,23.0450961879165,23.2475521691077,23.467126283083,22.8450305638191,23.0499909177057,23.1159557409333,23.4478839634347,23.1689802843915,23.234414073622,23.3425749532777,23.2498023786908,23.153906325874,23.1054156370257,23.0486266497809,22.7352165245615,23.361542613414,23.2023160325605,23.3289772558857,23.4097424074726,22.766427743825,22.9324624529793,23.1979148591741,23.2071752291447,23.0125350986453,23.3742690675065,22.9781472503361,23.0615881383676,23.0600848424118,23.0930003407449,23.106260336866,23.3527487927131,22.959905387885,22.9985430243557
PE(35:1),21.6821656783733,21.377992788129,21.6502550889057,21.4660646104131,21.5283281573288,21.7125020224202,20.7288642157241,21.6510519219915,21.0325397327456,21.5310251987349,21.2774817391999,21.2262770241837,21.613026830674,20.7970268043438,21.9111004753078,21.4334393830083,21.5302317659987,21.3856320867712,21.455503416497,21.8316984447585,21.1988667682895,21.8947334409404,20.8008612408889,21.6046233956023,21.4111457090873,21.7148706557214,21.4801872240876,21.4615611453027,21.4610888141167,21.4832283724706,21.499442020886,21.5037883670224,21.5340395050364,21.8115341873571,21.2607516853164,21.669525504682
PE(36:1),21.6821656783733,21.3903765125848,21.4603121938865,21.2765868115494,21.411514492346,21.7195914472066,20.9678029459404,21.6845611841818,22.0027923893516,21.5931469106427,21.3576520878839,21.4827685841507,21.9374189655128,21.2680331157679,21.7065855447016,21.4334393830083,21.3938758189028,21.5681939138915,21.6465517095051,21.2598813200943,21.5607929311088,21.9120633194783,21.3521644302588,21.5129235614655,21.5955702802247,21.7350485376591,21.7245543356813,21.7965453930155,21.4610888141167,21.3893282335892,21.3469659901999,21.4295637820007,21.4594925516714,21.7854449584885,21.3834947500286,21.5238258403401
PG(14:0/15:0),19.2741486067722,19.7294651586304,19.8710237677625,19.5663695162088,19.5579446380949,19.6618759493503,19.6054497968683,19.7840968577327,19.1439344901649,19.1975091295723,19.3226964534871,19.6786887941259,19.5679389411454,19.2266003967805,19.3275763546069,19.3963262099912,19.7132780391312,19.5614680507032,19.4375176710236,19.6895655953375,19.3156804332723,19.4852062922699,19.4468209608478,19.7098452952859,19.2918878942654,19.5216448995499,19.6768012042329,19.4982509546319,19.4749514674985,19.4665312470713,19.7381567475244,19.6639394244671,19.7127789809536,19.2450680302534,19.5440671221988,19.7321100420601
PG(14:0/16:0),19.3200981926327,19.1638679827762,19.2364792381908,19.1595901679323,19.408033923611,18.7967003729043,18.9948824799967,19.0675953661262,19.3086008188757,18.9367997766848,19.0329361756249,19.1717288054061,18.9085740500262,19.416870667535,19.243210148948,19.0620093267034,19.1154493626521,19.1950404956489,19.4035087788587,19.0914277058686,19.3845422914171,18.5771573705928,19.6048420432954,19.2310111454261,18.8603523483448,19.2848545929666,19.1799542002995,18.8929004569106,19.022646710503,19.2660964675949,18.9597245360628,19.1232325421644,19.115538150454,19.3767120360638,18.7862014473967,19.2709761281918
PG(14:0/16:1)_A,20.0388591914214,19.7930302874078,19.553961428047,19.8632356888984,20.689917299603,19.0013624156219,19.9324447713476,18.5520542663625,20.5052927298808,20.1228960687982,19.5007151369757,19.5087637926836,19.5266425247743,20.8941254924489,19.5490442677151,18.8756983510222,19.5371035733111,19.8908673950217,20.1775825038487,18.5584598427857,19.8178035493148,18.9368275594717,20.3948688812131,19.7759579672993,19.2498391607522,20.3853024986319,20.0953025588153,18.6988652760431,19.2675906593538,18.5137337684702,18.5765034840456,19.1517582403456,18.841363187015,20.4555972003049,18.377342523047,20.3705118017427
PG(14:0/16:1)_B,20.8792025254329,21.1298061467025,21.3150126407375,20.8965557620985,20.6214375617202,20.5863249163431,20.3979473376095,21.103274341604,19.7373514858107,20.8036456533979,20.7245480926714,20.4270591515644,21.0094486517855,20.5044733115899,20.4235133856312,20.6849781500043,21.1113624051288,21.2757849059242,20.7748758064806,21.4045048831737,20.3263276774718,20.7528647246291,20.3706213349664,20.6422065784105,20.7590690125076,20.7350485376591,20.8711792493997,20.8265579620819,20.7730328204315,20.9882840063898,21.7090104018649,21.1539293393873,21.2977414816748,20.6646927990279,21.3260924389837,21.0648855191844
PG(15:0/16:0)_A,20.5045227637702,20.8176923416421,21.4603121938865,20.699197530533,20.6314216502929,20.7336666324183,20.6925680865011,21.1731391484786,20.3199034679412,20.7550654729528,20.8165772311637,20.6575429852544,20.9810668504156,20.6731551461816,20.7065855447016,20.9237650095914,20.9143255580693,21.0594669989974,20.5301422173897,21.3316720031623,20.5607929311088,20.5684401534917,20.7167969761004,21.0918622745589,20.6215654887577,20.9913882909188,20.6558415855973,21.2626570768886,20.8510353324328,21.3851036477274,20.9830438066479,21.233073224107,20.943878097641,20.481828741878,20.7033750162671,20.745656573898
PG(15:0/16:0)_B,21.9393235178704,22.1469375868263,22.4297547269105,22.2791156378601,22.1168484774631,21.8989151466511,22.9810301051124,22.4141472479824,21.6466485791263,21.9006312687667,22.122203513722,22.517859248619,21.8924092305952,22.2680331157679,22.3484504366572,22.1036178859633,22.2432740806344,22.300679085075,21.9436634842212,22.6432917427608,22.611729896334,21.495589588084,21.9433055059091,22.3099365393017,21.854226245548,22.024555154854,22.1760338309282,22.1106539834436,22.2527232780526,22.4350000919744,22.4363752257488,22.2045554124572,22.2543022204099,21.8821697299502,21.985410384031,22.2709761281918
PG(15:0/16:1)_A,21.9899495909404,22.5534347945389,22.778780586778,22.4616187053819,22.5756338721071,21.9540567008436,22.1988472375298,22.6090101511746,21.7812346194939,22.1082727343281,22.5257191431056,22.3087391843756,22.4500212431714,22.1514575389185,22.0870092888991,22.5982665168109,22.5206329611888,22.7016249013001,22.0573892202546,22.8283933000348,22.1276080851197,22.059321410754,21.7406437180548,22.2784583078285,22.3991730674212,22.2655632543578,22.4541197525357,22.5515933461652,22.5596291823223,22.769137244557,22.5351697253606,22.7514918768881,22.444845775707,22.0882923118101,22.4113615434616,22.8050894874172
PG(15:0/16:1)_B,21.7716968999649,22.4188650695445,22.423121634578,22.6453306585543,22.303261601694,22.0187096591858,23.0089721349168,22.7010283957705,21.9569886997385,22.06109594096,22.6829184681965,22.4242164017956,22.0094486517855,22.7878668050583,22.369550557424,22.4248262527036,22.3403175142377,22.6896805808135,21.690606889583,22.2426033286624,22.7818966564767,22.655902994742,21.8931197487409,22.6586010166612,22.6369407146446,21.7046748886155,22.5725512422362,22.5099241668641,22.322838875739,22.2729719136858,22.9397906086941,22.3441996101418,22.7959202162539,21.5453938706555,22.9251818094076,22.6390006376686
PG(15:0/17:0),20.464165026154,20.7488304834973,20.9592509507743,20.6216145895805,20.4287924837778,20.2290637483435,20.7988267738917,20.8512110535912,20.2061675845177,20.6420565111237,20.6537267554817,20.3808889701315,20.5370779774407,20.4590303408288,20.5945589269675,20.8740119743943,20.7333622851745,20.8299851528746,20.1635831968402,20.8675638973155,20.5875929904525,20.3184619004833,20.4766629723767,20.6003864027159,20.4580667564748,20.7046748886155,20.8651047349901,20.7025692448065,20.6562191554487,20.9714757187033,20.8085460754158,20.925195391177,20.772650436931,20.2873257177151,20.5748602757444,20.3440395903815
PG(15:0/17:1),19.500537415819,20.7032336170572,20.683938215162,20.2816400392757,20.013754984499,20.1928435604307,20.2683120571929,21.1678834230271,19.1833646349934,19.9695309785177,20.6627718950847,20.4270591515644,20.1756215183667,20.0554884803878,20.252326735625,20.4103557698952,20.6300225354818,20.5793344714967,20.0103638854287,20.8217602077024,20.1930611466083,20.2519664886964,19.9973574345192,20.4671198718524,20.662207473255,20.1212463540579,20.662862013275,20.7834892401901,20.5479662647967,20.5106345298113,20.9080817489667,20.6608893281072,20.885418367093,19.6299273808672,21.0383592639799,20.5816184155326
PG(16:0/16:0),21.859889050376,21.874628506595,22.0423921860745,21.531159638635,21.9272459912443,21.465018620121,21.8777276016386,21.7668188663008,21.6466485791263,21.769812058322,21.9182726282331,21.4772934540845,21.5370779774407,21.9236986078322,21.9038869850752,21.6849781500043,21.633589150502,21.6122490939694,21.7121400511326,21.801675961659,21.2500920916447,21.0397458724173,22.16745838511,21.5918749028604,21.1361386615874,21.9005138909107,21.9903819564067,21.5151991089048,21.7158079517385,21.6261117472312,21.4252174358643,21.5905000002158,21.7158323049312,21.9162315660238,21.4918709110734,21.814761222238
PG(16:0/16:1),23.8559951342715,24.3122598226688,24.6653225369947,24.4380502342435,24.2491740861317,24.2639119634304,24.4680682820863,24.4792422762043,23.8412960099798,24.2270190118448,24.3838710837919,24.2838645157366,24.413318360209,24.5294196687202,24.2790571012395,24.2779334414789,24.4586460742931,24.4738413426494,23.615464031721,24.6205418094703,24.288713385672,24.2806023566573,24.1408232586065,24.6370448732947,24.2571540625488,24.0266029835029,24.2698331349299,24.5399950207519,24.4734725385726,24.6814210989358,24.5036914938874,24.6397435192356,24.4919140293638,23.8797056899987,24.3924199798081,24.3814001178854
PG(16:0/17:0),20.0660806601564,20.7424042143379,20.9407940460667,20.8012488020027,20.4738803733064,20.3905739275329,20.4532297731107,20.5536671173308,20.3263225888354,20.7251122508512,20.680693803082,20.3452650604007,20.3778360577655,20.4239833937296,20.3929250657978,20.6849781500043,20.6791701848109,20.7201970073365,19.8945969411194,20.5278145253409,20.7466594764202,20.1621198713139,20.3081572480197,20.5397236208093,20.2736421853374,20.1754101932978,20.7312489882553,20.6555717652693,20.8357685757794,20.6719154368444,20.6717293857854,20.6378057149941,20.6310358315121,20.3598382174994,20.4238524876448,20.4636212061342
PG(16:0/17:1),21.4794317828073,22.0278064332001,22.1667203210767,22.0135524057156,21.9473675871651,21.7545252373159,22.3837892746128,21.9027413542313,21.5607878424725,21.6579980549927,21.9407566423845,21.9658514708526,21.4569076287567,22.4239833937296,22.0251932812973,21.7322838647826,22.0162051720885,21.9720041577471,21.0531769689677,21.9790722125325,21.983698673721,21.5464138471617,21.7779971325372,22.2462779020794,21.6060246378619,21.2930439907799,21.9622034230951,21.9050070597673,22.1203835121987,22.0213242681538,21.9799969310891,22.0499316188531,22.0565481243806,21.1386239873603,21.5882393055456,22.0431085767892
PG(16:0/18:1),23.7445738516031,23.5515981360593,23.6559238389924,23.7474775455618,23.5013611097285,23.06118657555,23.7422432455253,23.9386738948416,22.9569886997385,23.9852010919207,23.4701268171423,22.9141078957586,23.7370155479494,22.9423947015421,23.3270371301414,24.1356395590138,23.5225578381133,24.1826755015327,23.6987195353703,24.1436883025897,23.5033074364481,22.7334993997622,23.4964069076751,23.5790127519233,22.9881374986999,23.864331554604,23.5744139862534,23.3973066035834,23.742659171388,23.8479926652683,23.6546333919621,23.6779628414661,23.8731632151863,23.6151908376103,23.3987615066819,23.6570345604988
PG(16:0/19:1),22.2315042693638,22.442843932479,22.07378738235,21.9735177439134,21.8944560561267,21.5549607454338,21.7422432455253,22.2744224843158,21.5263543454086,21.7047922664716,22.1768941552554,21.5728007850132,21.6733994486534,21.4532479882348,21.8820275511115,22.0964043957307,21.8726778607108,22.2780658471754,22.2573762735382,21.7641125487026,21.9667852907847,21.3505945214241,21.9267701381828,21.8844824240775,21.4406497033974,22.3562864247718,22.0370574177794,22.1586340123454,22.2555943139073,21.8632594219216,22.0426677893344,21.9346972589442,22.0322597554222,21.9400783079782,21.7714204036902,21.9900315245002
PG(16:1/16:1),22.828439411751,23.6232996014134,23.3872206830719,23.8445762336668,23.1845278819639,23.4523075683714,24.4814266649413,23.2246694491187,23.4567488779227,23.1082727343281,23.5207528902123,23.793725561217,23.4841290974917,24.4805100682392,23.6730329849905,23.1000156492831,23.7283673752541,23.6337822555191,22.5982204594191,23.0825767882864,23.5607929311088,23.7407918923285,23.4083311410196,23.6214480182437,23.8586046860585,22.7450326262317,23.5077429466081,23.3390079630187,23.5803877424891,23.6771081060647,23.6450473431329,23.4973905958243,23.569916541365,22.7642284725788,23.8326580332121,23.9554743024638
PG(16:1/17:1)_A,20.1319685958128,20.7930302874078,20.683938215162,20.6055844797615,20.5704536330014,20.2290637483435,21.1461401871989,20.5127948359153,20.1238077903129,20.2376662560443,20.5502971658263,20.5258373060426,20.2662240671476,20.8507980607848,20.5765250041372,20.3868967970713,20.7791659747876,20.8237531991631,20.4808145050262,20.443913267732,20.5056513769164,20.3054057476579,20.5432607211057,20.8563313837634,20.5366765911712,20.4106135871611,20.6558415855973,20.5770383627226,20.6031078189892,20.7396600434802,20.5289287853864,20.7059772176357,20.6049229911929,20.4687725890526,20.4727620881257,20.824368549912
PG(16:1/17:1)_B,19.96846986353,21.0898674013324,20.9894972376424,21.0346580387273,20.7369147791402,20.3083207778506,20.9136471758935,21.0123658454058,19.7276851512172,20.5425208375727,20.635464549089,20.6671931552881,20.6495527066991,20.6731551461816,20.6982702764896,20.6260844609507,21.0162051720885,20.5644611950151,19.9805079012695,21.1582410582184,20.7466594764202,20.663597386532,19.7696765357034,21.0613601861616,20.6821070306927,20.1915626729141,20.7772613860121,20.7570170288289,20.8510353324328,21.0158698380617,20.9951673657304,21.1539293393873,21.0685406709168,19.8633366175917,21.0831471857268,20.8179707787139
PG(16:1/18:1),23.1238952952772,23.4368864771826,23.8248007510019,23.3263398467465,23.1554161337226,23.1994509475416,23.2605846951683,23.8836325312836,22.8101473114092,23.4900534176786,23.4309562198616,23.0139137116268,23.5419437326125,23.1779946765883,23.2192919563812,23.5594472679204,23.5605256883123,23.7777480298987,22.9928764586999,24.1303299197347,22.9752667675397,22.8255422291158,22.8824409802149,23.0458638498384,23.1451274448147,23.5309078208788,23.4581609177576,23.5335109871817,23.2896083461724,24.2820885003628,23.6736164953297,23.7868972130193,23.5443814492579,23.1220411031647,23.4606892558251,23.4029332794351
PG(16:1/18:2),18.7407778384884,19.4156375625141,19.6111053351506,19.2531112416206,19.4716591333897,18.7420462980343,18.3614214615844,18.8925814880111,17.7777258337168,19.3803039312657,19.1143127281025,18.5510745975416,19.0500906362828,18.618401187489,18.9640817669939,18.8172259483027,19.6583115799133,19.8174942086914,18.6797185734403,19.3676375004501,18.2161447597214,18.505898687423,18.6935271967776,19.3264482507633,18.8356902941105,19.1380132046373,19.6906070037579,18.8060453647562,19.0145340647156,19.3569067558968,18.5635353514173,19.4597133926804,18.8435981913983,18.8042766332188,18.7675053536868,19.4992451158649
PG(16:1/19:1),18.8792025254329,18.7294651586304,18.997853789998,18.8277466041798,18.5971900154736,18.4867892427922,18.8540963722575,19.4587296788786,18.3751254376762,18.7068371924566,18.8800026113054,18.6439233759653,18.5906590176455,18.7373719994504,18.726348799523,19.0015101043307,18.6156672425048,19.5235201753751,19.1494467142525,18.9814548638435,19.096845831349,18.3720429406882,19.3081572480197,19.1026870484505,18.7553168776465,19.3065905226179,18.6960925428417,18.8929004569106,18.9592516292144,18.7684886965394,19.0414991420117,19.0896017642831,18.963535057009,19.1170288397297,18.9664094221009,18.756402955362
PG(17:1/18:1),20.2788099841421,21.0065116548369,20.8579676149371,20.629563342696,20.4287924837778,19.9684119938207,20.7017280857866,20.857753899458,19.9886975594658,20.553925600845,20.6169682054716,20.3331922281002,20.2345152074202,20.5156138691951,20.252326735625,20.6360685495233,20.7919900151452,21.0163982771055,20.7333565370423,20.8217602077024,20.4286893951015,20.0538669806619,20.6974316512335,20.84920694933,20.2736421853374,20.6944065531617,21.0638243273421,20.4058517127164,20.7074444788039,20.9544692933976,20.6100003960337,20.9441369548305,20.5374950636726,20.4153333300911,20.4533967632588,20.8559386289129
PG(18:0/18:1),22.2671281790945,22.4527186804141,22.6894763987035,22.1688926146113,22.0662224043931,22.0013624156219,21.9486941229927,22.4792422762043,21.6594158752002,22.4509372874122,22.5207528902123,21.6429456090414,22.4569076287567,21.7075651769675,22.1705326444614,22.5957108119072,22.2937391476174,22.5208260662058,22.3077497960533,22.6128780727722,22.0526460274385,21.424912842114,22.0502207098256,22.1098587038528,21.7590690125076,22.655235955881,22.5155202971998,22.1450874805074,22.5549753233161,22.7196685682927,22.3398532640054,22.2983192487224,22.5950075223279,22.249655299749,21.8949950888088,22.4738314047364
PG(18:1/18:1),25.0172291754498,25.118064293163,25.3144153751355,24.8990240176892,25.0022593456612,24.6637149490141,24.6446879361026,25.3661940247595,24.0855328203595,25.253491223206,25.2589616512291,24.5804815220948,25.0589436428368,24.5086611085534,24.8334976571838,25.2898402081631,25.1360894910312,25.6293226073284,25.0233417394269,25.5242441274478,24.5551463679677,24.4234029570563,24.964724489544,24.8483139161595,24.6783967113544,25.4906779760903,25.1216568210254,25.0565077345965,25.0584350392937,25.5507916562833,25.2522790076951,25.2311466335146,25.1660844967941,25.0427639719528,25.0293958657884,25.0642099420047
PG(18:1/18:2)_A,19.7692144874667,20.1638679827762,20.3054265919083,19.9419476649125,19.6393594697175,19.4325971424286,18.8801502639054,19.9887145773412,18.3813040126053,20.0295824468339,20.1090281249743,19.0051896188031,19.9791547294719,19.1909086896372,19.7016021371873,19.9496146604345,20.0803355095082,20.5719169999342,19.686261419307,20.5680036154566,18.7873014609175,18.923217127953,19.04563344033,19.7593316487119,19.1245506873122,20.0359857356304,20.08488594287,19.4982509546319,19.837302541943,20.5935275381596,19.6147228062761,20.1210147169145,19.5305756497329,19.7339912421483,19.4337679565098,20.0376125890343
PG(18:1/18:2)_B,20.464165026154,20.8054140118637,20.5844025416111,20.3696962159409,19.9608917091926,20.0083263633717,19.7971184314293,20.5374568901496,19.3247204842389,20.4841041513474,20.2477343958059,19.7126361260493,20.5370779774407,19.3108693136781,20.2061565541921,20.704086972952,20.5109698638381,20.9320060898152,20.363244908645,20.8283933000348,19.5481137970381,19.663597386532,20.090862694323,19.9324624529793,19.8811608106247,20.9574409589955,20.2242889995354,20.1720545281077,20.1638227734636,20.9487556422032,20.5781163350139,20.4823511963601,20.6818849730078,20.5943034711365,20.4138683990721,20.5355710480132
PG(18:1/19:1)_A,20.1949783933386,20.8115662388453,21.1903500674616,20.3214410473337,20.2196968850549,20.17644912218,20.0561588203613,20.9340374847208,19.7106116378583,20.7149880335775,20.8406896872806,19.7144988700665,20.5881521620349,19.9026369923044,20.005109035254,20.6260844609507,20.8605543016283,20.9832314131703,20.5422150496903,21.0825767882864,19.7577146649291,20.1313763478828,20.1744788127878,20.2244184681156,20.1201810876845,20.6736479929949,20.796540448507,20.5256914827224,20.781025611185,21.7027947497283,20.6792630584708,20.7206987233425,20.6439171228088,20.8472842123063,20.3732264145748,20.6335462075765
PG(18:1/19:1)_B,22.1447926361704,22.4289047415211,22.4052828287404,22.1985842995481,22.0327131422029,21.698217796414,21.9409791578647,22.4470618704551,21.5877548900727,22.1614306702172,22.4069329906551,21.4717974663297,21.9324866699706,21.6121871288902,21.9182780773808,22.227648929009,22.0512958365569,22.2104088970721,22.3392280275265,22.296223167158,21.5196356063521,21.3820270292608,21.7453661282972,22.0207182016642,21.5903145547733,22.3562864247718,22.389989415116,22.3270601097143,22.1668760974412,22.3680804998851,22.2080427237989,22.1993092428913,22.2772191578014,21.877237434408,22.0154328671304,22.0916524287472
PG(18:2/18:2),18.15750368792,19.2370026874064,19.0354505766557,18.8632356888984,18.7032316528839,18.4117385375309,18.1313016782233,18.6904377505184,17.2524062794231,18.5100993598804,18.9672829368947,18.5385111360777,18.6733994486534,18.0416826808627,18.5747091511084,18.6888202162986,19.1929147780979,19.347043589094,18.8832519675254,18.6178641299833,18.1648642547777,18.2895807804962,18.3208682997693,19.2133632796066,18.5966191316275,18.7189288722958,18.918875991431,18.7498749595848,18.7074444788039,19.2079683370846,18.5138394492635,19.0598071620227,18.6528660795363,18.987536600097,18.3566435303792,19.1761169418503
PG(18:2/19:1),18.8164667700849,19.0786876022023,19.3283269940184,19.0165864658052,18.5849116856951,18.589424155002,18.4203151506379,19.0833135998731,18.4416766305848,19.0015360339122,18.8549660603681,18.6594781901601,18.8001123832745,18.7065933379001,18.5891723804204,18.9575986046672,18.9096262215335,19.3728835940293,18.7604795854041,18.8468053371487,18.5426455843986,18.3670248659215,19.0967875282801,18.7176903121202,18.4922824718127,19.01468491083,18.8711792493997,19.0141021683315,19.1216429579713,19.0418650465947,19.0692886697416,18.9591131624032,18.9218357657286,18.9691111256268,18.8168330660504,18.7537238551661
PG(19:1/19:1),20.8868560979763,21.0746006446791,21.2664324602924,20.9982856490623,20.7824294383925,20.3509468534122,20.6925680865011,21.1087703293589,20.7753818932485,21.065086801156,21.0687642547605,20.5468989215704,20.9521154767195,20.7786482750289,20.7714366890515,21.0486164967765,20.97181105273,20.9203713893317,20.9021109947767,21.0144052856448,20.8970763189732,20.2789335362967,20.9798313819342,20.5918749028604,20.8673219031596,21.1042823473248,21.2663803330244,20.99459585398,20.8586085521376,20.804365732868,21.0658441117005,21.278555993901,21.1201547785244,20.6874128755279,20.9021548803816,20.9408275264994
PG(30:0),21.8520906798156,22.2433883224197,22.2590022548169,22.0286592981058,21.7598515904173,21.8545210272927,22.1190465263167,22.6320937642876,21.7517306251839,22.0246725327101,22.1578274234527,22.015803292828,21.7925106605411,21.944457167999,22.2551638949285,22.1704049771745,22.2687272596093,22.3273552541719,22.4362243540021,22.2817960965227,22.2303866822972,22.6914641799649,22.160403627576,22.4149971407763,22.080997107395,22.2827999592831,22.1637135592923,22.2050695853357,22.1970591029376,22.475301456699,22.393508576137,22.2710744125316,22.6487181090726,21.8063539482514,22.3393404204224,22.159007696549
PG(33:1),21.2375030099852,21.7584165323265,22.07378738235,21.8082692296805,21.6113838970563,21.3870161081197,22.1394143240106,22.0726663556736,21.4401977016589,21.689362225902,21.8683208062577,21.6082994662345,21.5500170331482,22.2347130425678,21.8560990861209,21.6993334429813,21.8995890148124,22.1141112150496,21.5601369576876,21.9243951199122,21.7934536878991,21.5408543218198,21.4363455171892,22.2271690791317,21.662207473255,21.8272183815869,21.9334635276541,21.8765986445815,21.7241232199505,21.9827029741265,21.9769436071115,21.9964923598916,22.0444550523925,21.6181502130908,21.763579650473,21.7822667170322
PI(15:0/15:0),21.0181006312546,21.1638679827762,20.8180748878136,20.7941940444688,20.7461333091696,20.815350430012,20.6171158580716,21.0413948940173,21.2840784997416,20.5986639156103,21.0619429889045,21.3331922281002,21.0735789892052,20.806129011451,20.7554951451825,21.0184018837294,20.88470038896,20.7857853489641,20.8349967989182,21.1476718165082,20.4385371810578,20.9077503266073,20.6579032870469,20.8704755660836,20.976098249077,21.3530260956082,21.0743935690523,20.8847725760272,20.6299078783329,20.7852569099203,21.2080427237989,20.9751638504511,21.2522006977646,21.1872587626111,21.1204603441948,21.1741145889392
PI(16:0/18:1)_A,18.7065891523125,18.3031191688124,18.5261692760257,18.3194768604531,17.9497634278058,18.1261174466299,17.9215092936665,18.2557178853779,18.9662665133265,18.2767358207229,18.1430370171392,18.0764483019729,18.2536240303679,18.336224887955,18.0450017623775,18.4380121127981,18.4475444836964,18.2721278823161,18.2849399131452,19.0144052856448,17.4943655693698,17.996533805596,18.8349351749834,17.8348516563529,17.6860542152094,19.1349791445477,18.5309503377694,18.0725188545568,18.3211954029497,18.7343560116203,18.0988019499846,18.2483940233908,17.9469996892827,18.7008751353345,17.7099178621339,18.2932862899168
PI(16:0/18:1)_B,18.6210710811265,17.9123292157802,18.129719237872,18.1127235628943,18.0603218029535,18.1175554331265,17.7554993422276,18.1229626765261,18.5877548900727,18.304008750873,18.1430370171392,18.0173131778856,18.2536240303679,18.2850601273285,18.3468554171018,18.5436223007587,18.3045189863706,18.2794326829393,17.9998968863777,18.8752719924508,17.7811228859884,17.6199704541317,18.3948688812131,17.9983503886358,18.0892176142,18.4231045313443,18.3054850823834,17.870025990658,18.0729937952636,18.8319419772204,17.9720448076987,18.1987835751715,17.7322095109025,18.5553093395206,17.3977487337089,17.8421328293879
PI(16:0/18:3),17.1216266515914,17.6899367944437,17.3693896506403,17.0572284503026,17.4242052142822,16.9807387434961,16.8039396972853,16.8564477019574,17.2922990065466,18.0762028333502,16.6511839208095,17.7458029899845,17.303377065565,16.5840994866178,16.6696344085287,17.0649687021839,16.7894343102415,18.0763408175618,18.1651454006105,17.7269655671427,16.1686558339401,16.0120468049673,18.9894174307634,17.0785207373198,16.2493057183202,17.9085313585146,17.2982895809792,16.5742107360898,16.5412053800633,18.242004661084,15.8682968828609,16.7654034957709,16.0223300968751,17.8573378769703,16.1392460189631,17.4033606813167
PI(18:1/18:1),19.3711920403756,18.7268633634421,18.7030470381097,19.3829233751129,19.1125780400849,18.5454169727629,19.4225329758877,19.3101656694003,19.6908483830368,18.6653775853583,19.1559068173902,19.020328215641,19.2118969047582,19.4073321531794,19.2591265677304,19.4357275596036,18.8544541020919,18.8023609051663,18.6308089729593,19.1002246541058,19.2092583741361,18.916363456912,19.4210787605359,18.8746919208847,18.7665441330698,19.1886392777073,19.124075208444,19.0980539466639,18.9704788846377,19.4094358070377,19.0035936435735,19.091868371255,18.9175987728421,19.5773730751866,18.666849140242,18.8521864940518
