Name,Wein_51407_22_Pre_2_2_L_Pos,Wein_51407_5_C_6_2_L_Pos,Wein_51407_18_B_6_3_L_Pos,Wein_51407_31_B_2_1_L_Pos,Wein_51407_9_E_2_1_L_Pos,Wein_51407_4_B_2_2_L_Pos,Wein_51407_1_B_2_3_L_Pos,Wein_51407_15_D_6_2_L_Pos,Wein_51407_11_D_2_2_L_Pos,Wein_51407_2_Pre_6_3_L_Pos,Wein_51407_23_D_6_1_L_Pos,Wein_51407_21_B_6_2_L_Pos,Wein_51407_29_A_2_3_L_Pos,Wein_51407_32_B_6_1_L_Pos,Wein_51407_16_A_6_2_L_Pos,Wein_51407_28_C_2_3_L_Pos,Wein_51407_27_E_6_2_L_Pos,Wein_51407_36_Pre_2_1_L_Pos,Wein_51407_10_E_6_3_L_Pos,Wein_51407_3_C_6_3_L_Pos,Wein_51407_12_E_6_1_L_Pos,Wein_51407_8_E_2_2_L_Pos,Wein_51407_17_A_6_3_L_Pos,Wein_51407_6_D_6_3_L_Pos,Wein_51407_34_D_2_3_L_Pos,Wein_51407_24_D_2_1_L_Pos,Wein_51407_35_Pre_6_1_L_Pos,Wein_51407_25_A_6_1_L_Pos,Wein_51407_33_A_2_2_L_Pos,Wein_51407_7_Pre_6_2_L_Pos,Wein_51407_30_C_2_1_L_Pos,Wein_51407_20_Pre_2_3_L_Pos,Wein_51407_14_C_2_2_L_Pos,Wein_51407_13_E_2_3_L_Pos,Wein_51407_26_C_6_1_L_Pos,Wein_51407_19_A_2_1_L_Pos
Cer(d16:0/16:3),22.092913751881,21.4165384182955,21.7147248163897,21.421536408066,20.8571597533836,21.2377828303865,21.3386879895879,20.4576961305947,20.5766254267244,21.3007385821019,21.6195308792131,21.4822302043018,20.9937989222734,20.7718226685554,21.4628677667066,21.7037742257256,21.0061731698005,21.6490029595291,21.6279677910827,20.2907530048527,21.2485592525097,21.1547124157965,21.1310910212833,21.1902237023977,20.9725219948754,20.9601531428577,21.7955183880059,21.4074142196748,20.603885383405,20.8063024199171,20.9564231379037,20.8405885047576,21.3302372864905,21.2747272412666,20.8373990248392,21.1480859635066
Cer(d16:0/18:2),19.8075887630202,20.387827121654,19.6773496895907,19.8536980851361,18.8602589920425,19.0238691356905,20.2980460050906,19.6288696782343,20.3632217886152,20.3197216854694,19.1042682463745,19.8237386681587,19.0418932104744,18.0831966086606,19.4619957841833,19.0494256621332,19.565046441653,18.7033588784783,19.6970876995865,20.1606924642883,20.1315198313195,20.2851823476919,20.2070398745166,20.3940960357634,18.7899094755243,20.00941704598,19.1395893659306,19.3972741893584,19.143251017686,19.2961833878309,19.166439161438,20.0661482051728,20.0107774471939,19.6587983898622,18.4213487525873,20.450648733527
Cer(d16:0/20:0),24.6665041797822,24.6841553933051,24.5455387112713,25.1161671650739,24.7006249688505,24.6574861409604,24.7386185964766,24.7368393589853,24.5249926583091,24.5541869391065,24.498817013427,24.7259068535248,24.7184861866611,24.3567851692765,24.4585025741452,24.7449968884521,24.993513597829,24.7478495024049,24.0058936672553,25.1297395359594,24.3911636479525,25.0356437843423,24.5834157534263,24.8646682120059,25.1549506767747,24.6895055529141,25.1289421217311,24.6603557043708,25.127447339462,24.6471688801956,24.916843129929,25.3241976069924,24.5230367541854,24.8134667252271,24.3309384977968,24.8985138174793
Cer(d18:0/14:0)_A,20.1325256077799,19.4094139838622,19.3398036338885,19.8099521551656,20.1124168086257,19.5667313529517,19.5192602352297,19.4726078399987,19.2501818507146,19.6367381517994,20.1899450713651,19.8792337807504,19.8925155864362,19.9467261641105,19.2296838836494,19.8657787113281,20.0549793475752,19.874345075291,19.6453726630423,19.5784494649207,19.1069278431371,19.7643973459289,19.3389276066646,19.5766405237368,20.1996554492031,20.0907372526679,19.5917284920016,20.0600011532327,19.8080261001852,19.8249180980844,19.8241158457996,19.442711556637,19.6873071874981,19.1134103966819,19.5192625091142,19.421104457913
Cer(d18:0/14:0)_B,22.7916890503424,22.7596311231809,22.2886078712304,24.4052957670588,23.8687477276588,22.6166327570867,22.7355781421565,23.3708186799148,23.3180924131256,22.9031117663718,22.9710684518495,22.7641818234783,23.2659739819636,23.0743854385758,23.0050696961294,23.1014581582541,22.9528436673944,23.0458407846085,22.8067475904111,23.8421629458628,23.186343856064,23.7997555205216,23.1632236422241,22.8504743304231,22.3581756873732,23.8415086463591,23.2532002246933,23.8111806066186,23.2236896333384,23.5802622215655,22.4306517584691,24.360930158047,24.1558277799972,23.1797598906545,21.8822532606235,23.136013131206
Cer(d18:0/15:0),22.8162220620864,23.35853281486,22.8240031576747,23.5353563076232,23.6733520387004,23.1679432053179,23.7760933018952,23.9391024394893,23.2490507686959,23.1121823922273,22.8217939597171,23.3312224162022,23.3638213053618,22.7195927097828,22.667719606734,23.1062116882248,23.6715855029417,22.4965404822111,22.2167318619637,24.2465532009421,22.039764434574,23.1322750266767,22.9178757368582,23.4327173297907,23.0263540582445,23.7566197487726,23.2671394156512,23.1004943372512,24.1063857239341,23.9838406054692,23.3508637325754,24.6972933431979,23.45102550927,24.0796929355506,22.6338656307541,23.3313077875623
Cer(d18:0/16:0(2OH))_A,25.0593157608261,24.6841553933051,24.3075494348838,25.7963163852191,25.6371085181005,24.5597109252739,24.8305410859176,25.3770238294415,24.9944779416103,24.6463567830343,24.6947372234022,24.3374275657289,24.5205468090492,24.4598786622406,24.7087292036784,24.202580082697,24.902684619629,24.9791750485114,24.3894663969928,25.4723765276788,25.4122252634803,25.5907469963704,25.0028991577364,24.8185390412767,24.2333385754594,24.7122256294142,23.7955183880059,24.4919020901452,24.9684578157008,25.1251044138177,24.492219581821,24.7959776180573,25.3930781600607,25.0555804794338,24.3576558361725,24.6820645355089
Cer(d18:0/16:0(2OH))_B,22.7570164726877,22.8933095584129,22.8107875381705,23.0419477447915,23.9797790400475,22.7795877486916,22.9102299745468,23.2677251869507,23.4469901463078,22.8583734516066,22.8426124312246,23.2934203834898,22.866043375075,22.6480394487578,23.1954681683114,22.6869496030842,23.4893821717209,22.8690312753945,22.0305805461068,23.7433847913846,22.4696127456379,23.3591829291357,23.7138856853218,23.2716120292384,22.4277166206262,23.3342774488705,23.2671394156512,23.2139669759953,23.4112403054626,23.3099044749258,23.0307025638622,23.8313106911696,22.4600848485575,22.9566236203504,22.6073934193929,22.8280351558599
Cer(d18:0/16:0)_A,24.4240800536237,25.0214978275824,24.1415394834449,24.99025826778,24.794747146215,24.6367871482925,24.879569421845,25.2576715222868,24.7762977715608,24.4449578693517,24.4453777544655,25.2180752585741,24.5152330091528,24.4548952547264,24.8064258775655,24.514113006222,25.9437605626319,24.2853990606513,24.7632202148702,25.4860191356375,24.3535493561527,25.0714642599213,24.4914932639853,24.9527243886711,24.8136696274489,24.370437112166,24.2461797970155,24.7293423145621,24.9353995271215,25.5244089868319,24.5239284415483,25.5173593170051,24.4847086355263,24.2872061805483,24.8840922602872,24.8940403409
Cer(d18:0/16:0)_B,24.832965325921,24.7205890224526,24.8714503200772,25.0393190862309,24.9020238825331,24.6533700324881,24.8376479724119,24.6369589966164,24.4283744681405,24.5390800467163,24.5629473508467,24.7906540348395,24.1541831565061,24.4598786622406,24.5840334562291,24.8620363096423,25.4255670741235,24.7574675049665,24.4336903972495,25.2899754812332,24.228513310308,25.1025747924613,24.5103522912366,24.9855676453581,24.8043618852227,24.9790121701091,24.6327888879678,24.7790002008694,25.1106227168206,25.4613568162966,24.9216123740769,25.420146201038,24.1205523052497,24.6296955979179,24.5083347486702,24.6975497830063
Cer(d18:0/17:0),23.3157474318356,22.9557736453596,23.0012181950475,23.3038144491929,23.6511562925862,23.0969766839637,23.6199740999779,23.2543046711884,23.7957939471866,22.9249712003356,23.0590873092322,23.495609234103,22.8322550616187,22.512630329016,22.8098567829658,22.7265923080707,23.530409439981,22.5328366114341,22.3793263666765,24.2059112164448,22.5704873473971,23.7116993438564,23.2070398745166,23.3912974024107,22.7959332631521,23.1266994658451,23.4246806926376,23.0900399796141,23.1678569872101,23.7602972506526,22.8761465485598,23.6185813671839,22.7140599151038,23.0507092478811,23.0340723251071,22.9792876275185
Cer(d18:0/18:0);Cer(d20:0/16:0),23.8604460623431,23.8413149207746,24.0601118841011,24.4052957670588,24.232386074431,24.0848019700176,24.3185101076503,23.9804432348702,23.8527498319987,24.2484480823184,24.2173031869855,24.3558844704364,23.8677121954356,23.739401190863,23.7360365496741,24.3094952866135,24.5703021671045,24.238093345873,23.6506283884938,24.6495178679204,23.670023020948,24.1956841968528,24.3024594395953,24.1310616299296,24.4457881935483,24.8102577123747,24.4370644170935,23.7237177653682,24.5673595073798,24.7440870234714,24.0878293267416,24.6844693028403,23.6521653813779,24.0636628257316,23.7593965128379,24.4938608003483
Cer(d18:0/20:0),23.1622729511739,24.2024136129427,23.2152761331184,23.4587350260203,23.6172089606628,23.1794388441557,23.4355495288405,23.011088552315,23.5073627642873,23.0985074553303,23.1437220546044,23.506664422612,22.9185107949691,23.1626126215875,22.8234993909245,23.3896656352975,23.6958330491884,23.0474097842638,22.658103509056,23.7204843892745,22.8826395197956,23.1367905077992,23.0747674145537,23.4052365933686,23.4870951677052,23.594868678776,23.3081666839112,23.2644270280397,23.5424848387408,23.3208755927468,23.3649389177871,23.8428986654448,22.9085970523874,23.2018988679238,22.9150018429632,22.9809759776713
Cer(d18:0/22:0),21.7491969682284,21.5904062892073,21.6419684739544,22.1466101061633,22.490428450921,21.1976434395333,21.7416526565662,22.4600362690493,21.824552940168,21.4460381352508,21.5952015498513,22.1314529038264,21.2659739819636,21.5010732975936,21.522632911565,21.3713537570206,22.5384767212491,21.4450937167924,21.1008327422039,22.6711767490502,21.1161990320357,21.9128944958724,21.7629399096353,22.0267249701148,21.3037279033508,21.7301475374114,21.776153063139,21.7854939629549,22.1063857239341,22.2899437331949,21.9149310089852,22.8657990675549,21.4532956828949,21.6198627273153,21.6162715707393,21.7169287988644
Cer(d18:0/24:0),21.7254808992545,21.6338455504722,21.5281485743972,21.8025304438179,22.4498579028843,21.2725482485472,21.6117064839943,22.0363996408442,21.8508870879815,21.5976092193976,21.5144702777385,21.7059021778649,21.209187955872,21.0821627891675,21.2214633768444,21.3067446755975,22.4007050136447,21.0906629822177,21.1963400731325,22.5122567935519,20.8146627259796,22.0372548342483,21.9291321922013,22.0049205997965,21.170972694499,21.7390256887579,21.6626241175086,21.8447331663296,22.0650646643285,21.9657806339243,21.6557183141038,22.7301119683961,21.3595812480727,21.6967108061583,21.3173919659588,21.7169287988644
Cer(d18:1/16:0(2OH)),26.5061158224897,25.4062859463083,25.30362373167,25.8397666412525,26.5271496526313,25.5966216152661,25.5632256827559,25.8074584336788,25.8504210259387,25.2971512738941,24.7618514192608,26.7376840213012,25.5442196380336,25.128592512655,25.8445610064523,25.88526861588,25.8577207315653,25.0513248342672,25.2847086557797,26.6001901555568,25.2045676146829,25.9181502213239,25.7300656123772,25.626637812302,25.9799820835279,26.2020735898535,25.5918392597886,26.2531483195144,25.7249007843663,25.6558598404596,25.4825694117872,26.31382592292,25.8969690501346,25.8182517877925,25.8468593540883,25.7204703981482
Cer(d18:1/22:0(2OH)),25.3709303471049,24.9830236797678,25.7868024944339,25.6829998616895,25.7220780785168,25.170825713851,25.1316589934829,25.6029501044515,25.0237086529341,25.5186882578851,25.5660802403317,25.3619846699728,25.1677935880247,25.0010687609329,25.1689959569503,25.4058214036885,26.0697132237104,24.9204526093887,24.5687171907072,26.1427173899576,24.4836098967171,25.4004509475074,25.7380880336474,25.5565459166435,25.3908798524459,25.4837150989148,25.0302240707812,25.6514957274506,25.8892876022672,25.0380327058328,25.7659012318543,25.9405094620712,25.1662443959425,25.1648095491885,25.2512496091676,26.0964531950912
Cer(d18:1/22:0),22.0679853555852,21.7398871878825,21.7703984140789,22.3916208301617,22.5847874829705,21.1840115739455,22.0995003257085,21.8948131633445,21.7182217051083,21.7061900325515,21.585353763895,21.9746805662335,21.4730996466468,21.5800932967947,21.9439294013155,21.8355640982811,22.649408712097,21.7333011938358,21.22178508969,22.9969214997108,21.2249466952878,21.9198978836101,21.4241379961835,22.2062360203863,21.8403273825105,22.3473995760891,22.0195586622239,22.0311462905605,22.4303491284103,22.0179484597895,21.7869628473821,22.8748584068424,21.0770506666131,21.8981638898024,21.6118393244241,21.6799872204763
Cer(d18:1/24:0(2OH))_A,23.998774218891,25.1037977322447,24.2434190974641,24.8916944332964,24.7845872799948,24.0287074079467,24.4119369716186,24.1127505269743,24.6045314232943,24.11897155789,24.4656501494918,24.8263882465727,24.2596324550898,24.1001485346409,24.135207643494,24.8806519878096,24.6776857024781,24.0395476664909,23.5537668492413,25.0308245098867,23.8886633074233,24.3462438734282,24.5654938454291,24.9527243886711,24.4032635769017,25.0476159841081,24.2809452151762,24.624584573349,24.7082220432197,24.4563905634033,24.5364193857315,24.8939226684693,24.3449838718597,24.4502117680508,24.1968018251452,24.5743507182087
Cer(d18:1/24:0(2OH))_B,26.0632629453427,25.9860199322277,26.6404130074524,26.3847344445765,26.3627365683325,26.3442659779584,26.1771916102162,26.3266188760042,25.9209213346403,26.2730051865624,26.5909014124177,25.8889831893647,26.2095170002436,25.4942886930265,25.8171204783618,26.1726785969832,26.020163634291,25.8435199491538,25.8836877348821,27.2763005443362,25.6612528113203,26.0694973952119,26.7618910582326,26.489431720785,26.3208014167097,26.0959299218882,25.8217282673288,26.7038573430074,26.3299899849394,25.6773609096705,26.559552351279,26.2715770753931,25.9956705548037,26.3758866572972,26.7187545283406,26.0060669586341
Cer(d18:1/24:1(2OH)),24.558790362482,24.2971322701958,25.4060392982832,24.8220335553275,24.993075862661,24.698013947543,24.7040383647664,24.6727090215656,24.5308217371113,25.0424734204159,24.7889196624589,24.948974852041,24.421768654571,24.4991380926879,24.5015712960371,24.9126623827123,24.8001697090031,25.02369371529,24.0276980375737,25.0214866453073,24.3205090943887,24.3266150666792,24.7618910582326,25.3912974024107,24.9507513722042,24.9601531428577,24.461517460818,24.7180712022271,24.9870136347291,24.2072188109512,24.7605874319578,24.8019268843885,24.4165371328847,24.4440331931217,24.4223615255604,25.3640233627057
Cer(d18:1/26:1(2OH)),24.1548934208083,23.7313420787495,24.0223922181519,24.1203188083443,24.202171461384,24.2896217619061,23.8830085058117,23.5128376847872,23.434606421852,23.8188901653009,24.1686684117347,23.7586436399368,24.0624405878785,23.4598786622406,23.7360365496741,24.4839930178457,23.6344325045242,23.4896321128689,23.573666406679,24.3985562943872,22.961912289454,24.0596226472768,24.2054977097082,24.3842769747329,24.5989880477761,24.4126653475553,23.8428241027843,24.3236306075554,24.5673595073798,23.5244089868319,24.0003664854913,24.1899973360671,23.9780406607819,23.9807264847496,23.7084125841191,23.9554408855642
Cer(d18:2/24:1),22.5271312071539,22.0526986960929,22.2661904051228,22.2772881546827,22.6622968501914,22.1725524585705,21.9657759659818,21.8703896894053,21.7938561429451,22.0707624648474,22.5804045479232,22.7678621699662,22.1959642607159,21.7845899646293,22.1501720826586,22.2158361793993,22.5911356705217,22.0661058779737,21.2167318619637,22.9286270366123,21.8644157611767,22.0436811034077,22.6266940018658,22.6260427638131,22.1505499767456,22.3931125501339,21.6067153763579,22.196205536831,23.3974345059375,22.470253216785,22.3536897766542,22.3817347731863,22.4735680779211,22.4025771964119,22.1035937715663,22.2496239899686
Cer(d20:0/16:0(2OH));Cer(d18:0/18:0(2OH)),23.7570164726877,23.4740100322799,23.5653471923515,23.6431595971577,24.1634909932199,23.6697644707388,23.5781539242833,23.6727090215656,23.5191399320637,23.5839342825005,23.7727397354035,23.7678621699662,23.0769401575736,23.5745903211173,23.9532672658948,23.7751588589623,24.0650668588541,23.4896321128689,23.3380381581858,24.3015945645001,23.4122252634803,24.0675278453621,23.702997369179,24.0535250294585,23.6621818742633,23.7234528848374,23.6541625387604,23.3545309176674,23.9823970066587,24.2422657580504,23.5113284047687,24.3117426084195,23.5916238394428,23.4867376440759,23.2289931109064,23.7919421532813
Cer(d20:0/18:0(2OH)),23.1189365430319,23.2922991164599,23.3075494348838,23.3212315022703,24.2248915378841,23.3519060401605,23.3083143405444,23.5572318041457,23.3579851402491,23.3500462223262,23.2581665625738,23.7678621699662,22.8776847815104,23.1503342918091,23.0463766702863,23.2333236061281,24.0368699670234,23.25176828277,22.8900502371057,24.2385158818767,23.0179463243683,23.7116993438564,23.1163945100766,23.7160241306507,23.365788871483,23.7122256294142,23.5324839821721,23.1194660935473,23.9731191930707,24.0179484597895,23.0741867187829,24.2346663854008,23.1488413496811,23.437828043595,23.0732872886599,23.1495879886718
CoQ10,21.3497563240005,21.5553335222937,21.4954823854769,21.2258119371917,21.4160330252361,21.4764205819129,21.1276056633888,21.3708186799148,21.5766254267244,21.5340090571688,21.4453777544655,20.984203340352,21.3965580917738,21.6961337369588,21.2214633768444,21.1559647234219,21.1323502758777,21.2840687746733,21.4499310382567,20.8674002373618,21.5286671717024,21.118643161089,21.1884241963493,21.527527023172,21.2824331249876,21.652392379897,21.1695841062285,21.4074142196748,20.8907665311931,20.867442714731,21.5853289862124,21.4620768815039,21.3252880705188,21.4819206277781,21.7432768474747,21.7330484642277
DG(18:2/0:0/18:2),22.4105103550796,23.0389148806598,22.5887638567827,22.3412891546116,22.4472839592205,22.8387835411995,23.0995003257085,23.7607651982308,23.2204816164992,23.1786778040143,22.8006706681513,22.927746358632,23.0536703782508,23.3567851692765,23.1555754411879,22.5839344557196,23.4051236849117,22.3078282418906,22.99412850488,23.0675830598968,23.1491908576465,22.4490684326529,22.6898219804313,23.4729812000044,22.4824337903353,22.5476444698896,22.6814831447599,22.7237177653682,22.2607630662485,23.607398351503,22.144412855108,23.0649612902223,22.8304106990299,22.9635513409414,23.0732872886599,22.5810453707827
DG(18:2/18:3/0:0),21.4688089956443,22.0366047199726,21.7052333674124,21.3212315022703,22.1026357878331,22.2156211804624,22.1483310882408,21.9457970920633,21.4690164526378,22.1838673601168,21.4669915675716,22.0790912882696,20.9876728194765,22.9523949141972,22.6808949954817,21.516495657533,21.5222967941937,21.7333011938358,22.8660447740949,21.7815001639562,21.8613559614276,20.8881113949425,21.7375545912154,21.8906634205388,21.2716666941185,20.4777603757771,21.5934997568538,21.3961431073397,21.0615672200923,22.4098805988056,20.7228325099624,21.3689674771124,21.6080182776935,21.1767821908546,22.0324150072443,21.9416350860391
DGDG(14:0/16:1),19.9121355393546,16.2872554013506,15.6761841892923,16.4446063495195,15.6741447525008,17.4771659681557,17.0087225756351,15.8576661817846,16.1615879274456,17.757214035576,16.8809560321852,16.9791323508045,16.9081688507477,16.3226139096342,16.0067448833934,16.3212090034566,16.0639495010797,19.3104441900976,16.5213453715489,15.9513071487073,16.0810679161526,16.9303396303318,16.1274471927952,15.6093773101488,15.9246665772743,16.6503231904883,19.0417845804588,16.6481977577273,16.278104963022,17.7359130920257,17.1535232735527,17.6595229457101,16.4522064453641,16.3127674305756,16.068702072602,16.5280765156862
DGDG(16:0/18:1),20.9603446323972,20.0640854563947,19.9507029237933,19.0050626766717,19.858710204947,20.1931137810528,19.9021173287594,20.8633349318713,20.4145686686155,20.4110619970079,19.9096514651857,19.734772236318,20.0059736362195,19.8769047146129,20.7716604594049,19.8015804168184,19.3049576005835,20.7333011938358,21.0102809844963,19.053358420177,20.6038245312712,19.3467636698816,20.0781421413343,19.9282194251624,19.6834585338937,20.3560818191889,20.3215871996735,19.7785662423639,20.4730987758696,19.7874433926657,20.2268750153,19.4304748841181,20.1061970122726,20.7173505722173,20.0224309186717,19.7880898277857
DGDG(16:0/18:2),22.6006744435183,21.9508748459467,21.7929762620541,22.2832251796906,22.6421814888943,21.8227453311077,21.9709562050874,21.9154234430198,22.7120782109096,21.9140828841928,21.361313489677,22.0996805577719,22.2012682925758,22.8314855898537,22.4342550278986,21.6352654477953,23.5438299557433,21.7679737714906,22.2343412615571,22.595163338482,22.5927975091222,22.118643161089,22.0781421413343,21.7622471474114,21.8145971074171,22.1485207492535,22.3295799904271,22.967843708652,21.4888088589583,22.9145553105691,21.6419125145788,22.2205222030806,22.5645790164286,22.1127873368403,22.8804119137993,21.7370503947852
DGDG(16:0/18:3),21.0773840535874,20.5259895607115,20.7381837892137,20.2623378132168,20.6578509451602,21.0299779452731,20.7171996128417,19.607073754633,20.5675802871214,20.9632006507575,20.63393394434,21.122856880138,20.6961183736327,22.0106095281425,20.3495682025921,19.7937439225865,20.9016425863292,20.4307384238153,20.9627805608923,20.7815001639562,21.1765295662371,20.5697499150753,20.1440300769908,20.6589931856143,20.8330225818873,20.6476853772195,20.5666996975101,21.1896922298723,20.5146180453079,21.422158928584,20.1246946204935,19.7509275791418,20.1956951631117,20.5153067962727,21.3228258520094,19.7104301615657
DGDG(16:1/18:1),20.635025948309,19.5966925520547,19.4866450222177,20.932876045644,19.6107826915034,19.5806705439095,19.5333354204415,19.7424256075279,19.4988232751208,19.6169226944544,20.5754382950299,19.8792337807504,19.4739763984458,20.3155934819564,20.1145481729279,18.9258081689782,20.3618321220004,19.874345075291,20.6912703729912,19.0679459564,20.4493782618978,19.5608167903053,18.9276363962758,19.3300673646022,19.5454675308213,20.2729405838886,20.0129559273996,19.3950111378498,19.3152334433919,19.6687988961671,19.8027665256061,19.6298629721899,19.4387044582306,19.7271537472477,19.2652874425679,19.9416350860391
DGDG(18:0/18:2);DGDG(18:1/18:1)_B,19.7786882649378,19.6091834962379,20.0089538438271,19.0751782743581,19.792112456218,20.0799031706048,19.9448669762188,18.885789782699,20.022881656614,19.8436935563014,19.8777321313109,19.5158857584831,19.539097205421,20.288958355453,19.6846373971675,19.6378941063559,19.622844530249,19.8601312160713,20.095336754449,20.1051973516966,20.4895673520135,19.0449629293836,19.5383090161029,20.1107892349033,19.3026705965677,19.6904212590958,19.8327365915054,19.6073385816539,19.3246016259261,20.2764814733884,19.4775256966779,19.8069053785013,19.7828255005155,20.0128064557435,20.1379081360917,19.6791554562325
DGDG(18:0/18:3),18.8105975128925,19.4236278430819,19.1288159758243,18.5293741496081,19.0567687790757,19.9991718984919,19.7656981305328,18.6763364170701,21.2262408857878,19.5653644884179,19.9562441594894,19.3371798714986,19.5885093995461,21.2709244326227,19.4913514537192,17.815579723827,17.879795884031,19.2658540390736,20.1171961884128,18.8556777523373,19.8521374313982,17.8909653919976,19.4535389126241,19.3509595323854,18.7313930109574,18.1505184809933,20.1151363222061,19.2917498701395,18.5648912517891,19.8125343736286,17.9293999641371,19.2472786613229,19.304313941425,20.5340433588543,19.7625989448763,17.8676345045954
DGDG(18:1/18:1)_A,21.0265349120916,21.4058385296383,21.2169468861029,21.3212315022703,20.5176732871119,21.4538780132618,21.4280354751832,20.7144715459569,21.0162485642816,21.2959535195365,21.1504167071784,20.8995061757767,21.0769401575736,21.5430039780595,21.0637239138502,20.9737613922011,21.1108705484672,21.2242875463479,21.7307987371778,20.9326178968083,21.8114954469009,21.1724144175299,21.0982263873777,21.3828687803401,21.3808957638732,20.9371919944144,21.2163151565735,20.8364178981176,20.8262778047414,21.4975851987562,21.0218462129017,20.6947376382942,21.0887799591952,21.4819206277781,20.8969000365879,21.0929444093141
DGDG(18:1/18:2),19.4486713500732,19.4236278430819,19.939412910574,20.2861845551711,18.9531748889505,19.5384423085202,19.3466807803415,18.8056194340151,19.5437940342571,19.8172213449403,19.3682218590192,19.9714922886024,18.4722223617058,21.8437378506777,19.2700981520953,18.4067207994772,19.227235305159,18.9325596892363,19.6438675037604,19.3129677386682,20.2671749306771,18.8795153712541,19.2242004256748,19.208145610395,19.6305096539447,18.9418135521548,19.7714664481647,19.705570418658,19.23801394093,19.8614439741095,18.3292029497208,19.3154072323619,19.6145242415529,19.387201970525,20.1982807540711,18.3580591255889
DGDG(18:1/19:1),20.8766867033503,21.4094139838622,21.0986840044831,21.2071962590243,21.3948165393264,21.2289589799995,21.2434396744401,21.4576961305947,21.2659245872603,21.0107010743615,21.0321538255586,21.4320840963178,20.7764917900967,20.6927510975642,21.4005193900388,21.6042385521747,22.3125044096369,21.2131469887427,21.6126605382948,21.7273927586167,21.1566983943155,21.4919947575609,21.2555383922078,21.5527937817824,21.4252898832317,21.0341537243015,20.9658707913299,21.0671255876661,21.3117046319116,22.0152493101885,21.2573771036973,21.8589670340725,20.9921617690266,20.9373990530855,21.0357277412852,21.2580036555846
DGDG(18:2/18:2),20.1444982494459,19.9896072404354,20.134484725911,19.78506318181,20.0184406604166,20.2980833406543,20.1687629881456,19.1357680357074,20.2088936422239,20.3932507208914,20.4829920462653,20.4822302043018,19.7693673556633,21.3716694063625,19.5727686301333,19.201691997079,19.7853312000275,20.2572021688207,20.2615860977479,19.8556777523373,20.9065852154206,20.4197244710707,19.3897864913928,20.0833084984812,20.2333385754594,19.7843314298946,20.2671394156512,20.510314127259,20.2079567070738,21.0206425689588,19.2464704953752,19.3906051263709,19.7208597472092,19.8518702375284,20.8144378763959,19.7266221950683
DGDG(18:2/18:4);DGDG(18:3/18:3),19.5971938747833,19.7169867857724,19.3000026258305,19.2009372685526,18.838423190802,20.0401021625468,19.8010312036451,18.2826094240367,19.9961643182382,19.596831276515,19.763599081547,19.3607666918162,18.5933587992075,20.504935937226,19.5516119785367,18.6308736786781,18.7035069770738,19.6744075047822,19.7057699426863,18.8112836329788,20.3568121431617,19.1840962225776,18.6034616956281,19.2581573785628,19.1928234157207,18.4346916538853,20.0261313161474,20.2844327198427,19.8986286489661,20.3974968743497,18.2634008913251,18.2885406265092,19.1449141198454,18.9694138602301,19.911399606283,18.5449761160751
DGDG(18:2/20:0);DGDG(19:1/19:1),20.4735625256149,20.8280180981612,20.6812279044016,20.8711470558923,21.2721972526624,20.6615905392931,21.0708365674564,20.7607651982308,20.7938561429451,20.8305181675537,20.7353792078996,21.0820506637501,20.8046428304108,20.297891480223,20.432030362784,20.6742011103422,21.228565591137,20.5942371560982,20.3193015956042,21.4157655844194,20.5440151360359,21.0178024715821,20.9732997754768,21.1707713397315,20.3299118351544,20.7478495391449,20.5576545579071,20.9016355575641,20.8907665311931,21.2306777837752,20.8722101340006,21.4255510054788,20.8751223478363,20.9721644712461,20.7832432547923,20.8632471873544
DGDG(31:1),20.006994725696,17.9645497828438,17.5495222251898,17.4929507413582,17.4555044660255,18.7555194239911,18.4014237449359,17.5271929777643,17.3590339916518,18.6740964028417,17.6660581473957,17.8237386681587,18.0418932104744,17.6247980692231,17.7127667703513,18.0066760146739,17.3249953538201,19.7301784760779,18.3398985002113,16.8922036283624,17.8045028597593,17.2742940315491,17.6367988795022,17.5366741164191,17.7532288121979,17.2971881301353,18.7430224701505,18.0854861247874,18.223063599464,18.8000434294454,17.5344280879124,18.5000447317029,17.5666774823126,17.2758408615773,17.8525059172294,17.3538955006474
DGDG(34:1),21.9805225143348,21.9484191942204,21.7929762620541,22.3212315022703,22.105903501667,21.5979072488348,22.1911308011741,22.5572318041457,22.7585230698328,22.0651488583838,21.5248122219599,22.1456667630461,21.5746802461827,21.6550090035726,21.5268085875361,22.0248657331491,22.1108705484672,22.238093345873,21.4881785076137,22.7296882166044,21.105894023644,21.7177399460137,22.5412462991824,22.3047097174146,21.8656067909589,22.1518487669713,21.5576545579071,22.2315124055669,21.9334874061777,22.3339317455723,21.8523653226037,21.8172811312656,21.7178415556462,21.5525397024716,21.4623002709305,22.750970372225
DGDG(36:5),20.3445760848949,19.9110738378888,20.0334328199127,19.271923862046,19.4390163432369,20.4193896368765,20.0562882588872,18.7269624901401,20.0875873460018,19.882512805192,20.5144702777385,19.7226867621604,19.4563393200992,20.9180434094064,19.5888344424929,18.9654140494876,18.9492172849884,20.0474097842638,19.9688043485201,19.5537874106864,20.7826726117351,19.7249554405587,19.1180348684579,19.7561689769485,19.8432389779304,19.2875379601016,20.2671394156512,20.1297101250441,19.7184745152069,20.9029206100857,18.3565102957166,19.2694318035615,19.8546582452766,19.7352724802146,20.4769967821372,19.089192274453
DGTSA(14:0/15:0),19.813600001054,19.4516422192515,19.0258276623915,19.7200196499041,19.5371694627377,19.7750485890764,19.3703968493153,19.4023112273183,19.1567709111478,19.6245762669979,19.3191538163833,19.3724170515551,19.4057766218031,19.0934942615235,19.3570920529739,19.3943370750214,19.6996751154828,19.8457759230942,19.4696064015773,19.1796221928231,19.0692355530652,20.2298999121907,19.0062689061215,18.8938306996175,19.8300902738841,20.07679806171,19.6439426964425,19.3536571748078,19.1616630547999,19.2399555973632,20.2268750153,19.146147527238,19.3498660932394,19.242052548121,19.2263860917515,19.2092861199433
DGTSA(14:0/16:1),22.6644268647496,22.1605934372481,21.9255837572106,22.5303729001089,22.1975841918883,22.4405636599809,22.4448873934198,22.3782616631003,22.1157842378325,22.3523526897094,22.3084185412449,22.1428351722629,22.0711578049796,22.2503631101404,21.9282307149575,22.1030444091461,22.1072592949148,22.512532514979,22.7129654440905,21.642225375354,22.1213240642136,22.480198330097,21.7545276698191,21.8747218766698,22.5441261127415,22.8353123803952,21.8922300290776,21.9016355575641,21.7544450599803,22.0656890487357,22.6557183141038,21.8680692411797,21.9573963508659,22.1737983324158,22.0090104029094,21.7647573239551
DGTSA(15:0/15:0),22.3626261242516,22.2649300970628,22.1485599111227,22.3805867798868,22.2575801565902,22.4037927818255,22.4780119489622,22.1008026736699,22.3814018046803,22.6733586400841,23.1670186745156,22.5901051787655,22.2960312158198,22.1254596231701,22.187577382692,22.453230764075,22.5004373602299,22.3617910700979,22.2762328737123,21.8962963829963,22.6399841945666,22.8223569494588,22.2435657505417,21.9374576320177,22.5101787808182,22.8497291531641,22.2391250394816,22.0201751727395,22.5273515352157,21.9601779276949,22.4090783465207,22.0904616625162,22.6039371008817,22.3690546238147,22.2926829787868,22.4433191917285
DGTSA(15:0/16:0),23.8694912019461,23.3677513448894,23.7612674023267,23.5102653266604,24.2619808566193,23.7490533805434,23.7612200254137,23.6927467748021,24.9902533557486,23.7241119405488,23.5754382950299,23.7400279617695,24.4103638912988,23.3460587626835,24.3798927394489,23.9615719831932,23.9588674550222,23.344026790622,23.9688043485201,23.165787331411,24.3371238082396,24.3847180212428,24.413490751984,23.2486020511919,23.975842353167,23.6780099140762,24.3804808887271,24.116035188147,24.3694201297679,23.195344710663,23.4063588451671,22.3880763000601,24.850358107843,23.9285752026985,23.1020144664925,23.4700140583939
DGTSA(15:0/16:1),22.5087233651953,22.1605934372481,21.9132704957718,22.9081163151225,22.6645146754412,22.1423256711386,22.5210271614039,22.1538055952371,22.4069821741437,22.607298275566,23.0065540023223,22.633112757853,22.0740518782488,22.2364909355588,21.8963113810827,22.287342144375,22.2351986834694,22.320860806043,22.3098412663552,22.1876595118885,22.5779624679592,22.5382389423301,22.0161552544386,21.757908211687,22.4130945862614,22.7256878892207,22.2726775991926,21.9135423242483,22.4625295341594,22.5014478383886,22.4650347524947,22.5775540989238,22.3692314181064,22.2663475756506,22.0813246077253,22.3418577069032
DGTSA(15:0/17:0),21.717488108501,21.7398871878825,21.7884888710618,21.7690751466324,21.5941253475498,21.9965747870059,22.0192624019037,21.6338530857486,21.5675802871214,21.9811970800514,21.8590535782861,21.8059493547152,21.3779424136064,21.5430039780595,21.7178892029639,21.8124804851681,21.8024047133864,21.7176195716035,20.9985516919142,22.0102008377608,22.380516403753,22.3643262324116,22.3590429679617,21.9602976083759,21.5009896093636,22.4015247899501,22.3162339651793,22.1297101250441,21.2638099418073,21.8554201864817,21.3565102957166,21.6844693028403,21.5624774937833,22.1497026567983,20.8748737302579,21.7608316207413
DGTSA(16:0/16:0),23.832965325921,24.9342175019931,25.2227793314051,25.2009372685526,25.4310919257179,24.3969157750781,24.6485432521747,24.6265798508364,26.2683689458957,24.3954891930874,23.6122750632103,25.0506702491103,23.9168997450631,NA,NA,24.9615719831932,25.0604054814842,23.6735949477115,22.935357865427,NA,24.4381271269231,25.5060243174649,NA,24.6589931856143,24.3846478987344,24.8466519496351,23.7955183880059,25.3854958631402,24.1808105650607,24.905838093468,NA,24.9856388375609,23.4957638240353,24.4685902973656,NA,24.8485256816477
DGTSA(16:0/18:1),26.637675526723,26.5549300276635,26.6497207496786,26.7272238619462,26.9505418188224,26.600902612594,26.8126191779203,26.7889620900614,26.6667378463887,26.6603863429384,26.8207451083143,26.5895853823121,26.413223545438,26.8210661875752,27.2595985057312,27.3683889756671,26.2442696738844,27.2804041507309,27.3639814254381,26.818095185901,26.9385118568739,27.2224842561965,26.4899104936226,26.5040784967494,27.054499297042,26.5211898043334,26.5077473038506,26.3765627383702,26.152322008101,26.5291469058386,26.4499278601045,26.6050348353459,26.9441402541636,27.3026545796369,26.8421369438459,27.2513737719186
DGTSA(16:0/18:2),26.8120057072853,26.5346100432839,25.7410895203891,26.388181746195,26.7033241184514,26.6430280882667,26.3235810971977,26.3346116667578,28.441585341867,26.8147144893297,25.9220284441515,26.2886247168881,25.6833823857052,26.1702338492468,27.690232860061,25.4839930178457,26.2626482031993,25.9353588162189,26.487129656211,26.224341921852,26.5798252119764,27.731737097093,26.329259498939,25.9855676453581,25.8321068757056,26.8543326867167,25.6908210093392,27.2550992258845,26.1042625520412,26.6428036876342,26.2671530261862,26.054533918772,26.366222668234,26.6831348568794,26.3105707001028,26.9184745592102
DGTSA(16:0/18:3),24.5248430305586,24.3631494429303,23.4844271969679,24.0610796049697,24.5528183733929,24.3820680106707,23.6199740999779,24.0046907811169,23.9253535809555,24.314999275227,23.7618514192608,24.8086317757685,24.6376551120481,23.2799695722257,24.538229766616,23.7751588589623,24.6406914949959,23.7999722334811,23.5537668492413,23.2401269317827,24.7466443025509,23.6913793594768,23.6472879365927,23.1609459098755,24.3530778197335,23.9696134721068,24.833486238205,24.7735663148188,24.0545467924145,24.6985462395612,23.4199053770051,23.6972933431979,24.4223427545659,23.9461692627132,25.2829584688949,24.5231253948535
DGTSA(16:0/19:1);DGTSA(16:1/19:0),23.1827370537336,22.8010510505609,22.7497717634889,22.8169266648944,22.7712715762862,23.0350489348205,23.368435332982,22.7378040497875,23.1570724463231,22.8872925833053,22.5952015498513,23.2011618756378,22.3638213053618,22.9381810549775,22.8520685431213,23.0114139336805,22.7431387639667,22.8055460783057,22.9911721615486,23.1452990101649,22.7215533215881,23.3847180212428,23.017913566711,22.5726933392201,22.5619099439774,23.2637416470422,23.0681388426689,22.6662322707075,22.269884456217,22.7651250132421,23.0447606048497,22.7350953759103,23.038258183616,22.6883715052456,22.2476829941474,22.6695555406023
DGTSA(16:1/16:1),25.1287636889837,24.6988394390622,24.7087999824326,25.2920851566108,24.5528183733929,24.8603704034076,24.8692027062867,25.0363996408442,24.4531423732894,24.9654625195891,25.0881447067095,25.0879512651898,24.7994061820447,25.084100593409,24.608865309209,24.9126623827123,24.1726467460539,25.2138457996263,24.9650424297239,24.4271254465839,25.1078318278855,24.7515003519144,24.692026251358,24.3341534953071,25.0874877089959,25.3560818191889,24.9242517021281,24.3890536825534,24.5298848019612,24.768334569718,25.3649389177871,24.0470393822251,24.8674822856342,24.5513906024182,24.8086400318578,24.7822919832476
DGTSA(16:1/18:1),25.9696278732315,25.5848832497651,26.2718275126499,27.1078278641611,25.9797790400475,25.6073003837921,25.7630875920705,25.7607651982308,26.4623218000638,25.7527683991718,26.4178970180434,25.9428832383141,26.2863935232026,25.8054903813208,25.9376704108438,25.2209586120119,25.777627140352,26.238093345873,25.8796968746861,26.1577121281874,27.6424371892761,27.1025747924613,27.6529566866794,25.3377920723704,26.5130384349575,25.8023380490785,26.1666125396972,25.7460855783967,25.6771343654356,25.7703369226292,25.9263659040475,25.9132879933362,26.61715893155,26.4315960898834,25.5581383045908,25.6505863040357
DGTSA(16:1/18:2),22.3880263409282,22.3077085557823,22.0243018081605,22.5986212010812,22.2808969476128,21.7067793130594,22.0947624067018,21.9820724784549,21.9551370499782,22.2959535195365,22.5579205337719,22.3849330029469,22.2326893902516,23.1503342918091,22.8201008144626,22.0709831999138,21.6218324677446,21.8813998328249,21.935357865427,22.363509347288,22.4122252634803,21.7767943720783,22.3919575904344,21.5427401171185,22.3708420992093,22.4935853429388,22.3995897116748,22.0635677682529,21.7587709853831,22.2236800576504,22.0111463242445,22.4799987895012,22.4025075729807,21.7893004140963,22.0324150072443,21.9276958950813
DGTSA(17:0/17:0),22.7686668324266,22.6550843468465,23.0877682270039,22.5001054604401,22.2428134458813,22.9570464228193,23.2455785851964,22.6747253671641,22.9534019986074,23.266904987026,22.9151654578582,22.7861243763589,22.8219623066109,22.64103606102,22.6544227841205,22.3177157934185,22.9140975849021,23.265314814608,24.0491777649841,22.9246251060548,23.186343856064,23.2932949934792,22.4736662670134,22.8443482276263,22.8548269522057,23.0715359463046,22.9760906336478,22.6088039906584,22.4465290554657,22.7890244284852,22.9785621151729,22.5995804052538,22.6161461585769,23.0359960831154,22.7733549704278,22.5149909671123
DGTSA(18:0/18:1),24.9821913346954,25.1526153798245,25.0601118841011,25.1732303393828,24.9345497860545,25.1737024746066,25.3879315086078,24.8211767149266,24.7007467385536,25.314999275227,24.9653848133459,24.8910939359605,25.2045734372995,25.2771490531633,25.4281289251017,24.8713741742216,25.176959738925,25.3472150682531,25.2542065673823,24.6188862492667,25.6006170135815,25.3815507421641,25.1302784642126,25.0040048936148,25.1803572837732,25.0829130362214,25.0705254355058,24.9951807932726,24.9962028061837,24.8985332928447,24.9638406094662,24.6253072303722,25.1558277799972,25.1228788687226,24.9381996656267,24.5910294593553
DGTSA(18:1/18:1),27.4008726624624,27.2152376533003,27.47223778796,27.3568554120011,27.8383740786153,27.3944517351266,27.4736846577273,27.3739245907826,27.3248182763139,27.2911525332727,27.498817013427,27.0712939212362,27.1387163551603,27.7104221238912,27.763942546244,27.9993269051886,26.8790548732441,28.0157009245365,28.0366868208009,27.2263753190045,27.9430415153544,27.8849833573887,27.2093500352038,27.1764720896195,28.12628998011,27.3650706024161,27.1174464828933,27.1224614573064,26.7738103848473,27.291896525775,27.409757421629,27.5388924785547,27.6422499125128,27.7219541057699,27.5908797057884,27.6988327488898
DGTSA(18:1/18:2),24.2199884490302,24.2777017402469,23.839269914328,24.4717911788457,25.1634909932199,23.9835186341805,24.0696297961264,24.578926875245,25.1080068872407,24.2044409000793,24.6363205371769,24.4039787586375,24.6667036445586,24.6808490085079,26.0009482427486,24.224606389027,23.7078056908544,24.5462156412353,23.9307363076866,24.5294871642136,24.1174819979192,24.5461814439369,25.9917586001312,23.7491909945859,25.3939857633137,25.3084153855586,24.3215871996735,24.5629215534652,23.9064481534254,24.3371774050759,24.39268390827,26.1250418942263,24.7977311771918,25.7917353430134,24.9514152851309,24.8760064180698
DGTSA(19:0/19:0),20.5017594174456,19.670065738385,19.6715127495684,20.1103347197717,19.792112456218,20.0401021625468,19.9448669762188,19.3728072330082,19.895665242287,20.1067279621352,19.4851120981397,19.7615999832683,20.1111558729115,20.0241306677961,19.6696091879352,19.9157344469651,19.1674540768336,19.9023594514606,20.0619137529116,19.4031655476398,19.723239698216,19.8737561019654,19.9732997754768,20.0223903798509,19.8461447091059,19.9371919944144,20.2220515261226,19.2696861344735,19.4172732530298,19.6127648612528,19.5891710525068,19.2694318035615,19.9085970523874,20.0392786671047,20.3550062577586,19.8231491187469
HexCer(d18:2/16:1)_A,25.0593157608261,24.8145975823989,24.4350391700058,25.0610796049697,25.3158860701047,24.9129653543552,25.0205120295617,24.8526876876718,24.9209213346403,24.3672555123585,25.0881447067095,24.6972430952727,25.1404430998798,24.6722869950045,24.5433914717318,25.0003912320837,25.252466826851,24.8367307834912,24.6317693612425,25.0539081229997,25.2838403843413,25.4943425124173,24.7878862667655,24.9715834159224,25.091319570587,25.5387741167051,24.701126017731,25.0591081200622,24.795026870757,24.723564699598,24.902440064802,24.8771143807827,24.4957638240353,24.4000260108826,24.8230911881553,24.8345864906898
HexCer(d18:2/16:1)_B,25.5191066610095,25.2825839616267,24.6666305281887,25.4222091499952,25.8831030206359,25.1269714242616,25.2954674609888,25.2201968168681,25.1273722121077,24.8188901653009,25.3720933284303,25.0354838452957,25.3157270171607,24.97693709846,25.0398172978513,25.2712068018892,25.5604319230804,24.9709310544165,24.73257000203,25.7826061011823,25.2403387457047,25.6759493189072,25.0722311788447,25.1764720896195,25.5130384349575,25.804982770334,25.0705254355058,25.6094141387076,25.2630488259675,25.2960722017462,25.150113604996,25.6519014403839,25.0989654430415,24.8182517877925,25.0932972493914,24.7578803172077
HexCer(d18:2/20:1),23.8513438552358,24.2530396860127,24.1149043569414,25.082516775632,25.8663412299517,23.3519060401605,24.1287649202137,24.7936084549178,24.9732302079063,23.7851413739463,24.3247876136519,24.0805717348242,24.0404142815485,23.6722869950045,23.9454899153031,24.9789540614215,24.7078056908544,23.5682419475653,23.3838418477989,25.729114694418,22.8459588564691,25.1102487203467,24.5774664870952,24.611687470836,24.2539980460255,24.1216165655519,23.8795826527944,24.4852689978127,24.7304177893339,24.823375933276,24.1541718215703,25.2169643836674,24.45102550927,24.2802867666085,24.90235446668,24.9554408855642
PC(0:0/16:0),22.1021519587363,21.9034873434169,21.3324241035229,22.4025711297223,22.5078255011556,21.8802308257684,21.9709562050874,21.6827626862295,22.0425998912285,22.4264684977848,21.934688016123,21.6189188762702,21.3872802781858,21.4737413156224,23.356622960126,21.8695114302044,22.0330683968636,22.2325868695664,21.3003184922367,21.8798552359347,21.2201774511399,22.3847180212428,22.8424867088528,21.9753258176082,22.170972694499,21.975260035248,22.6605133709128,22.4407086597732,22.7823344571538,22.5747732040085,21.5413856386248,22.8219728265903,21.9952811108707,23.7193984008662,21.5436678217825,21.0613743303132
PC(0:0/18:1)_A,23.9738278617608,23.8869117872148,23.3553609148,24.1203188083443,23.282341810068,24.257441356157,23.9369473129225,23.3201926068448,24.2839845588053,24.412167934234,24.1183367361845,23.7306292637672,23.6425373334278,23.5373574149184,25.4112879357244,24.1877068062155,23.0003440909983,24.2585574484327,23.7847212840811,22.1504484327915,23.7631324253395,24.2729271957852,25.1584491369038,23.8847059652424,24.1253558945864,23.9883500346884,24.5946056940799,23.8734648848729,23.9823970066587,23.3745135563489,23.6557183141038,22.6373353272492,24.3078308734422,24.6187660377597,23.3838873777457,23.2910439173486
PC(0:0/18:1)_B,22.8676867050993,22.4808232446634,22.0470218846606,22.615190481299,22.2952808657755,22.5561878587102,22.4707163832717,21.9853254562499,22.9003557642458,23.4717247789145,22.8692349546344,22.4550940743643,22.0389338349939,22.6000931702663,23.2469984689515,22.7286488943646,21.8463927257637,23.3182636945569,22.3542353857136,21.7088964149993,22.2368012816335,22.9040921803364,23.2981248493314,22.5198598924203,22.5396456897589,22.4671131315776,23.9330219117559,22.620958190943,22.6134714322342,22.9346929561402,22.1080543548056,22.5719945735819,22.7216133095355,22.9687253872794,21.8259641297769,21.8705519879776
PC(15:0/16:1),24.1696149265151,24.1175247153562,23.9438588156052,24.5102653266604,24.202171461384,24.3365852408767,24.3733341323948,23.5572318041457,23.7957939471866,23.6603863429384,24.2948861279381,23.7861243763589,24.1812768173883,23.9020213916821,23.7716604594049,24.5021403645559,24.4182990736594,24.238093345873,23.9536974561299,23.7547001046124,23.9971877642015,24.4706912443526,23.9065307632641,23.7160241306507,24.2743658437194,24.2357875854712,23.8051044368351,23.9716452788118,23.9543826304891,24.083836395446,24.2098198511202,23.5775540989238,24.0169296741755,23.8652492673296,24.0972661515943,23.9468277552595
PC(15:0/17:0),22.8495165021848,23.2024136129427,22.7589755908188,23.1219761262071,24.2248915378841,22.8745842626273,23.8411883301171,23.5015223715594,23.9775048630066,22.934239080436,22.498817013427,23.2934203834898,23.2404388898565,23.6636738646997,23.699510673649,23.7348011213462,23.897466910358,23.512532514979,22.6692440666612,24.002627618056,23.4122252634803,24.1442850443461,23.2039538946429,23.0049205997965,23.4155419066801,23.4671131315776,23.3215871996735,23.3646856758181,23.5298848019612,23.2651661601605,23.3222945803786,24.5353258635345,24.7615488408851,23.5685317352395,22.8618680204331,23.7822919832476
PC(16:0/16:1),26.4039886356842,25.4416370575054,25.5085013319468,25.5197256559094,25.4791328252599,25.603038356938,25.7252690428175,25.4986796217905,25.6100484282619,25.3090744412699,25.8207451083143,26.0861099183656,26.1507603908653,25.8403024064381,25.804277410987,25.612058056634,26.6822439844404,25.7882904284334,25.8955945015663,25.1809648593145,25.8467326269574,25.714219335835,25.1221276230917,25.0928141605726,25.8970335123263,26.0894361598027,25.7139046224523,25.2897718035393,25.633632726799,25.4613568162966,25.7310064414081,25.3200578766315,25.8373802538448,25.7647223913757,25.5866509923332,25.3313077875623
PC(16:0/18:1),25.6896701643613,25.9709760520032,26.6025696563077,26.1812010504914,26.5240995562713,26.057027303916,26.0514060375075,26.6802558306189,26.1597081942274,26.0371069106661,25.8363983726258,25.9120332736528,25.9269394170397,26.3963135334632,25.7064300875888,25.9035887990868,26.1962102178246,25.6887547548825,26.113462591352,26.2644751089394,26.070229715301,26.731737097093,25.9895201279352,25.911811195405,26.1946769550903,26.3578840618229,26.0804272934625,25.4919020901452,25.5765780374092,25.9907269910545,25.8128647108248,26.0344613161456,25.9621867095811,26.0656763571693,25.7315785686982,26.0649606476877
PC(16:0/18:3),23.1021519587363,22.8010510505609,22.5758015499887,22.8432872514313,23.0184406604166,22.8094892344054,23.0876262254202,22.9407790172967,22.629736763184,23.0033814491174,23.0837795141481,22.9028573852763,22.7386897573843,23.6550090035726,23.0723199375386,22.4557160274646,23.038767002196,22.8654778375367,22.8595752787653,22.7479215719814,23.0041405248433,22.4295722570271,22.3139550784331,22.3687107173435,23.2877863594818,22.7279194365193,22.695982714455,23.2139669759953,23.0474920348806,23.426228592893,22.5877314764277,22.563614907966,22.6930818251248,22.5708019088644,23.5894715113956,22.0517670026392
PC(16:1/0:0),23.4302061564205,22.2350182783746,21.5281485743972,22.8332054840521,21.8725897939532,22.2789745177066,22.50504637601,23.2407581393504,23.0923252650085,22.7523318141962,22.5273861656238,22.2361217139916,21.6772099110826,21.8003918207521,21.7646057018709,22.6890634423501,22.403652297695,22.5594717379375,22.5617596399948,20.9796664696127,21.915463366767,23.0356437843423,22.4108166176857,22.540215715703,22.3556290052628,23.4935853429388,22.8741282227023,22.390474357253,22.6627790724585,22.0286948412535,22.3480321417922,21.3880763000601,22.7806576638328,22.7657135937787,21.3864844892318,22.450648733527
PC(16:1/16:1),25.8918590149745,25.6543311779227,25.6605044253918,26.0393190862309,25.8148547196636,25.9025986387969,25.8983837316986,25.048113061408,25.2943018497908,25.9445947718766,25.9390444211671,25.6948285423394,25.5337463068041,25.4322544145323,25.7427833821147,25.843177282391,25.3851322097242,26.0571775605127,25.6576374470132,25.1767648707853,25.7631324253395,26.1884526276217,25.5503869530389,25.3009866313719,25.8882499537431,25.9743204747843,25.4401438100254,25.6779140757551,25.7976571268016,25.6318325698132,25.7947823518414,24.9105373823202,25.520332545257,25.7965929066627,25.3476947261223,25.5085672991633
PC(16:1/17:1),25.2957559566482,25.1972519078269,25.0877682270039,25.52286536344,25.4505006719041,25.4500864340994,25.3975816786415,24.7368393589853,24.6480877892811,24.806326703837,25.6303466361323,25.2997899083655,25.485652018603,25.3832573806377,25.1623013043762,25.5523518105097,25.7832958904387,25.565506979844,24.9911721615486,24.9592712488616,24.9654789044742,25.5348215817724,24.7407522911744,24.8896722181358,25.8321068757056,25.9045184438849,25.2033243180537,25.3783537938962,25.2047894279951,25.2393774787256,25.6840629397978,24.8078517183456,24.8589456036797,25.0955468867514,25.4128387514418,25.1555805000535
PC(16:1/18:1)_A,27.6832723931631,26.9107585291691,26.8740998984911,27.0545858428842,27.1810256525124,27.0554684760595,27.1127429024893,27.1108901849488,26.9429476409702,26.7936528738019,26.4872951435318,28.2045604520997,27.2062231745186,26.9417476699977,27.2517363879582,26.8829621484969,27.477192762713,26.9332387643445,27.4739542674632,26.6403964779518,27.5856308336576,27.1591583208277,27.0890558014861,26.6355342127904,27.2123789568237,27.3195559431638,26.7341178433418,26.9282889096174,26.961437388023,26.9021903164528,27.1901910443713,27.0445325266145,27.2188971450219,27.5091054571044,27.4032527026127,27.0347986771774
PC(16:1/18:1)_B,25.3709303471049,24.9890099748335,25.525454465228,26.3916208301617,25.6843231565214,24.8991264468901,25.2240454236468,25.2236441184866,25.3936090499798,25.4503511281219,25.225251940101,25.5553904624285,25.5363717762109,26.4092525891707,25.6525131941119,25.0173145351202,25.9259335656601,24.6786659372589,25.1652015613236,25.5748790670276,25.1523237471315,25.21360610485,25.3625068232652,24.6934815619996,25.6647558179271,25.5979220027536,26.1460156350901,25.5534405004543,25.3080195851038,25.6006620200071,25.2558672186397,25.8486579347335,25.442480400137,25.3839780696507,25.4096504738108,25.2978330830112
PC(16:1/18:1)_C,25.6716844188879,26.0954984090262,26.0763091116289,25.5165791005926,25.4537102283799,26.2655540019443,25.9777271630649,25.4958312594815,25.1615879274456,25.9692244383853,25.8363983726258,25.6924099415368,25.6498298259942,26.0629677811461,25.676203300157,26.0319613110846,25.7343862899578,25.5378682985218,26.4606574448498,25.4826205591756,25.9866953903839,26.0436811034077,25.5774664870952,25.8747218766698,26.1140994392433,26.2180371833338,25.6381620600667,25.556607779533,25.3834953149797,25.7006477622065,26.5317479460076,25.1717351296744,26.1488413496811,25.9570575788559,25.7366764363378,25.811050976229
PC(17:1/18:1),25.3993121484748,25.4262774214958,25.8338360282774,25.5569585621084,26.1516816909303,25.2843079620097,25.4166905015892,25.5599615969012,25.195010928983,25.3297057740421,25.7258859219729,25.34668553359,25.0841356589778,25.3051091345042,25.7869735148994,25.453230764075,25.5801053421349,25.2277514016515,25.6270158312719,25.661590700221,25.8924154422844,26.2695044301445,25.4562647756743,25.4828740047628,25.4695367963209,25.7863670921667,25.6028733100635,25.0091199842305,24.7791438291503,25.451407155889,25.2520855780972,25.3809401187785,25.3782202013336,25.3145566686932,24.8373990248392,25.2033683990077
PC(18:1/18:1),29.2999437536116,29.635850023047,30.0396062286664,29.578619344963,29.8151666874539,29.518440452402,29.6199740999779,29.6644885147606,29.299432957894,29.490824878109,30.0051696794518,29.4693617841076,29.2388278399505,29.6103262891836,30.0579646445615,29.7500678779995,29.3444902252269,29.4623247668732,29.6096517884225,29.4817696626362,30.0871083488757,30.2937162798133,29.5860108627696,29.6135647580767,29.6908773072637,29.94104431991,29.7294057159925,29.0927697723696,28.8769038778114,29.4977664911988,29.3155160477476,28.9705319451707,29.5019453404516,29.5274839864192,29.0458259265039,29.2448011179951
PC(18:1/18:2),25.5892222586959,25.8479176555989,25.5355315379159,25.3103705096386,25.7794803895617,25.8094892344054,26.1345472728077,25.7702255274799,25.6825339352956,25.7658048888487,25.5939742464673,25.8805091853193,25.5777422106308,26.7718226685554,26.2438311898728,25.8312639608475,25.4255670741235,26.5600214407603,26.227762899088,25.3054468899957,26.3260686197306,26.0133074543642,25.9440054686828,25.3594329037554,26.2228968287377,25.7729215611017,26.1116641302993,25.0768645908663,25.5704389003118,25.5756894917756,25.7791007296091,25.9432035712405,26.7150062549481,26.0796929355506,25.8134731855937,25.7847105840502
PC(18:1/19:1)_A,24.5133473917208,25.1256986468019,25.003155999289,24.5415614571499,24.988657191394,25.3969157750781,25.2186115375962,24.6877633672879,24.8102451034841,25.1391494398276,24.7996063412562,24.9078696487113,24.7138547379295,24.9804092903668,25.3536876691015,25.0587741422186,24.3046422918639,25.019702855094,25.8371124818096,24.4757992933196,24.9902013338854,24.6759493189072,24.7513603907404,24.8545439947322,25.7855642897685,24.7996884706645,24.5723242467039,24.7844136970558,24.8719204702971,24.8078629339047,24.7973794633274,23.819628886122,25.0014996336059,25.4409339544628,25.0199240630611,25.2566104202847
PC(18:1/19:1)_B,27.0886597224082,27.2959254988658,27.0601118841011,27.0105306628062,26.9952801335877,27.258796635769,27.4095543203076,26.7536290169492,26.7314435357765,27.3282418520079,27.1992567315681,27.3265509764783,27.0496328115779,27.1943547043811,27.0758865525588,27.6720653659982,27.2298116211907,26.2953372977074,26.6005877059943,27.1640910407501,27.0768400134219,27.0832094675944,27.1703559035879,27.0267249701148,27.314258570843,27.9045184438849,27.1270325317225,27.0568731156789,27.1063857239341,27.2494612594546,27.2098198511202,27.0063973977277,26.9135519343302,28.0207162160783,27.0509509586818,27.4549071660037
PC(18:1/19:1)_C,23.3549180291163,23.9186206469421,24.0507740195217,23.9719960613872,23.605713321825,23.9965747870059,24.1054009271482,23.3583277357316,23.7860787923534,23.7241119405488,23.8363983726258,24.0278302727522,23.9249370641286,23.8345584239033,23.7450253329014,24.53188770795,24.3962727673294,23.6837191649852,23.573666406679,23.9738686250746,23.8659432309232,23.8827448851927,23.9347276550948,23.8443482276263,24.1328116995054,24.07854784366,23.6541625387604,23.4651847517694,23.7522772232976,24.0966604358035,24.2330272422816,23.8657990675549,23.4735680779211,23.8466335891623,23.911399606283,23.7822919832476
PC(18:2/18:2)_A,25.2305576907404,24.8804855180553,24.2597209097932,24.7217694318541,24.7692120541079,24.6738341350478,24.9984857232317,24.8703896894053,24.5822499759183,25.11897155789,25.1931907308687,25.6996536138634,25.1438904014982,25.4548952547264,25.2658574962028,24.4900675322553,25.0835632024715,25.127474173193,24.9034781006422,24.3694099487277,25.0619240214289,24.5962221264365,24.4851517371115,24.802828958188,24.9465267863425,24.8821506308565,24.8567185444427,24.9716452788118,24.8314211080174,25.4185885306909,24.6784383906039,24.3117426084195,25.1593083487321,24.6459362389252,25.1440603630733,24.5231253948535
PC(18:2/18:2)_B,23.6028455425599,23.3769113441748,23.2965304339237,23.4717911788457,23.3813960235641,23.4405636599809,23.368435332982,22.532984257899,22.9860163628621,23.0847016558052,23.8570086523011,23.3801320166831,23.7277047166905,23.449894573668,23.1555754411879,23.3231702235106,23.3511848778009,23.7037569182218,23.1782577141491,22.8186344103665,23.6960182294809,23.3331877206027,22.9216376556544,23.1560079870598,23.8275196062099,23.9020501882942,23.4735902931186,23.3026564784616,23.7522772232976,23.0179484597895,23.378878108745,22.7326058238846,23.1347661644694,22.9338759865218,23.2759720385788,23.0709181029841
PC(18:2/18:3),23.7667316275209,23.2126819483965,22.919440263012,23.3052739283674,22.9197717306833,23.2465530400143,23.4166905015892,22.315030901729,22.7821743378975,23.2911525332727,23.6001003492642,23.1456667630461,22.9023187614665,23.7475751223087,23.1822927795637,22.9404332161351,22.8657580506307,23.9914533782898,23.7147587259136,22.6026970111674,23.8811296347379,22.7357114661103,23.1278380434882,22.6843649753227,23.0118706623512,22.752241308262,23.1350358796438,23.3354803254331,22.6788474410862,23.9203376631631,22.4571726347218,22.8994821938112,23.1488413496811,22.8872755736596,23.6118393244241,22.6356580625084
PC(18:2/19:1),25.2199884490302,25.9603512114661,25.6357365202429,26.0349273171137,25.2619808566193,26.1105515414296,26.115669262602,25.727156805588,25.3968043891396,25.5516800834959,25.4453777544655,25.5869835871238,25.7436967494584,25.6484760337334,26.1938278099302,25.6747345527742,25.9738177964881,25.9353588162189,25.4499310382567,25.6095684878727,26.1334235417882,25.9484327882599,25.6069704814052,25.5217804984829,26.1658940544613,26.1920058934433,25.3740546195677,24.9428862858304,25.4317044080223,25.8039584794488,25.278351232791,25.7382012867781,25.9217724411352,25.9017751433547,25.4993645951657,25.843894232916
PC(18:3/20:0),23.3549180291163,24.1711626789583,23.7612674023267,24.2548041405314,23.4601079995781,24.2077834698497,24.3830821089464,23.8878771161341,23.7565345167394,23.9311563975518,23.9269106655313,24.0656984583427,23.736864715976,24.1065180595166,24.5739797915652,23.9615719831932,23.8113102666083,23.7333011938358,24.1586289074001,23.8839831215574,24.1174819979192,23.8827448851927,23.9159910925132,24.0446468781121,24.1402291710679,24.3415822494938,23.3995897116748,23.7681118847267,23.795026870757,24.0643840327798,24.1460439406869,23.563614907966,24.576082988547,24.2237032382421,24.0406826232279,23.6924064797304
PC(19:1/0:0),21.9121355393546,22.2649300970628,21.9777592222235,22.6408494364705,21.8802433664966,22.3760858526556,22.4128889314293,21.7645567773932,23.9253535809555,22.9556353736373,22.4829920462653,22.0850039811395,22.230096945635,21.7361186068737,22.2770557028077,22.6198354072257,21.483822646379,22.8385443538631,21.741393852417,21.002627618056,21.9095506738972,22.7806466975739,22.3973710866208,22.1998524035955,22.2109707624309,22.5349557773587,22.8795826527944,22.6136779650269,22.4598750807134,22.0420162197513,22.0147217784683,21.413167281023,23.0533020638405,23.0294084230806,21.9988624475333,21.7370503947852
PC(19:1/19:1),25.4423808703667,25.6200250558854,25.3500415169979,25.9347631551883,25.8148547196636,25.6758646702752,25.948482343289,25.3201926068448,25.1615879274456,25.5985810584649,25.5816434445566,25.5843770913093,25.4471044381138,25.5514326001301,25.6738517184776,25.4407398198918,26.0177611440757,25.3408314514622,25.4633266316258,25.673563341887,25.4559856490088,25.4496734630836,25.3132392783485,25.1435887278057,25.5158924320126,25.869572564777,25.2740588295909,25.3347425626756,25.6540968293587,25.7862564777153,25.5426245352582,25.3568946448118,25.6911595129937,25.5826620640744,25.2654285443374,25.3640233627057
PC(20:4/20:4),21.0135375715628,20.822664863667,20.4278436686016,20.6773753124956,20.8571597533836,20.9136538273059,20.9342977345086,20.2677251869507,20.1126783269646,20.6397626708125,21.1166283937221,20.2493454091478,21.0769401575736,20.8467847262366,20.6313391710075,20.6131716769447,20.4095288640317,21.2242875463479,20.9136627943276,20.1051973516966,20.5592015398506,20.6561646668928,20.6312959038248,20.4162917818776,20.9456803826568,20.5195805514718,20.7525662428214,20.7237177653682,20.584520058538,20.6269787204725,20.389933297254,19.6574244798261,20.6795715387185,20.908970644759,20.9470235160137,20.0613743303132
PC(34:2),23.5362477938309,23.2825839616267,23.3779387627752,23.4188422988968,23.7692120541079,23.4018312654922,23.7612200254137,22.7183865959602,22.9182554360543,23.4066297506926,23.5503473140671,23.5500570181254,23.6327563126352,23.4991380926879,23.0492824014617,23.6176175819759,23.7547267382419,23.4186655915148,23.5027829205225,23.0748237026531,23.5704873473971,23.8372302259403,23.0371148730743,22.9975786244553,23.8183010761805,23.9020501882942,23.2946201520733,23.1831493840055,23.5796378371583,23.533869316081,23.7552539876547,23.5353258635345,23.2437005360225,23.0261032783569,23.2759720385788,23.5965464643229
PC(36:1),23.9738278617608,24.3950586908851,24.4421989615786,23.9719960613872,24.2248915378841,24.4736219485602,24.6199740999779,24.0046907811169,24.3645279861159,24.4286560570226,24.3024198006235,24.4562349957689,24.2404388898565,24.6153599269196,24.4909240518376,24.7701754514481,24.9182254705248,24.3755968696229,24.1387293499624,24.3321289326482,24.5468747901751,24.0987224669657,24.2131921014982,24.2670392994485,24.5441261127415,24.6251149656441,24.0902616535671,24.0366007206526,24.2592372120175,24.5101011501481,24.4466227153808,24.1439009214776,24.3140898639139,24.1112285089837,24.3037170290617,24.0788233010694
TG(16:0/18:1/18:1),23.3804531212234,22.7169867857724,23.3659412296756,22.3526266985459,22.1026357878331,22.6713937143235,23.1229592985325,22.8843965473992,22.483516022333,23.2297519886085,23.0767676167928,22.3558844704364,23.7184861866611,22.3439038779798,22.5100328747853,23.0097236053783,22.3249953538201,23.265314814608,23.3380381581858,22.6201240829256,23.0316212612654,22.4393532778196,22.6335913618125,22.4596843773909,23.0813354820143,22.2698807841396,22.8089210926084,22.5024520094861,22.5120578049893,21.9029206100857,23.1957140838135,22.422465025605,22.7328697648786,22.2635435027739,22.7084125841191,22.2663349301765
TG(16:1/16:1/16:1),23.4179278266421,23.7241822871767,23.525454465228,23.2698323497637,23.0678703696724,23.8387835411995,23.2980460050906,23.2677251869507,23.0261868013377,23.4927863944423,23.1653670486444,23.4039787586375,23.2659739819636,23.5560939774999,23.4801976452446,23.8990305171245,22.6116726015244,23.4663623335461,23.73257000203,23.002627618056,23.2225640439768,23.1561959069718,23.7671277065987,23.5376868893922,23.3530778197335,23.0251085846985,23.4974370350729,23.5816987604958,23.4249152423596,23.0708973397385,24.0878293267416,23.1476433231635,23.9937222830142,23.5340433588543,23.8748737302579,23.2496239899686
TG(16:1/18:1/18:1),24.1696149265151,24.1816550527759,24.2186157064636,24.465277871887,24.3194091366684,23.7335403811721,23.790814807602,24.0978001855084,24.2204816164992,24.2360109790802,24.2488387604186,24.3061314352393,23.9006895178819,24.1988328095003,23.9532672658948,25.1070024227148,24.5438299557433,24.1748995193858,24.4006501354855,24.1809648593145,24.0518936562916,23.5852510086155,24.5594700578013,24.5751615948109,23.8727488602029,23.9118979742505,24.1212885491877,24.0812697699863,24.2819572885176,24.6773609096705,25.3508637325754,24.3283254926151,24.5498036637482,24.1420894726885,24.7032136774448,24.421104457913
TG(16:1/18:1/18:2),23.8604460623431,24.2330019327761,24.2351985906592,24.3284270036745,24.354174554829,23.6615905392931,23.9889419505608,24.5184622339811,24.7909445475252,24.1324547872536,24.4317028175684,24.4619261078468,24.1125640673043,24.1626126215875,24.9686973064644,24.2817502961306,25.0743446724421,24.5682419475653,24.6126605382948,24.4757992933196,24.1678869513565,23.9864562347148,24.4530191161707,24.7327028717974,23.8904508619364,24.1960414066784,23.8704804456872,24.5116203247597,24.6277321253593,24.3850059301665,25.4232722281035,24.7350953759103,24.183440011205,24.5685317352395,24.5838249482545,24.4700140583939
TG(16:1/18:2/18:2),23.8143496477536,24.3163045794707,23.9638965688418,24.2396177367167,24.0828725330116,23.867494837841,24.0635807514536,23.9966534620515,24.1080068872407,23.9388507893418,23.8363983726258,24.1242931122535,24.147329485465,24.3567851692765,25.10060898197,24.1344085800554,24.7137549571856,24.5011277517067,24.0204664683426,24.0856169827271,23.8505952665898,23.3591829291357,24.2806550692769,24.611687470836,23.5881812928195,23.9020501882942,23.5208960078969,24.158345993005,24.7249007843663,23.7842761135871,25.6727918274628,24.1439009214776,24.2238920549423,24.4315960898834,24.8421369438459,24.2704825948663
TG(16:1/18:2/18:3),22.3262973511765,22.8145975823989,22.9559148331803,22.2532926736138,22.2808969476128,22.9025986387969,22.7537254888668,24.2610305343767,22.5424097113865,22.7593013690111,22.3380437103542,22.9211511698167,22.7888755145525,23.1128595863904,23.3329716920614,22.854522255985,22.5438299557433,22.5834626845041,22.9506570018098,22.4186139467284,23.1365908208669,22.1517408492652,22.8661057090793,23.2062360203863,22.7207457667579,22.4043180048417,22.683563455201,22.9773289173154,22.6696874418007,22.3596948416373,23.2931482347191,22.5151882179635,22.8902821550073,22.577591074527,23.1455943292368,22.5676248550203
TG(18:0/18:0/18:1),19.5796639502257,19.3629650611752,19.8090162733184,19.4743882903318,19.0100933177031,19.3181909141029,18.7940334775203,19.6666430208662,18.796955381604,19.3734009450324,19.5734469972108,18.8600523675468,19.1642672093711,18.9261322293836,19.2580922988351,19.1993210926163,18.7375433010732,18.8629852131264,19.3343102619491,19.5926433465035,19.041387568112,18.9740610077611,19.3984513525199,19.1876451582959,20.7808263707619,19.5092386072503,18.9396517954219,19.0427575809308,19.4709911129076,18.7147743249675,19.5601030099243,19.2162517657023,18.9859027785549,19.1134103966819,19.4730923276813,19.1066193462112
TG(18:1/18:1/18:1),24.846771125446,24.616162416253,25.0319149922704,24.7162943017879,24.7006249688505,24.0601399157834,25.042207100661,24.7560116682602,25.6017649890029,24.7894034008005,25.0166653182896,24.6972430952727,25.7045469957033,24.4143958924466,25.0140212969739,24.8806519878096,25.5604319230804,24.924727264489,24.7761592705777,25.3949450408348,24.8075265446979,24.7758296812762,24.7192991815081,24.8747218766698,24.2743658437194,24.6070433927221,24.6110938168685,24.7516237619381,24.633632726799,24.3208755927468,25.3077950106835,24.8657990675549,24.7431115926285,24.6351294839686,24.7543784380713,25.2910439173486
TG(18:1/18:1/18:2),24.8604460623431,25.742015580264,25.0223922181519,25.6431595971577,25.9206998072935,24.8460151104305,24.985746611401,25.6343712021272,26.0804511647202,25.8457413849503,25.1011615923764,25.9650945174043,26.2817069082282,25.3727267131455,25.561313379729,25.0464608807797,26.477192762713,25.0860902524279,25.2418228429265,26.0002528108681,25.5325194971981,25.9484327882599,25.0466205351657,26.4630200899542,24.8638157354329,25.4161292028588,25.1212885491877,25.9740161832746,25.594840243802,25.2594750480827,25.8830095348531,25.8486579347335,25.3327055420813,25.6539885112199,25.6365954235096,26.1310795382009
TG(18:1/18:2/20:1),21.2535410087412,20.8701435738339,21.4278436686016,21.2134282127358,20.8878565506065,20.3396624444057,21.3782163537746,21.7026622436672,21.6470147546158,20.8238850752213,21.3380437103542,20.9968033771316,22.5268976412016,20.8946794163409,21.3161820340975,21.4432466755024,21.922341578997,21.6281844880216,20.7898342074748,21.3985562943872,20.9985809995014,21.030799812111,20.9216376556544,20.8340798921724,21.2333385754594,20.9059973728108,21.0965206440388,21.2219686328961,21.1759665928294,20.3121053831191,21.9452249312988,21.2898959061212,20.895300229774,20.7970777646881,21.2562281032804,21.6590478827839
TG(18:2/18:2/18:3),23.6455951900192,24.0214978275824,24.2269309746756,23.5842659081041,23.8973168798556,23.6697644707388,24.1574476749178,26.1602961112421,24.8054441172203,24.0353136288431,23.8259817566805,24.2079510413004,23.8760274636476,24.6419133459609,24.527850620836,24.0790655462117,23.9787670124599,24.3312027502644,26.1863582129202,24.5360598181371,24.6830791737734,24.0436811034077,23.6472879365927,24.0267249701148,23.2193993845015,23.4536926158153,23.7366246989524,24.1749288772006,24.0189228826838,24.3850059301665,24.0793178268861,24.1345022234754,23.7569615713895,23.6132700500048,24.3838873777457,24.9206754674035
TG(18:2/18:2/24:1),17.7429107053809,20.008590343803,19.3250066319604,18.1049814852775,17.9733527708881,19.3048170520195,19.0147547588102,20.2021368453231,18.7529481993649,18.8799571002882,18.386484065412,18.1913290050351,21.4948601653856,19.2191961499539,19.1034076153227,18.4392336129957,18.3594053846059,18.5238478282068,18.8380177409847,18.4506939177223,20.1516977132571,17.8446097563059,18.3678938855439,18.6078351453404,18.3728584448078,17.8885484020546,19.5810549904871,18.2795339204299,18.8046826571108,18.8224498424937,18.6999181180144,19.0598066782989,19.0033599756314,19.3347345506309,18.9845343109132,20.9136207098695
TG(34:0),21.2754835616219,20.7169867857724,21.0693896976891,19.999303407383,21.2006439916374,20.2289589799995,21.1136214339531,20.591789026182,21.3684394978863,20.8696887648344,20.361313489677,21.3897180655123,20.5290083877974,20.3067696315694,20.6696091879352,20.6131716769447,21.3249953538201,20.9568072354829,20.1704382096897,21.9719308208331,19.6399841945666,20.9441454298568,20.6942271595513,21.0693693075233,22.3530778197335,20.5400446540315,20.6626241175086,21.2597706656084,21.1564264064337,21.0630778352792,20.2144912908441,22.3332634154307,20.9669612149014,20.9652780856609,20.8748737302579,20.6924064797304
TG(36:0),21.5963224189786,20.9410270599904,20.368949979548,21.5938519569333,21.7103183650543,20.978262908729,21.2262132603295,20.8056194340151,21.0748762942523,20.347736061639,20.8549608236523,20.7362758269084,20.6425373334278,20.3926697049751,21.0169928635052,21.0147886604612,21.4212106690794,21.3312027502644,20.2418228429265,21.363509347288,20.1516977132571,21.414775255099,20.7878862667655,20.8906634205388,20.6947865396952,21.1518487669713,21.1695841062285,21.0311462905605,21.4625295341594,21.3164971522362,20.7573897319987,21.1698961300106,20.7253752283317,20.8428814543012,20.100433430673,20.8485256816477
TG(44:0),19.7601324459095,19.558557423168,20.0227743384139,19.5900251773928,19.8556076337708,19.2271877151473,19.353043282565,19.9590939146768,19.6122493364552,19.8436935563014,19.4201148432932,19.4605622870038,19.5852673868539,19.5742227086702,19.432030362784,19.8462113424806,20.0963709787721,19.646520547031,19.7484142800948,20.3985562943872,18.8496691758075,20.2185845989629,19.5402678691409,19.9374576320177,21.7423522229472,19.7049940601831,19.5134305576504,19.5165731177307,19.6678484421369,19.3588434429458,19.6419125145788,20.1728374053227,19.4605363256511,19.7320304675224,19.7625989448763,19.8544323226144
TG(45:0),20.854991632251,20.558557423168,20.4954823854769,20.3327271411082,21.6172089606628,20.2289589799995,20.8468348932582,20.8347657796746,20.8092861835147,20.8761150339938,20.6716536102892,20.6351291034515,20.6110017599947,20.7062343269278,21.0050696961294,20.4230687935647,21.565046441653,20.3104441900976,19.4763875893425,21.8922036283624,20.647108629,21.0178024715821,20.9291321922013,21.0194934008838,19.8974712896141,20.5801220934068,20.1989679130096,21.2905329193791,21.1824216149667,20.9769211915294,19.8483633920462,21.1250418942263,20.9859027785549,20.8428814543012,20.8067022276163,20.370478384843
TG(46:1),21.459254688931,21.4859121213362,21.8500766692846,20.8148788362455,21.5564056816006,21.6778923516222,21.4355495288405,21.3507809266782,21.093901119934,21.4969620704135,21.6481946374652,21.5775780808893,21.5416084245771,21.5467561129206,21.3209990503953,21.5021403645559,21.5114084780509,21.7254816893765,21.3287002936065,21.7859188352232,21.4534479262069,21.5874519168088,21.6266940018658,21.517295100561,21.4541447459039,21.2168460218177,21.414696604065,21.5050774788929,21.618240676382,21.4139849971383,21.3677375511398,21.5886092874328,21.5154521589574,21.5386897237106,21.6029337712022,21.067743855189
TG(46:2),22.1444982494459,22.3914474373327,22.3477557572789,21.7391515100823,22.0927880018767,22.3001910036163,22.2305391857323,22.2049300602148,22.3234756098225,22.1838673601168,22.0248858250946,22.2254547889397,22.1139708885186,22.304555210504,22.5079221281895,22.514113006222,21.9264459773298,22.3156618993687,22.831751596541,22.0511575119837,22.2081849046036,22.4271166053007,22.680971062849,22.2867506260763,22.1622554773979,21.8332410303755,22.3740546195677,22.5362159907018,22.1266107519982,21.8554201864817,22.2723896745523,22.0063973977277,22.5241170200845,22.1737983324158,22.3655754994688,22.0645626079443
TG(47:0),21.3341594689495,21.558557423168,21.5442084252933,21.326990771559,22.3348092299621,21.1470173664633,21.7507167389944,22.2215767261468,21.6513021130189,21.3431046129074,21.2658939245984,21.3509856710236,21.3303243933737,21.2934318320323,21.8166942130194,21.0935006364752,22.1144727851474,21.0784366798845,20.2418228429265,22.4988612001829,21.3393247164329,22.1724144175299,21.8365210420164,21.6728876272727,20.9388912169941,21.791176970809,21.4783912793824,22.1228888591881,21.9749795350962,21.7260428480016,20.7743628106025,22.3528478117491,21.6988334408792,21.8578317957672,21.2275453485763,21.375621688119
TG(47:1),21.4496366863694,21.4271595340521,22.1166954124674,21.5051943371129,21.3840901327333,21.7035980658147,21.8411883301171,21.1275475289024,21.022881656614,21.6547908800449,21.5704548875156,21.4320840963178,21.1826182354681,21.512630329016,21.3959611080765,21.5021403645559,21.6065657110913,21.5238478282068,21.4326011597188,21.7042350376295,21.2946556670992,21.2742940315491,21.5264997138132,21.757908211687,21.5989880477761,21.1384903841163,21.1989679130096,21.625791344679,21.8868193466765,21.2809828656233,21.4754513684401,21.5830922824653,21.5582652424964,21.9409135372617,21.5894715113956,21.1480859635066
TG(47:2),22.4853782758621,22.7735703141388,22.8946012843277,22.0064989087872,22.3486680785225,22.9164044383219,22.5315835136799,22.1451059002867,21.9689428495032,22.5937153032931,22.7309195597089,22.3825345068984,22.6307921257547,22.6978220871116,22.3281945517995,22.453230764075,22.2581772472475,23.1517464440786,22.5295193029946,22.4412006317957,22.4696127456379,22.2270793931283,22.8164554189623,22.7751862031189,22.5989880477761,22.5195805514718,22.1516621982312,22.4865980582852,22.7738103848473,22.1394287214093,22.5113284047687,22.4408826592348,22.5089191891182,22.7457589874031,22.9540439436915,22.3444831763101
TG(47:3),21.6006744435183,21.5292796306457,21.9091426101491,20.7304866489552,21.1821870869298,22.0069352986116,21.5815445134841,21.0237996040646,20.9341774313425,21.5217654614141,21.6716536102892,21.5044601516853,21.6464312495323,21.8798824144128,21.4844977826782,21.4973233482581,20.8932791133946,21.5942371560982,21.7692728849925,21.6711767490502,21.3480949260606,21.1307667201714,21.7160535220045,21.700281394105,21.7227234161983,21.2482785296544,21.5531106327621,21.8364178981176,21.4572157342629,21.0260157410576,21.2753735329911,21.2205222030806,21.7477430413601,21.5293819814844,21.5343299572032,20.9759049881239
TG(48:0),21.2535410087412,21.3950586908851,21.7099868973831,23.0100832461362,21.2428134458813,21.2156211804624,21.4798300904012,21.3304609422986,22.0095848340005,21.2620061876131,21.209310396232,21.4505213445745,21.4011747198441,20.5579543195255,21.2918527047358,22.6153963420592,20.9983958192088,20.8601312160713,20.6088082127992,21.4214566964972,20.2671749306771,21.268818901483,22.0815089924327,21.7360156058382,22.1387487245133,22.2637416470422,21.1814095416253,21.1765767300821,21.8221499191187,20.8614439741095,23.2618973007347,21.9898145135321,21.5154521589574,21.1034090045244,22.2647228974459,22.5832700358972
TG(48:1),21.8403448562866,21.6399457500086,22.2202825986662,21.280259721214,21.5371694627377,21.8109681633313,21.7048158883858,21.410078110362,21.4786990060352,21.4674753059131,21.7574729787502,21.6630659799546,22.0969978099149,21.7195927097828,21.5268085875361,21.8202161339477,21.4500079333868,21.7943767705875,21.8724853876527,21.8336514460073,21.8114954469009,21.609278279262,21.8245151887563,21.611687470836,21.8656067909589,21.5451156435789,21.6793998302594,21.7460855783967,21.9103420695299,21.3032815327321,21.9072570810998,21.8266493137998,21.766121570675,21.8048134134677,21.9505380001899,21.3286582091484
TG(48:2),22.8495165021848,22.9060206101625,23.4177092914678,22.7605886807446,22.7547124844128,23.3210999933793,22.6216219528594,22.7261849665206,22.5989932397529,23.0707624648474,23.1386805991275,22.5022525077337,22.9660242561718,22.9223823451308,22.8800829192909,23.0612242334515,22.5676766976977,23.1444342386587,23.8676576250632,22.6076976922258,22.8350822672185,22.9146485326123,22.9877268461121,23.1998524035955,22.8673956257087,22.6167097273156,22.9521307347036,22.9773289173154,22.956267274834,22.5300926253355,22.8800722517736,22.7200932125711,22.9685492118046,22.935638595221,22.9920572696282,22.5495343980374
TG(49:0),21.5475631070587,21.6610955848804,21.4278436686016,21.326990771559,22.4728190513277,20.8858553749623,21.8830085058117,21.7378040497875,21.8396598325582,21.3007385821019,21.4723448020658,21.5691658410731,21.1664383084127,21.3801062435112,21.9250703740642,21.0215145236495,22.1323502758777,21.2840687746733,20.6165026045892,22.4157655844194,21.395400640839,22.2327149277977,21.6942271595513,21.8091335350422,20.9456803826568,21.8290893871051,21.3945187221274,22.0528413616598,21.7630839782542,21.8882440334532,21.0075619868955,22.184542905975,21.8580891506769,21.8315661410733,21.8859289187669,21.3392274508586
TG(49:1),21.9156329835908,21.9872166930104,22.1238374817115,21.3154491496763,21.7103183650543,22.1516938536728,21.5157198775245,21.4293143292249,21.3474544727569,21.7061900325515,22.1234496595782,21.57337809236,21.6772099110826,22.1404358307429,21.6352121801547,21.9528017735655,21.2418014182937,21.9264335864394,21.8660447740949,21.7135427798557,21.5742297490829,21.7257549390779,21.8444697951319,22.1609459098755,22.213785778038,21.652392379897,22.136555305841,21.8322422221464,21.9600291936302,21.2809828656233,21.8035935219262,21.7597574301446,21.5957399479151,21.8353477816158,21.9852198395746,21.241195367898
TG(49:3),22.4302061564205,22.356682019172,23.4075032203174,21.9701570617235,22.0927880018767,22.9965747870059,22.4504612382444,21.5746138823739,21.6598387949734,22.3291203834717,22.6363205371769,22.1957074455457,22.1772450633693,22.6550090035726,22.3089262180947,23.0348729065045,22.1000095558354,22.7545888308337,22.1808548256351,22.4214566964972,22.2105914023107,22.4659141040908,22.5461285205621,22.9374576320177,22.3908798524459,21.9639447220201,22.3791979228436,22.7768291018278,22.6742747112964,22.2719659922659,22.400904415075,21.89503628878,22.6141184772299,22.6416232460541,23.2246454580705,21.8595808701566
TG(50:0),19.9805225143348,20.7341960758047,20.4732866393627,21.188337231773,19.5602223373739,20.7567477723334,19.9448669762188,19.6154958161509,20.5945473347217,19.5605847103046,19.836813476942,19.8927803125884,19.6014050835386,19.8406845267002,19.4637392225114,20.9315331568118,19.9346199087755,19.5075255229049,19.816801255075,20.2401269317827,19.037055147316,19.399824913633,20.4241379961835,20.0971142980062,20.0813354820143,20.1976524565844,19.5917284920016,19.8364178981176,20.2819572885176,19.3121053831191,21.3048775273012,20.5093825962823,20.0592759648851,20.0128064557435,19.773751805815,21.0613743303132
TG(50:1),21.9704688496709,21.9655216219111,21.9816956367827,21.6315716228825,21.990426284247,22.2377828303865,21.9709562050874,21.6666430208662,21.7545432189203,21.6880426858413,21.779233497489,21.655139064183,22.2378603457547,22.0560735602989,21.432030362784,22.2129008883747,21.9427477896589,21.8849143170012,21.7057699426863,22.0730169459474,21.7433239442593,21.7416525659581,21.9623839979977,21.9220275914481,22.2662531979321,21.8207500861923,22.0326741620141,21.9253516265379,22.0404026100943,21.7906037335591,21.7358886627878,22.1662110832027,21.925047573168,21.9790181422872,21.8144378763959,21.5219661380286
TG(50:2),22.9855231953932,22.6937170064496,23.1865732370594,22.6338966758287,22.4160330252361,22.888659447839,22.6938922393496,22.4506528535906,22.3207865222948,23.0136185577438,23.06264074709,22.7567928442489,22.8167882602729,22.9005559826776,22.1716651437262,23.1981341776658,22.0330683968636,22.9332387643445,23.741393852417,22.4327720097251,22.8976520906506,22.3462438734282,23.2085803925924,22.9753258176082,22.9200545749813,22.3001906182968,22.8409613587671,22.6802391287014,22.7566096440937,22.9014596529574,23.1147335104433,22.25908985934,22.6561125658945,22.5955408555725,22.8278762507207,22.3781864799783
TG(50:3),23.7074344438371,23.9919938332723,24.2018399937127,24.3708622699949,24.0149684685098,24.1150482568858,23.48164594343,24.1566938745619,23.6210195460829,24.0637420371696,23.9366258203645,23.5393306115324,23.6904718104915,23.811351032742,23.9915372828225,24.6773988103013,23.5962973756374,24.108810328928,24.7804466289808,23.7547001046124,23.7875165839664,23.7416525659581,24.1424190270848,24.3558485664064,23.6621818742633,23.7456486309516,23.9590171202888,23.8217498483288,24.1888478841261,23.831070325066,24.8633137335122,23.9856388375609,24.68150934296,23.8836277966445,24.676934352646,24.1480859635066
TG(50:5),22.0836160072989,22.1520819373925,22.2629592838598,21.7732997324941,21.2368641795501,22.3314419376008,22.0923875995139,25.048113061408,21.6976408276858,22.1418186266036,21.867204419407,22.1055096365741,21.9566459238559,22.4913712096442,22.5268085875361,22.4000261469032,21.1252258414443,22.238093345873,22.3519325998442,21.200956334502,22.1110557287598,21.0500788746059,22.4267875745975,22.3630083579793,21.9217771961303,21.3959220837207,22.0096431933588,22.2251569105271,22.099580546029,21.6515209047353,23.1622541678682,21.4255510054788,22.7045622175962,21.7853959596404,22.7166920618837,21.90297346567
TG(51:1),20.9467342008785,21.1690550159963,21.1694185160204,20.4639716743864,20.6126216911672,21.1516938536728,20.6923249442026,20.6171743446019,20.5308217371113,20.5780336810608,21.0393853947897,20.8448002836866,20.9629049143276,20.6654006094192,20.721536979979,20.8953734935164,20.585955431416,21.218728021006,20.9567315162195,21.1262589672244,20.5516283201458,20.7297457992739,20.9141039829689,20.8340798921724,21.0375192497218,20.5997509001558,20.9101075198079,20.6779140757551,21.0189228826838,20.5091422301786,21.0147217784683,20.9645772220331,20.8546582452766,20.9303442955515,20.8895952359646,20.3807467202968
TG(51:2),22.4105103550796,22.4183140431854,22.6194063193023,21.8829242236686,22.0391001309827,22.8035583111876,22.0242544312475,21.8166184329643,21.7938561429451,22.2766529635776,22.863134755098,22.052180134168,22.4194949030509,22.6375215768438,22.0751739345937,22.6440090808673,21.8024047133864,22.5484334664851,22.3973041076055,22.463439145972,22.1033062291548,21.9612189432158,22.4373374939384,22.5652631337446,22.9857578220321,22.2606622541102,22.797440700137,22.3026564784616,22.5298848019612,21.8734166157756,22.4439731369669,22.1250418942263,22.1929807784146,22.3664434103582,22.4721145607575,21.8072494060691
TG(52:0),19.3152179052961,19.558557423168,20.134484725911,20.5353563076232,19.4595972206594,20.0299779452731,19.3797751816311,19.5676861617828,20.0095848340005,19.1154451792363,19.5813957503263,19.2888168499372,19.0653521832984,18.4109004420521,19.1539565574861,20.3501372711109,19.3569745583511,18.8544062282376,19.3874440844791,19.7565023472464,18.5302093365109,19.3384243689689,20.3479024103565,19.2433350388573,19.6288232773168,19.9075732277364,18.9284680569292,19.6629443430964,19.5864683303275,19.422158928584,20.8878917562329,19.6383996541444,19.3400850724469,19.0287479996125,20.5249312592009,20.6075175821439
TG(52:3),24.1696149265151,24.1816550527759,24.2186157064636,24.465277871887,24.3194091366684,23.7335403811721,23.790814807602,24.0978001855084,24.2204816164992,24.2360109790802,24.2488387604186,24.3061314352393,23.9006895178819,24.1988328095003,23.9532672658948,25.1070024227148,24.5438299557433,24.1748995193858,24.4006501354855,24.1809648593145,24.0518936562916,23.5852510086155,24.5594700578013,24.5751615948109,23.8727488602029,23.9118979742505,24.1212885491877,24.0812697699863,24.2819572885176,24.6773609096705,25.3508637325754,24.3283254926151,24.5498036637482,24.1420894726885,24.7032136774448,24.421104457913
TG(53:1),18.9938193369483,19.5840925152751,19.4439120372292,18.3327271411082,18.3180009422755,19.9570464228193,18.8692027062867,18.607073754633,18.0976761636254,19.1519167359015,19.3000133029164,19.1354469207282,18.6284315661211,18.8697330592107,19.0181797784556,19.2111368428635,18.3787059405648,19.1883306685715,19.7623534710527,19.7070336709821,19.1089932623029,18.7628402005636,19.2908714653201,19.5766405237368,19.4047425058276,19.0138132760173,19.097769190236,18.9284845160229,18.876505838068,18.8249180980844,18.914165450442,19.2472786613229,19.0758724754158,18.7497720499097,18.8998116320078,18.4776879862793
TG(53:2),21.3289228205834,21.3841976982533,21.4104266155241,20.8230527676912,20.8018167195398,21.2682481111136,21.0708365674564,20.5128376847872,20.7782592878941,20.882512805192,21.3785227797093,20.8792337807504,21.2659739819636,20.8887788149012,20.8669674195006,21.2845489294833,20.7616351075841,21.5638635070547,21.0787220405981,21.1051973516966,20.7955539030318,20.7217530085204,21.0371148730743,21.1837686802604,21.3505221148297,21.1782000939182,21.1636348398973,20.9486841303685,21.3637513796812,20.5014478383886,21.5463348545966,21.0227918359784,21.2696957445555,21.0588188535003,21.192355920114,20.6335127906768
TG(53:3),21.8218247683158,21.8492345840709,21.9498994177625,21.4743882903318,21.4524272624965,21.9218899774057,21.7110210379125,21.3905819347362,21.5400995506993,21.6696641565264,21.9424236649026,21.827270359129,22.0270352517473,22.0795749946784,21.8470678620629,22.0248657331491,21.5597714996123,21.9023594514606,21.7864276060315,21.661590700221,21.7366602139783,21.3745581550226,21.9623839979977,21.9181441569609,21.9320699511381,21.752241308262,21.8521019163723,21.9292666765413,21.8344983115464,21.4583791164967,21.6829397828389,21.6104687213966,21.7950487561385,21.827774561911,22.2304394218455,21.5358161167897
TG(53:4),21.515653859104,21.5488640269641,21.7884888710618,21.1628021396659,21.5274543079045,21.5979072488348,21.3703968493153,21.2243325914373,21.4395726747454,21.5135449546091,21.6195308792131,21.7135557504083,21.6695765861802,21.8679345611084,21.4930597961816,21.6131716769447,21.9305387319637,21.8166295774347,21.4369531842585,21.345661345955,21.7366602139783,21.094086056845,21.6631046420555,21.9181441569609,21.4683586051236,21.445579970028,21.5666996975101,21.789806955826,21.5990683671072,21.2854702566156,21.6326347009908,21.3430888452868,21.5833562234592,21.8086657389633,22.100433430673,21.7803541790061
TG(54:2),20.5110372310336,20.7341960758047,21.2564752502896,20.3554472176083,20.0322464599417,20.8402327578365,20.4014237449359,20.7144715459569,20.3099797673383,21.004848348116,21.6993099531921,20.2281289232381,20.6580503327992,20.8160224724659,20.3775825787617,20.5679424229517,20.2614302250426,21.1619216653875,21.0505984396837,21.3927739417932,21.0096787083847,19.9847874143542,20.728992577712,20.5923221459691,20.8403273825105,20.210476496942,21.3000540381239,20.705570418658,20.8669197892388,20.1929581178261,20.6044378091601,20.4859236234583,20.5327301503893,20.908970644759,20.8525059172294,20.2964778033992
TG(54:5),24.9569540431964,25.6841553933051,25.988558623076,26.2009372685526,25.4505006719041,25.3595058560186,25.8216079611476,26.3153540499084,26.1119008033452,26.1491335284002,25.4521669201282,25.7586436399368,27.1300514940332,25.6872373364704,26.3610147292432,25.4281397831121,26.9688515435948,25.127474173193,25.6784625966906,26.5923280377838,25.9529569842195,25.9633389950901,25.338083349326,25.892148948428,24.9337782936005,25.4671131315776,25.5324839821721,25.6662322707075,25.6856794745686,25.5479445012927,26.3258968170588,26.024319305725,25.5838743398379,26.2923740489072,26.1459775660675,26.4938608003483
TG(54:6),24.5419165439176,25.5139997636086,25.9003314400643,25.538462218491,25.023633329637,24.9503517702453,25.0756535837541,26.363024522433,25.6400205080129,25.5441332744425,25.3099143371704,25.1278774496026,27.3399745634074,25.2457538568878,25.7178892029639,25.8713741742216,25.8550316440376,25.2242875463479,25.7125167751269,25.7233668978077,25.5033731515385,25.8418468540107,25.2473178854028,25.7708860656852,24.7808263707619,25.1173670925505,25.4675665054908,25.6837196974363,25.4146712108628,25.3954225461119,26.0920663196281,25.3241976069924,25.5498036637482,25.1723040857355,26.0365547376053,26.8039147949474
TG(54:8),22.4030545501606,23.4481700273446,22.919440263012,22.6175420629784,23.5347468004709,23.1328962582187,23.2021859896831,25.7440588654984,23.824552940168,22.8138779018659,22.8467403168473,22.9618849609284,23.0315087283266,24.464844915134,23.1954681683114,23.3766094824721,23.0890661781489,23.344026790622,26.855517062191,22.9044472241171,24.3911636479525,22.5697499150753,22.692026251358,22.9044692200638,22.4277166206262,22.1045430521929,22.9347695740421,23.2675229413326,23.3974345059375,23.8463370817193,22.7764704735644,23.7597574301446,22.5812818952214,22.767693957907,23.7693806014105,25.8485256816477
TG(54:9),20.9051151116768,21.8675464623478,21.6666305281887,21.0696927352744,21.7856064923585,21.9703432454327,21.6117064839943,23.8074584336788,22.7996617646263,21.7765793604429,21.9842438405972,21.6270467571536,21.4103638912988,22.4796419170621,22.0169928635052,21.7286488943646,21.0890661781489,21.632372284985,26.1100600071311,21.9044472241171,22.9475569964769,21.2014434661415,21.5015820816089,21.562777870355,20.7187654026296,20.7478495391449,21.571201089745,21.3266021740867,21.9860914902164,21.9289679683065,20.9785621151729,21.8589670340725,20.9983937227381,21.1886562911429,22.3655754994688,25.2773689804515
TG(55:2),18.5831870167894,18.7238951551146,19.0767692280547,18.2183944656292,17.8478218888042,19.6615905392931,18.2996938579721,18.3728072330082,18.0255263778696,18.6076844875991,18.8937800725428,18.9326730397119,18.5171482325874,18.4940943775785,18.1409396718193,18.8340366285345,17.9588674550222,19.0943107592329,19.537647183878,17.8790282396146,18.4895673520135,18.0878809073183,18.680082977231,19.3624368804353,18.579040638963,18.8692693395597,18.7745925491514,18.2447685022692,18.7290956309635,18.1872141352913,18.6529677030878,18.2388827402019,18.3996852146481,18.1599925328908,18.5192625091142,18.3580591255889
TG(55:3),19.6784939768852,19.38055912119,19.7929762620541,19.0996083131787,18.8321232024463,19.5667313529517,19.0523838044313,19.0588060538925,19.0360570453617,19.4373732741237,20.3143924422896,19.1031808305141,19.8115955910526,19.5339588384565,19.2276331440846,19.7212314228021,19.0459530717859,19.7001706008473,19.5569692812796,18.9278275380931,19.2297002252584,19.0678431540817,19.5422240661062,19.4851069742708,19.4531921575293,19.525750318712,19.3491082624374,19.3606323457241,19.3974345059375,18.6494335713002,20.3107066061034,19.0787482419524,19.7697693476901,19.425838819132,19.4573679753883,19.0664721979529
TG(55:4),20.0458139745865,20.0640854563947,20.2694143059971,19.6203589106827,19.6199543374016,20.2200808286531,20.0366594521383,19.9853254562499,20.383980348782,19.8172213449403,19.9377872547819,19.8927803125884,20.3779424136064,20.288958355453,19.6756392700302,20.1188117250044,20.4212106690794,20.2131469887427,20.10630787227,19.6692646281064,20.0261668311733,19.5004288545714,20.1310910212833,20.3017320176147,20.0311497248461,19.8773336145587,20.0902616535671,20.3206529077555,19.8279256576229,19.7747323409162,20.0979772821177,20.2831067404586,19.895300229774,20.1034090045244,20.2217397268951,20.0225550814227
TG(56:3),19.6213833403504,19.9410270599904,20.2302437087164,20.0278725595797,19.2128187055835,19.8344271361553,19.2747762257677,19.918830044463,19.9551370499782,19.6352235111974,20.1768889185396,19.7733651456436,19.9815205924949,19.8769047146129,19.5776071870697,20.3713537570206,19.3249953538201,19.8457759230942,20.10630787227,19.3492486541628,20.1007137845383,19.4334926263984,20.1568541173484,20.0833084984812,19.8490445996116,19.6959033241122,20.0391874689728,19.6610621575185,19.7962899921342,18.9680156383076,20.9110991473942,19.4304748841181,20.0107774471939,19.4982332829137,20.0090104029094,19.7942486206645
TG(56:5),20.9467342008785,21.4058385296383,21.4336029378902,21.6908375723022,21.3459069388454,20.7689740746667,20.8524594424521,22.7125100296236,21.6598387949734,21.4066297506926,21.1097747226811,21.8894055858077,22.5685367519841,21.7229130680744,21.340107873343,21.2620063608322,22.3977516962554,21.4113730989484,21.2368394354123,21.661590700221,21.1715972706948,21.5697499150753,21.4504173209824,21.9259006005953,21.062719803847,21.3031868707568,21.5393923515143,21.9905043060631,21.8096949205458,21.1394287214093,22.0673167294159,21.89503628878,21.3692314181064,21.5616997017571,21.7553834503313,22.2580036555846
TG(58:10),18.6850666308086,18.8804855180553,19.0440131347883,18.1679454429418,17.2721972526624,19.1637822489427,18.3418904216263,17.5128376847872,17.1995557776446,18.922800101294,18.6660581473957,19.1031808305141,19.2383764233996,18.8887788149012,18.2255794853166,18.7129448116172,17.9842900519021,18.5734785959314,18.5147727176254,17.4683959194558,19.7366602139783,18.6460640769238,19.6090716639707,18.9064307363971,18.4397894529268,18.3812523949238,18.6302026398162,18.828054425183,18.23801394093,17.7721766360124,18.6639388209088,17.413167281023,19.0058367059236,18.6740831183132,19.0251001054477,17.9079519597828
TG(58:3),18.442865728392,18.5007367687796,19.1763049016056,18.4042065295281,18.2952808657755,18.7943169227812,17.8692027062867,19.5832270126786,18.3962936102209,18.3328627851575,18.3497255154018,18.4218422685679,19.1268496800167,18.5698040374032,18.2090441175903,18.937235516176,17.8385732213044,18.5129868355751,18.7144002478297,17.975030059492,19.2727131142185,18.082897499804,18.9034903089441,18.7083991119077,18.5292876037659,18.1664015226,18.5952688497068,18.5186534281718,18.2625919636507,18.1043004980057,19.0513904885157,18.1932601230761,18.8297118881464,18.44774351246,18.7753380567069,19.2899546798179
TG(58:5),18.1844776874146,18.7307706012055,19.3422551128826,18.7235170941403,19.2511014172069,18.8483215778137,18.3482740384171,22.2243325914373,19.3315129288879,19.113270808002,18.3167750936006,18.7181284801981,21.6541876931668,19.4386297475722,18.8363414554698,18.6894858387932,18.6803616404259,18.2331384639302,18.5441166792075,18.9214155495789,19.3928599386134,18.7783365368867,18.7928241895812,19.0552941223116,18.5183992876232,18.5071612922177,19.3385852760254,18.9686048244918,19.596170418277,19.6960203649021,19.166439161438,19.1067023035234,18.7253752283317,18.5020448968638,19.1280096750254,20.5810453707827
TG(59:5),17.5110372310336,18.2653247612811,18.7400441312392,18.3189213415831,18.1458199668929,18.2271877151473,18.1210965545153,18.7577247439107,18.4680446135705,17.6711430854523,17.919091161072,17.9892565680783,18.6409768194402,18.2835718089059,18.6711190729928,18.5697790814313,18.0876007691444,18.3104441900976,18.4404253761653,18.4988612001829,19.1089932623029,18.4966864528856,18.7324234831122,18.3183285281454,18.4740051682647,17.9012594538042,18.1849383531055,18.1883860323717,18.3105264407144,18.1164410608779,18.2144912908441,17.8106870190438,18.2236260958595,17.7688808728574,18.5858602578432,18.723398294194
TG(60:3),18.0885822601923,18.38055912119,18.7061853272232,17.7129992222263,17.7171720360954,18.2691091645804,17.6644581507697,18.2910462611853,18.117644579858,18.3551155920046,18.3309889528203,17.9892565680783,19.3029553739766,18.0831966086606,18.4391372492783,18.3133373529079,17.373904954301,18.255031069779,18.3398985002113,17.642225375354,19.0628566405024,17.6761561420803,18.5185727980416,18.2004920378515,18.0589676689859,18.0167366712241,18.2082457265976,17.9502262951769,17.9600291936302,17.5152683329755,18.6270392380973,17.5551862858954,18.2236260958595,17.9583586717211,18.2630279353858,18.8201340809914
TG(60:4),18.2480028251998,19.0874858889748,19.3880588024957,18.618481623442,18.4636783974712,18.9676936670188,18.5555739346178,20.2021368453231,18.918611173953,19.2262350565913,18.7740408282687,18.543630748966,21.2960312158198,18.9353214008383,19.6726273794981,19.0494256621332,18.4304884826674,18.4152670150529,18.9198947480392,18.4237268701221,20.3305008660459,18.3755773673863,19.1310910212833,18.8747218766698,18.8691822451827,18.6495700215644,19.2978829390823,18.7487465598598,18.6305674260575,18.83229762845,19.4139605679005,18.6511107058939,19.1649983658888,18.2397716068698,19.2053585853117,20.7957842195757
