Metabolites,Count_-2_4,Count_-6_pre,Count_-6_6,Count_-6_8,Count_-2_10,Count_-6_10,Count_-2_8,Count_-2_6,Count_-6_2,Count_-6_4,Count_-2_pre,Count_-2_2,Mean_-2_4,Mean_-6_pre,Mean_-6_6,Mean_-6_8,Mean_-2_10,Mean_-6_10,Mean_-2_8,Mean_-2_6,Mean_-6_2,Mean_-6_4,Mean_-2_pre,Mean_-2_2,P_value_A_-2_4_vs_-6_4,P_value_A_-6_pre_vs_-2_pre,P_value_A_-6_6_vs_-2_6,P_value_A_-6_8_vs_-2_8,P_value_A_-2_10_vs_-6_10,P_value_A_-6_2_vs_-2_2,Flag_A_-2_4_vs_-6_4,Flag_A_-6_pre_vs_-2_pre,Flag_A_-6_6_vs_-2_6,Flag_A_-6_8_vs_-2_8,Flag_A_-2_10_vs_-6_10,Flag_A_-6_2_vs_-2_2,,Negative means -2 is significantly larger
1-hexadecanol,2,3,3,3,3,3,3,3,3,3,3,2,12.82687655,12.73994416,13.22995685,13.095222,13.17306538,12.56110531,13.59366954,13.28993683,13.42158655,13.20032579,13.43484612,13.28632111,0.283197133,0.032073771,0.84522164,0.114898253,0.056239436,0.69414016,0,-1,0,0,0,0,,
2-furoic acid,2,3,3,3,3,3,3,3,3,3,3,2,14.07959184,15.05207422,14.30399913,15.25426811,15.58958749,15.67322341,15.98287692,15.92840349,14.99954643,14.23008049,13.3588026,15.2225768,0.880125428,0.068001907,0.079103041,0.417731058,0.925329388,0.82319572,0,0,0,0,0,0,,
2-phenylacetamide,2,3,3,3,3,3,3,3,3,3,3,2,16.46604753,16.19754601,16.27929035,16.29785553,16.51405943,16.32734041,16.57397972,16.53958325,16.3214298,16.40534186,16.11793191,16.49433174,0.71459358,0.592470883,0.089589046,0.072865364,0.215989993,0.302828494,0,0,0,0,0,0,,
2-phenylacetic acid,2,3,3,3,3,3,3,3,3,3,3,2,14.07666597,13.85288003,14.07898794,13.99845197,14.17735859,13.83436732,14.20498675,14.22214684,14.00362395,14.08181448,13.98364106,14.24485892,0.971859176,0.321996732,0.27931254,0.123801808,0.014381685,0.108727336,0,0,0,0,1,0,,
3-hydroxybutyric acid,2,3,3,3,3,3,3,3,3,3,3,2,17.02740027,17.42942501,17.02949554,16.73622526,16.78656314,16.96512627,16.55766214,16.85093241,16.9668976,17.20596339,17.25086188,16.78833448,0.522890251,0.475554102,0.475554102,0.475554102,0.475554102,0.522890251,0,0,0,0,0,0,,
3-hydroxypentanoic acid,2,3,3,3,3,3,3,3,3,3,3,2,14.09348642,14.60379983,14.61006474,14.3052857,14.20815468,14.22940668,12.47550928,13.81196455,13.99126559,14.31794067,14.58724614,14.19974207,0.711781413,0.975658363,0.15096796,0.002502947,0.968753022,0.731418904,0,0,0,1,0,0,,
4-aminobutyric acid (GABA),2,3,3,3,3,3,3,3,3,3,3,2,15.52310106,15.85651279,15.80402278,15.48070338,15.51861367,15.53561588,15.49476268,14.64090831,15.57674418,15.84205546,16.07108375,15.4223273,0.2734626,0.407317583,0.000146547,0.956356436,0.947233942,0.592062913,0,0,1,0,0,0,,
4-hydroxy-3-methoxybenzoic acid (isovanillic acid),2,3,3,3,3,3,3,3,3,3,3,2,14.26542234,13.66601891,14.12015572,14.60493635,13.80943796,13.71045694,14.49884153,14.3294445,14.46206005,14.48138633,14.28706467,13.8966536,0.53539956,0.055231956,0.502216229,0.732747353,0.750005086,0.113459266,0,0,0,0,0,0,,
4-hydroxybenzoic acid (p-salicylic acid),2,3,3,3,3,3,3,3,3,3,3,2,13.70855624,14.64700973,14.47116387,14.49558363,14.56609691,14.42280193,14.77752746,14.43733909,14.50414582,14.55729414,14.83614997,14.61842053,0.000692371,0.336535602,0.86213304,0.157181926,0.464539277,0.600781206,-1,0,0,0,0,0,,
Arachidic acid,2,3,3,3,3,3,3,3,3,3,3,2,15.53269564,15.44820805,15.62911327,15.49210996,15.63321272,15.52774552,15.59757716,15.73458047,15.53800836,15.42722844,15.55367525,15.64347556,0.60060567,0.558640266,0.558640266,0.558640266,0.558640266,0.60060567,0,0,0,0,0,0,,
Arbutin,2,3,3,3,3,3,3,3,3,3,3,2,17.53412906,16.85870243,16.08973781,16.75369935,15.99136757,16.32748851,16.14982922,15.94902872,15.97178648,16.45849467,16.45428267,15.83205471,0.175565212,0.562287165,0.839684769,0.389158284,0.629686994,0.85738738,0,0,0,0,0,0,,
behenic acid,2,3,3,3,3,3,3,3,3,3,3,2,17.36294735,17.43167796,17.80346364,17.47155944,17.77408751,17.46308561,17.53367442,17.74319969,17.47522087,17.60909845,17.62025181,17.74872367,0.329704842,0.402436339,0.787517977,0.781166372,0.173089552,0.280018974,0,0,0,0,0,0,,
Benzene-1,2,4-triol,2,3,3,3,3,2,3,3,3,3,3,2,13.44700109,13.38283569,12.49475178,12.72953698,14.22252726,13.46412124,13.90934798,14.42046456,12.5215504,13.09744894,13.64024588,13.98196027,0.614857134,0.678387222,0.004878476,0.067572886,0.2803331,0.044807713,0,0,-1,0,0,-1
Campesterol,2,3,3,3,3,3,3,3,3,3,3,2,17.54339335,17.35698407,17.60359905,17.44405924,17.51330572,17.39195339,17.50722651,17.4618401,17.44002517,17.45719522,17.3630035,17.29692951,0.528873672,0.960607552,0.251970456,0.605352425,0.324819172,0.299661131,0,0,0,0,0,0,,
Capric acid,2,3,3,3,3,3,3,3,3,3,3,2,14.0407467,14.06160987,14.30012403,14.29006486,14.18677447,14.11841986,14.15378002,14.08576612,14.44695511,14.17253753,14.37115447,14.32115989,0.45630449,0.059002497,0.181754772,0.390099801,0.664417469,0.476799817,0,0,0,0,0,0,,
Caprylic acid,2,3,3,3,3,3,3,3,3,3,3,2,13.21354608,13.46609149,13.55123122,13.71471315,13.41091714,13.53408458,14.03673893,13.58714962,13.75163294,13.45297718,13.5680996,13.53936805,0.453310716,0.719590267,0.899275754,0.263300913,0.664884573,0.505575493,0,0,0,0,0,0,,
Carbonate ion,2,3,3,3,3,3,3,3,3,3,3,2,19.98323069,20.06429918,19.52901451,20.22754329,20.04577985,20.20814774,20.55711049,20.10672214,20.19319842,19.66409224,19.86825491,20.14821429,0.4065686,0.567047243,0.100857954,0.339210082,0.635042533,0.906142562,0,0,0,0,0,0,,
D-arabitol,1,3,2,2,1,2,3,2,3,2,3,2,13.40334986,14.69966381,13.47892662,12.45366503,10.18169222,11.84022447,13.29977078,12.20678245,13.59903016,12.69972246,14.03774905,13.40612085,0.450473019,0.291804193,0.107630488,0.230921624,0.088636833,0.779399372,0,0,0,0,0,0,,
D-fructose,2,3,3,3,3,3,3,3,3,3,3,2,16.65081002,16.65962892,16.89242351,16.86069941,16.875894,17.00826217,17.15417431,17.06668119,16.86054638,16.79564266,17.10221351,17.07736576,0.379387072,0.005671155,0.240349084,0.054367073,0.369264493,0.192975899,0,-1,0,0,0,0,,
D-galactose,2,3,3,3,3,3,3,3,3,3,3,2,15.78733489,15.88761857,15.67173714,16.43627455,16.25323777,16.66959531,16.01991701,15.2553796,16.56348185,16.20369242,15.47126104,16.14712432,0.596320844,0.554022664,0.554022664,0.554022664,0.554022664,0.596320844,0,0,0,0,0,0,,
D-glucose,2,3,3,3,3,3,3,3,3,3,3,2,19.63777841,19.44238766,18.69770489,18.92707847,18.15618068,20.07238641,19.33094773,18.34190819,18.98170337,19.22826332,19.34088797,18.33269526,0.531498642,0.861770971,0.54321169,0.490658439,0.003067343,0.324625561,0,0,0,0,-1,0,,
D-mannitol,2,3,3,3,3,3,3,3,3,3,3,2,18.00990515,18.9131956,17.7715701,18.0374642,17.27489554,18.63198634,18.45904656,17.94640071,18.45687004,17.9584412,19.86031882,18.15940914,0.910561731,0.028881745,0.670245987,0.309315677,0.002896222,0.518134699,0,-1,0,0,-1,0,,
D-xylose,2,3,3,3,3,3,3,3,3,3,3,2,12.89459078,13.8474792,13.35294943,13.29890144,12.89820729,13.34153666,13.23506518,12.04520954,13.48571944,12.92900604,13.63836632,12.12531288,0.933969666,0.574909609,0.001750888,0.863615188,0.240259499,0.003165023,0,0,1,0,0,1,,
Ethanolamine,2,3,3,3,3,3,3,3,3,3,3,2,14.43709291,14.85196773,14.89961921,15.32381121,14.54406283,15.34527426,15.08946872,15.24922294,15.23548923,15.07905647,15.20141034,15.19049126,0.09175647,0.294881092,0.294664071,0.479345154,0.022205846,0.902762947,0,0,0,0,-1,0,,
Fumaric acid,2,3,3,3,3,3,3,3,3,3,3,2,14.28938369,14.06507318,13.06217038,14.04507731,13.93233888,13.76876772,14.20864847,13.22574154,13.77728095,14.12581253,14.22864434,13.94085211,0.823153303,0.802715289,0.802715289,0.802715289,0.802715289,0.823153303,0,0,0,0,0,0,,
Gerulic acid,1,3,3,3,3,3,3,3,3,3,3,2,13.03232686,14.35574931,14.59224549,14.3382146,14.72833969,14.84148439,14.24303377,14.15779899,14.039278,14.3710456,14.27025998,14.07255269,0.008412831,0.79540781,0.196308244,0.772861956,0.731624578,0.928021589,-1,0,0,0,0,0,,
Glucosamine-1-phosphate,2,3,3,3,3,3,3,3,3,3,3,2,17.51290603,16.79818196,17.58437076,17.63623656,17.57324303,17.49137385,17.94603013,17.76086032,17.72394147,17.45426108,17.77996153,17.72729947,0.879609071,0.008934597,0.611283895,0.375260515,0.813188338,0.993078327,0,-1,0,0,0,0,,
Glycerol,2,3,3,3,3,3,3,3,3,3,3,2,19.38678065,19.51639023,19.19860649,19.28167882,19.45090626,19.16110245,19.51772446,18.78084753,19.14255774,19.04162441,19.2326597,18.74242791,0.440895042,0.478288812,0.299708215,0.554558182,0.46903258,0.372742933,0,0,0,0,0,0,,
Glycerol 3-phosphate,2,3,3,3,3,3,3,3,3,3,3,2,14.82612016,14.13502735,14.62291723,14.02116702,15.15386174,14.04272019,14.30671481,15.12269984,14.28838253,14.92410707,13.79372118,15.0142676,0.8362359,0.424034354,0.24564189,0.502656151,0.014562519,0.135511825,0,0,0,0,1,0,,
Glycolic acid,2,3,3,3,3,3,3,3,3,3,3,2,13.65960055,13.76304098,13.75533352,13.80941121,13.79736341,14.01896024,14.04974923,14.03558782,13.87289989,13.84126042,14.17640206,13.96556522,0.339562783,0.021109693,0.106349733,0.16282612,0.196685811,0.623440101,0,-1,0,0,0,0,,
Heptadecanoic acid,2,3,3,3,3,3,3,3,3,3,3,2,14.81200461,15.00439857,14.93329889,15.02783809,14.91314139,15.07713511,15.1659909,15.02928984,14.99071112,14.88592833,15.21171419,15.05051946,0.646519183,0.158992458,0.506682614,0.341841641,0.261179835,0.710379302,0,0,0,0,0,0,,
Isomaltose,2,3,3,2,3,3,3,3,3,3,3,2,12.57748409,14.85401634,13.55944284,13.96738591,13.98853065,10.96110466,13.54725205,13.58891799,13.27910116,12.29705151,14.19308909,14.13164947,0.82495982,0.56141349,0.979253017,0.740565196,0.013319663,0.503412883,0,0,0,0,1,0,,
Lactic acid,2,3,3,3,3,3,3,3,3,3,3,2,15.93200808,15.98826557,15.86145312,15.40132574,15.61643292,15.49736753,15.42966758,15.91817959,15.24506891,15.08842068,16.04740973,16.02591788,0.036976291,0.863398741,0.868927586,0.934274814,0.729344464,0.051881773,1,0,0,0,0,0,,
Lauric acid,2,3,3,3,3,3,3,3,3,3,3,2,14.35212674,14.29322176,14.4544233,14.48491433,14.39138473,14.28972689,14.46013245,14.60811947,14.71077292,14.59393313,14.57700148,14.74373377,0.183745337,0.085453938,0.339994313,0.876471616,0.525526257,0.853309249,0,0,0,0,0,0,,
L-glutamic acid,2,3,3,3,3,3,3,3,3,3,3,2,16.18518494,16.63525232,16.49492127,16.38306663,16.58242148,17.06290343,16.63414954,16.42770915,16.29824036,16.24492446,17.16689184,16.60117224,0.857613261,0.084591643,0.821487496,0.402839126,0.11683289,0.367285666,0,0,0,0,0,0,,
Linoleic acid,2,3,3,3,3,3,3,3,3,3,3,2,16.54237631,17.31333548,16.7204673,16.7196237,16.62164794,17.2007184,16.83550087,17.03105114,17.03279949,16.98700392,17.03823117,17.12504194,0.129569646,0.28776713,0.231726096,0.650830098,0.031769027,0.746973234,0,0,0,0,-1,0,,
L-pyroglutamic acid,2,3,3,3,3,3,3,3,3,3,3,2,12.83770876,13.14068437,13.02528484,12.89987206,12.78464941,12.87395499,12.81056648,12.93597926,13.09419178,12.92701434,13.0513788,13.0048862,0.824793641,0.80453717,0.80453717,0.80453717,0.80453717,0.824793641,0,0,0,0,0,0,,
L-Sorbose,2,3,3,3,2,2,3,2,3,3,3,2,11.42775804,14.28305104,11.72711349,12.29789657,9.592334052,12.83689642,13.06596766,10.66277875,12.50166091,12.11315141,13.6543546,10.56046922,0.54474868,0.534623574,0.350257381,0.449223363,0.015298776,0.09684471,0,0,0,0,-1,0,,
Maltose,2,2,3,3,3,3,3,3,3,3,3,2,12.13865528,12.96250208,13.09833889,13.44326178,13.19710844,13.68596802,12.95440221,12.60947932,12.87277287,12.62751486,12.4736425,12.38391329,0.685191374,0.685191374,0.65053883,0.65053883,0.65053883,0.685191374,0,0,0,0,0,0,,
Myo-inositol,2,3,3,3,3,3,3,3,3,3,3,2,17.53232117,18.01905317,17.71954467,17.76018795,17.52235487,17.64339119,18.13987535,17.83397959,17.76022573,17.47666441,18.20900616,17.65591244,0.839714997,0.443149578,0.642643439,0.132790105,0.623689286,0.704964627,0,0,0,0,0,0,,
Myristic acid,2,3,3,3,3,3,3,3,3,3,3,2,14.63296026,14.28135304,13.7455494,15.99815914,15.73391651,15.54075473,17.03380954,16.06510024,15.55041664,14.86961222,16.82569408,15.50284505,0.889605806,0.105556013,0.138116873,0.499231234,0.899199868,0.977735488,0,0,0,0,0,0,,
nonanoic acid,2,3,3,3,3,3,3,3,3,3,3,2,18.62376338,18.38979627,18.49953583,18.65800388,18.51018339,18.69829225,18.802453,18.85339342,18.62063293,18.57269001,18.81332478,18.57227052,0.752798883,0.007287935,0.021724844,0.324205802,0.202633836,0.765498003,0,-1,-1,0,0,0,,
Oleic acid,2,3,3,3,3,3,3,3,3,3,3,2,15.75787852,16.09145892,15.97214388,15.85674268,15.78033356,16.09360179,16.08331615,16.11646955,15.9551038,16.08355907,16.0991455,16.11575847,0.110685078,0.965413692,0.419072267,0.209505443,0.087655815,0.421080922,0,0,0,0,0,0,,
Palatinitol,1,3,3,3,3,3,3,3,3,3,3,2,13.63170615,13.73931125,13.91685977,13.55373127,11.83711411,12.92205488,14.96816948,15.15549031,13.97993244,12.17637865,14.07754261,13.72412647,0.353261524,0.758105867,0.266054923,0.206077374,0.328294404,0.834870821,0,0,0,0,0,0,,
Palatinose,2,3,3,3,3,3,3,3,3,3,3,2,14.29071244,14.35489322,14.20712761,14.66382743,14.59788734,14.84863852,14.41307626,13.95637643,13.78384527,14.54146362,14.10414204,13.5330941,0.651470944,0.613740804,0.613740804,0.613740804,0.613740804,0.651470944,0,0,0,0,0,0,,
Palmitic acid,2,3,3,3,3,3,3,3,3,3,3,2,22.02767725,22.23372845,22.17584113,21.99380505,22.11013634,21.91042049,22.10880655,22.08278789,21.83657225,22.11519102,22.55794887,21.88420325,0.644884269,0.065875671,0.584143329,0.499538426,0.245849547,0.801599735,0,0,0,0,0,0,,
Palmitoleic acid,2,3,3,3,3,3,3,3,3,3,3,2,14.07631907,14.3705109,14.30867732,14.30725437,14.33511286,14.44641825,14.45490882,14.56506962,14.41705391,14.31656739,14.54967744,14.53743817,0.145021742,0.220929906,0.085126667,0.310429311,0.442170476,0.457003738,0,0,0,0,0,0,,
pentasiloxane,2,3,3,3,3,3,3,3,3,3,3,2,16.19846617,17.90290043,16.72434149,17.54218331,17.45154342,17.8400375,17.15368923,16.33584741,16.86442191,16.58696026,17.51440635,16.47592782,0.608257756,0.566896358,0.566896358,0.566896358,0.566896358,0.608257756,0,0,0,0,0,0,,
Porphine,2,3,3,3,3,3,3,3,3,3,3,2,17.55150592,18.05814199,17.69951089,18.22693993,18.34981193,18.41038447,18.65413912,18.70971127,18.76923229,17.413753,18.22935097,18.53609772,0.787372005,0.70802596,0.035621273,0.354083008,0.894440971,0.648554297,0,0,-1,0,0,0,,
Scyllo-inositol,2,3,3,3,3,3,3,3,3,3,3,2,12.57287985,14.49879382,14.33442938,13.53874961,12.57095038,13.05362113,13.33884228,13.11199352,14.4800713,14.06740397,14.37224688,14.10897379,0.062872066,0.854550629,0.086941163,0.772262601,0.486709448,0.631424202,0,0,0,0,0,0,,
Stearic acid,2,3,3,3,3,3,3,3,3,3,3,2,22.28713209,22.3162311,22.2469152,21.86693665,22.05135372,21.68420509,21.88581099,22.00767694,21.59333285,22.06179461,22.48549114,21.64802835,0.328866153,0.41071931,0.248547733,0.926343363,0.082547988,0.810733351,0,0,0,0,0,0,,
Succinic acid,2,3,3,3,3,3,3,3,3,3,3,2,16.4528136,16.57563183,16.67863441,16.62985458,16.71091322,16.59899907,16.73425039,16.53914323,16.80556414,16.74352231,16.97256355,16.79426879,0.191742561,0.051835239,0.477575234,0.594113058,0.568010811,0.958737254,0,0,0,0,0,0,,
Sucrose,2,3,3,3,3,3,3,3,3,3,3,2,19.32792485,18.84314559,19.23975842,19.02583826,18.22150649,20.04924372,18.36606147,17.67405895,19.01914901,19.4668336,17.71477353,18.15140849,0.828382936,0.058889174,0.01131007,0.25652002,0.003875743,0.184390399,0,0,1,0,-1,0,,
Tagatose,2,3,3,3,3,3,3,3,3,3,3,2,17.67840261,18.19160911,16.99421188,17.04021132,15.70955502,17.95674179,17.15087115,15.99126499,16.9624765,17.35076276,17.15899648,16.54946186,0.626571951,0.096042816,0.105370209,0.853885213,0.001019799,0.540300328,0,0,0,0,-1,0,,
Trehalose,2,3,3,3,3,3,3,3,3,3,3,2,25.01130222,25.03313817,24.91477177,25.00266984,24.9454944,24.76654772,25.18161652,25.09371845,24.96335357,24.83235554,25.21208485,25.14230025,0.386524555,0.334004356,0.334004356,0.334004356,0.334004356,0.386524555,0,0,0,0,0,0,,
Turanose,2,3,3,3,3,3,3,3,3,3,3,2,13.94454765,13.97495265,13.21515864,13.93825283,13.91128011,13.55079217,14.06485832,13.63620598,14.01337358,12.49829336,13.21184554,14.79660684,0.173666059,0.415740779,0.65167688,0.891794179,0.6989435,0.454456405,0,0,0,0,0,0,,
Ursolic acid,2,3,3,3,3,3,3,3,3,3,3,2,17.19555859,16.46094328,16.67353212,16.35638596,16.03967502,16.26432561,15.96178842,16.65054827,16.31677432,16.4281753,16.25403034,16.56192463,0.066166905,0.565940068,0.948965903,0.278360681,0.533397338,0.543162899,0,0,0,0,0,0,,
1-Octadecanol,2,3,3,3,3,3,3,3,3,3,3,2,15.37544264,15.19928948,15.5324324,15.6137592,15.42436858,15.64108154,15.70279133,15.39243761,15.45977943,15.55656263,15.73923966,15.61673841,0.277610808,0.001218503,0.346478589,0.546918773,0.150614297,0.345151957,0,-1,0,0,0,0,,
3-Methoxy-4-hydroxyphenol 1-O-?-D-glucopyranoside,2,3,3,3,3,2,3,3,3,3,3,2,13.9830656,13.78354326,11.84489901,13.07656061,12.21031829,14.65163899,12.43127574,12.20978326,12.77904589,12.97621689,13.37024293,13.23771079,0.531584482,0.773203506,0.799121684,0.653217768,0.137922345,0.774832857,0,0,0,0,0,0,,
4-Diphenylphosphinoyl-5-methylhex-2-enyl tert-butyl(dimethyl)silyl ether,2,3,3,3,3,3,3,3,3,3,3,2,15.1822008,14.92203321,15.04151685,15.19697852,14.84121966,14.92748384,14.94870375,14.59121167,14.94760108,15.19605423,15.2453746,14.96176588,0.964650291,0.254621846,0.117538006,0.378816816,0.757921832,0.963856353,0,0,0,0,0,0,,
Azelaic acid,2,3,3,3,3,3,3,3,3,3,3,2,14.17860612,14.2129927,14.44008041,14.57946826,14.52186983,14.77317448,14.78725237,15.18692293,14.82954052,14.94603096,14.92118105,15.1017476,0.062582559,0.055295357,0.044206159,0.558696669,0.480202661,0.493844972,0,0,-1,0,0,0,,
Lignoceric acid,2,3,3,3,3,3,3,3,3,3,3,2,15.32847034,15.4962312,15.67293983,15.11142411,16.52604319,15.86103713,15.52327139,14.62080939,15.50245499,15.38626781,15.00123264,15.56977428,0.947886313,0.533238151,0.192160887,0.603676777,0.404237451,0.939317336,0,0,0,0,0,0,,
Monomethyl succinic acid,2,3,3,3,3,3,3,3,3,3,3,2,14.47380919,14.93286821,14.42375716,14.52354298,14.72232439,14.48052953,14.76533783,14.66555202,14.16619675,14.23201433,15.17466307,14.40799161,0.640354722,0.601656259,0.601656259,0.601656259,0.601656259,0.640354722,0,0,0,0,0,0,,
Sugars - Disaccharide1,2,3,3,3,3,3,3,3,3,3,3,2,15.4892786,15.36981893,14.24855588,15.31659171,16.02372408,14.90070183,15.74043879,14.92542556,15.68679371,14.39307877,14.78959008,15.49219725,0.171300574,0.411646677,0.339532936,0.547238579,0.119520595,0.804107587,0,0,0,0,0,0,,
Sugars - Disaccharide2,2,3,3,3,3,3,3,3,3,3,3,2,14.77667257,14.62396487,13.60015581,14.53847163,15.23543731,14.00485577,14.97787086,14.17083693,14.95198716,13.8007193,14.03879648,14.7591824,0.232141627,0.418942847,0.430383726,0.542583274,0.097231496,0.810448429,0,0,0,0,0,0,,
Sugars - Disaccharide3,2,3,3,3,3,3,3,3,3,3,3,2,13.12866868,13.34084649,12.84818964,12.89944452,12.20220898,12.82109523,12.78270055,12.53896956,12.84999847,12.59683979,12.64610827,12.87199113,0.176039203,0.053336902,0.373303262,0.734771027,0.082563851,0.954419592,0,0,0,0,0,0,,
Sugars - Disaccharide4,2,3,3,3,3,3,3,3,3,3,3,2,14.5253416,13.67662049,13.7493775,13.60958807,14.00556583,13.80153516,14.22833219,13.45899559,13.14005718,13.32003022,14.14669528,14.02637507,0.077040318,0.427252734,0.62227079,0.298564551,0.728868255,0.186331242,0,0,0,0,0,0,,
Sugars - Disaccharide5,2,3,3,3,3,3,3,3,3,3,3,2,17.26253291,17.00119021,16.93975826,17.27566605,17.31286857,17.21724341,17.22788638,17.28004279,17.2552162,17.11606939,17.51937866,17.21834017,0.616710577,0.057044553,0.200797272,0.854788194,0.714475923,0.899445741,0,0,0,0,0,0,,
Sugars - Disaccharide6,2,3,3,3,3,3,3,3,3,3,3,2,16.39125861,15.85124781,15.82538016,15.96524121,15.58433552,15.90173152,16.23963289,16.2981023,15.99132189,15.89954095,16.05002748,16.12963845,0.242308613,0.592540268,0.20993794,0.461409183,0.395227306,0.738574138,0,0,0,0,0,0,,
Sugars - Monosaccharide - Deoxy,2,3,3,3,3,3,3,3,3,3,3,2,13.85485366,13.76962848,13.0039856,13.55904267,12.99745865,13.71242239,13.65909994,13.71001906,13.49595976,13.61541537,13.70175779,13.3071187,0.671958063,0.893044527,0.171086109,0.842915019,0.165963258,0.738198803,0,0,0,0,0,0,,
Sugars - Monosaccharide - Phosphate,2,3,3,3,3,3,3,3,3,3,3,2,14.53295287,13.72628798,14.24941526,13.98768025,14.22560532,13.78718666,14.42609891,14.68783393,14.18514973,14.0945342,14.16470665,14.6235684,0.376551386,0.323916403,0.323916403,0.323916403,0.323916403,0.376551386,0,0,0,0,0,0,,
Sugars - Monosaccharide Hexose1,2,3,3,3,3,3,3,3,3,3,3,2,14.08698299,14.73102333,14.27078386,14.19667616,13.58600004,13.73796421,14.04471198,14.11881969,14.31285599,14.23894717,14.57905916,14.16089182,0.70246808,0.669452873,0.669452873,0.669452873,0.669452873,0.70246808,0,0,0,0,0,0,,
Sugars - Monosaccharide Hexose2,2,3,3,3,3,3,3,3,3,3,3,2,13.58027251,14.33327507,12.87402431,13.65740361,12.71223029,13.4788614,14.41899441,13.35291437,13.40628323,13.55061668,14.46499985,13.86018789,0.970262567,0.853182445,0.503134589,0.290706341,0.287606702,0.569723947,0,0,0,0,0,0,,
Sugars - Monosaccharide Hexose3,2,3,3,3,3,3,3,3,3,3,3,2,13.34578344,13.96441366,12.40781921,13.29002641,11.89049194,13.46549057,13.82827253,12.57421417,12.75688406,13.11112558,14.25713678,13.67434789,0.725730304,0.625113868,0.780806914,0.372052898,0.014100552,0.178660217,0,0,0,0,-1,0,,
Sugars - Trisaccharide1,2,3,3,3,3,3,3,3,3,3,3,2,18.5114584,19.14804559,18.68714656,18.78265361,19.01864367,18.59522453,19.20607275,19.11056571,18.74518886,18.08803926,19.57146473,19.168608,0.540346427,0.494086798,0.494086798,0.494086798,0.494086798,0.540346427,0,0,0,0,0,0,,
Sugars - Trisaccharide2,2,3,3,3,3,3,3,3,3,3,3,2,19.26729156,18.85180319,19.47962168,18.35199112,19.39241734,18.89840447,18.22974648,18.63023221,18.68435692,19.29937781,17.73114119,17.59866191,0.967442791,0.121204335,0.234701167,0.862022585,0.484779342,0.176383138,0,0,0,0,0,0,,
Sugars - Trisaccharide3,2,3,3,3,3,3,3,3,3,3,3,2,16.2388161,17.01285644,16.77131554,16.56149366,15.0440896,16.89928077,16.82523472,16.02078861,17.01741664,16.70406674,17.11773019,17.28055959,0.362249753,0.816776792,0.107480509,0.561403997,0.000420346,0.603985374,0,0,0,0,-1,0,,
Corosolic acid,2,3,3,3,3,3,3,3,3,3,3,2,19.92228385,19.4156723,19.66443315,19.38224243,19.16561244,19.35435636,18.99836094,19.42071041,19.13409847,19.40851943,19.2079945,19.35453782,0.11455575,0.465559193,0.392877959,0.183671807,0.506752739,0.488177899,0,0,0,0,0,0,,
1-(4-(4'-chlorophenyl)-2-thiazolyl)-3-(2-hydroxy-phenyl)-5-(2-butyl-4-chloro-1H-imidazol,2,3,3,3,3,3,2,3,2,1,3,1,12.8216768,12.53384475,12.51913133,11.75626799,12.15286118,11.99510963,10.45651601,12.9456351,12.44176705,12.93770238,10.988855,8.235702421,0.945022068,0.180124065,0.704362444,0.307595555,0.888180831,0.021268811,0,0,0,0,0,1,,
1,2-cyclohexanedione,2,3,3,3,3,3,3,3,3,3,3,2,12.43646861,12.20257532,11.85528885,13.48109141,12.81759563,13.3909321,13.78114054,13.59749374,13.46904215,12.08308843,13.42657676,13.04259929,0.680689597,0.12056165,0.031391757,0.69599299,0.457382416,0.619778876,0,0,-1,0,0,0,
3-(4-hydroxyphenyl)propionic acid (phloretic acid),2,3,3,3,3,3,3,3,3,3,3,2,13.4493329,13.5834357,13.43307214,13.66083502,13.62630136,13.64601387,13.93350819,13.8316465,13.69667155,13.46966701,14.24516392,13.8067793,0.942018436,0.013779091,0.121162343,0.281958334,0.937166633,0.694198031,0,-1,0,0,0,0,,
Alizarin,2,3,3,3,3,3,3,3,3,3,3,2,13.03925587,12.9511258,13.42509721,13.51972541,13.63011983,12.93897332,13.05093028,12.46955565,12.42859547,13.33172401,12.25019898,13.36363518,0.737929474,0.373737807,0.228844658,0.549892612,0.380322445,0.290383142,0,0,0,0,0,0,,
Ciliatine,2,3,3,3,3,3,3,3,3,3,3,2,14.23659101,14.22870113,14.38221166,13.86826032,13.79089095,15.19580813,14.34335739,13.95024013,14.52289319,14.54553891,14.40546421,14.6425703,0.475662388,0.647047609,0.268808856,0.225249497,0.001281699,0.781244762,0,0,0,0,-1,0,,
L-dithiothreitol,2,3,3,3,3,3,3,3,3,3,3,2,10.20086863,11.53822848,11.65364479,12.67984285,12.43669491,11.25917633,12.72528845,12.44739985,13.12413723,12.68804004,12.98102475,12.53827951,0.001486413,0.027962857,0.208875533,0.941583118,0.067845289,0.401951706,-1,-1,0,0,0,0,,
Possible Sterol,2,3,3,3,3,3,3,3,3,3,3,2,13.85931731,14.22038945,15.29238423,15.4561656,14.8154767,14.36343509,13.35451379,14.84416236,13.50095597,15.00999791,13.91924001,14.43796014,0.303420747,0.760723283,0.650789209,0.042645925,0.648026724,0.400091544,0,0,0,1,0,0,,
Unknown - Similarity to Oleic acid,2,3,3,3,3,3,3,3,3,3,3,2,14.95727053,15.34030852,15.1496655,15.14414823,14.85900521,15.13748436,15.39173922,15.38890356,15.04678922,15.14263556,15.39470071,15.0381002,0.377589443,0.770431224,0.207244968,0.192387378,0.144618946,0.966709957,0,0,0,0,0,0,,
Unknown 001,2,3,3,3,3,3,3,3,3,3,3,2,14.99914112,15.82638993,14.66191641,15.4266539,14.4085686,14.06522284,14.20958115,14.11503129,14.15096636,13.92147665,14.14919319,14.08005639,0.282724256,0.068441073,0.538546035,0.178311335,0.698650804,0.942893114,0,0,0,0,0,0,,
Unknown 002,2,3,3,3,3,3,3,3,3,3,3,2,20.19604545,20.18756029,20.1521125,20.2436052,20.1477301,20.23671931,20.35386575,20.42008361,20.3075742,20.46304581,20.36372378,20.43461205,0.045362109,0.131825522,0.026361198,0.337929331,0.43760355,0.323704567,-1,0,-1,0,0,0,,
Unknown 003,2,3,3,3,3,3,3,3,3,3,3,2,14.08767365,14.24809346,14.44061878,14.36898787,14.31244575,14.42194852,14.39217605,14.17382944,15.13656597,14.09534382,14.67991915,14.24004626,0.984239876,0.221723547,0.445453757,0.946769384,0.752808363,0.029051963,0,0,0,0,0,1,,
Unknown 004,2,3,3,3,3,3,3,3,3,3,3,2,18.52356241,17.77118483,16.46504958,16.42728061,16.02610742,17.83869069,16.20932837,17.85626847,17.0022132,16.26195234,16.66568335,17.79422892,0.088283973,0.340268695,0.232899906,0.849364588,0.124253105,0.538637453,0,0,0,0,0,0,,
Unknown 005,2,3,3,3,3,3,3,3,3,3,3,2,13.31240489,13.65635599,13.82526394,13.8390236,13.65648721,13.84169937,13.94688248,13.65118943,13.91044765,13.66108635,14.23957712,13.68519057,0.142199233,0.009383735,0.404673011,0.603841566,0.375783643,0.336106441,0,-1,0,0,0,0,,
Unknown 006,2,3,3,3,3,3,3,3,3,3,3,2,13.43932778,14.1741172,13.69204118,13.54717848,13.78009078,14.03496732,13.99707055,14.59441574,14.99483284,13.71621612,15.80313052,13.46541346,0.813699656,0.130967867,0.394219808,0.669043332,0.808379628,0.201265416,0,0,0,0,0,0,,
Unknown 007,2,3,3,3,3,3,3,3,3,3,3,2,11.75605986,13.15704478,14.13144093,13.98536433,13.72536563,14.47386502,13.69912207,14.39054432,13.57489962,12.74274457,14.36513866,14.01626208,0.287501131,0.149863418,0.751969309,0.727045922,0.365261989,0.630667297,0,0,0,0,0,0,,
Unknown 008,2,3,3,3,3,3,3,3,3,3,3,2,14.60725654,14.77395231,15.10381275,15.03169917,15.25195706,15.23050186,15.44426176,15.06165274,15.09914833,14.91343107,15.24762571,15.09951799,0.341804889,0.106990122,0.88245697,0.157402814,0.940009759,0.999074599,0,0,0,0,0,0,,
Unknown 009,2,3,3,3,3,3,3,3,3,3,3,2,16.12538551,15.94423738,15.68185277,15.99953215,15.97753936,16.11240911,16.50352489,15.99917185,16.0122779,15.53880888,15.90715549,15.77516235,0.06031469,0.88996169,0.243775299,0.070303492,0.615777202,0.431982142,0,0,0,0,0,0,,
Unknown 010,2,3,3,3,3,3,3,3,3,3,3,2,20.08902594,20.1703462,20.60911248,20.19983557,20.36219928,20.18565464,20.0387034,19.77722099,20.45742645,20.46366199,20.68046687,20.34200897,0.30277607,0.122439175,0.015645976,0.61690693,0.583849496,0.748183611,0,0,1,0,0,0,,
Unknown 011,2,3,3,3,3,3,3,3,3,3,3,2,16.72468186,16.64965671,16.71526188,16.89385795,16.71504246,16.91709411,17.04404157,17.03376938,16.92237858,16.62453593,17.04369446,16.83913192,0.522893035,0.009183318,0.030740762,0.288119904,0.157191299,0.594826619,0,-1,-1,0,0,0,,
Unknown 012,2,3,3,3,3,3,3,3,3,3,3,2,13.93308621,14.01952324,14.02575678,14.17197158,14.07841617,14.11186307,14.40425253,14.50049872,14.22220212,13.99649073,14.28600284,13.91653229,0.77440074,0.186514303,0.023756736,0.247300317,0.865678784,0.175779772,0,0,-1,0,0,0,,
Unknown 013,2,3,3,3,3,3,3,3,3,3,3,2,16.51478575,16.23023667,16.47443793,16.37174274,16.36815533,16.36810297,16.41729665,16.58010003,16.34679428,16.13860194,16.29525768,16.17959656,0.049277764,0.691451179,0.520194574,0.780768285,0.999744549,0.365031747,1,0,0,0,0,0,,
Unknown 014,2,3,3,3,3,3,3,3,3,3,3,2,15.69832145,15.82313211,15.84195765,15.92220334,15.76028707,16.05944915,16.24520884,16.19340334,16.09284802,16.04019146,16.20666486,16.16452229,0.08514627,0.033979394,0.050192207,0.070029826,0.091661059,0.709089369,0,-1,0,0,0,0,,
Unknown 015,2,3,3,3,3,3,3,3,3,3,3,2,14.38662293,14.20085891,14.49566923,14.29802882,14.25531799,14.27395383,14.35323165,14.45618647,14.4742592,14.56663425,14.82318482,14.66015016,0.597829957,0.050500708,0.896761015,0.856067802,0.9511576,0.586002507,0,0,0,0,0,0,,
Unknown 016,2,3,3,3,3,3,3,3,3,3,3,2,13.96559527,13.78502906,14.8150029,14.05045817,14.36799739,13.7386591,13.76756528,13.88382671,14.47776901,14.19230007,14.4285918,14.12311456,0.704975321,0.236347562,0.092051396,0.597922019,0.246538591,0.554597229,0,0,0,0,0,0,,
Unknown 017,2,3,3,3,3,3,3,3,3,3,3,2,13.72001064,14.27582406,14.35745366,14.71141972,14.16882249,14.0223315,13.64572739,14.93865685,15.26281432,14.56959213,14.37899436,15.10821976,0.297590154,0.886146655,0.423239983,0.14880013,0.838936486,0.84784991,0,0,0,0,0,0,,
Unknown 018,2,3,3,3,3,3,3,3,3,3,3,2,13.2582806,14.79382785,13.8467779,15.06000715,12.97537459,13.33805757,14.69732417,13.48409493,13.17704475,13.62096358,14.43114487,12.81436178,0.796122882,0.772727923,0.772727923,0.772727923,0.772727923,0.796122882,0,0,0,0,0,0,,
Unknown 019,2,3,3,2,3,3,3,3,3,3,2,2,12.99099756,12.97206192,13.0153358,13.3468633,13.77499273,13.44867148,13.67318455,13.34165706,13.48425574,12.6646763,13.29838317,13.81057699,0.72392767,0.72392767,0.693028098,0.72392767,0.693028098,0.72392767,0,0,0,0,0,0,,
Unknown 020,2,3,3,3,3,3,3,3,3,3,3,2,14.97374537,14.93935287,14.92804851,15.18678492,14.98873884,15.22843444,15.34188395,15.3252169,15.20766532,15.03306882,15.40831318,15.13529639,0.735188089,0.006186481,0.017696713,0.327571071,0.136023663,0.680086468,0,-1,-1,0,0,0,,
Unknown 021,2,3,3,3,3,3,3,3,3,3,3,2,15.22631722,15.45879451,15.43585944,15.82071954,15.23786002,14.65348858,15.68565963,14.80737865,15.57110343,15.00909973,15.4991118,14.89100656,0.662846985,0.927758854,0.166879655,0.761565374,0.197381482,0.180333448,0,0,0,0,0,0,,
Unknown 022,2,3,3,3,3,3,3,3,3,3,3,2,13.93025462,13.5780239,13.01410105,13.28124371,13.9569105,13.90043997,13.79693601,13.75566842,13.83427562,13.20558744,13.84660205,13.17856703,0.215243315,0.602267458,0.158438143,0.321018129,0.912485355,0.260630633,0,0,0,0,0,0,,
Unknown 023,2,3,3,3,3,3,3,3,3,3,3,2,18.41574115,18.33836452,18.68696575,18.39075115,18.59456777,18.38545856,18.455181,18.09416892,18.78619278,18.56102182,18.83529125,18.56448118,0.699224537,0.148600998,0.087921018,0.847880765,0.535216436,0.556339397,0,0,0,0,0,0,,
Unknown 024,2,3,3,3,3,3,3,3,3,3,3,2,14.1146392,14.12434748,14.02410968,14.12144587,14.02750117,14.27374543,14.29077043,14.41118195,13.91167994,14.0324455,14.15006969,14.11558746,0.748833279,0.910710699,0.1018873,0.46311877,0.289242599,0.429811498,0,0,0,0,0,0,,
Unknown 025,2,3,3,3,3,3,3,3,3,3,3,2,14.08615703,14.4751,14.25564836,14.73696201,14.57353917,14.47729169,14.8332095,14.35189584,13.81575566,13.98990955,14.57134748,13.91200315,0.8539703,0.836978708,0.836978708,0.836978708,0.836978708,0.8539703,0,0,0,0,0,0,,
Unknown 026,2,3,3,3,3,3,3,3,3,3,3,2,13.21753535,13.08403234,11.98275652,13.0502647,11.51579605,11.82602483,13.12398098,12.0338595,11.35591927,12.38658529,13.10332163,12.59793209,0.231696405,0.974821874,0.933366975,0.904010718,0.612786058,0.07953832,0,0,0,0,0,0,,
Unknown 027,2,3,3,3,3,3,3,3,3,3,3,2,14.59342675,13.89927913,12.86449357,14.36678958,14.13923507,14.34088129,14.16514337,12.66284736,13.35348885,14.79507297,13.69763291,13.15184263,0.76753597,0.741092584,0.741092584,0.741092584,0.741092584,0.76753597,0,0,0,0,0,0,,
Unknown 028,2,3,3,3,3,3,3,3,3,3,3,2,15.14741397,15.50997157,15.49975543,15.54900175,15.14849351,15.82684817,15.70051154,15.78658162,15.63743577,15.80119455,16.06339122,15.82570597,0.042218058,0.05341104,0.301584104,0.581937196,0.020280691,0.540928802,-1,0,0,0,-1,0,,
Unknown 029,2,3,3,3,3,3,3,3,3,3,3,2,13.65386854,13.27952986,13.62869098,13.71815698,13.49486887,13.93534914,13.61506988,13.76289287,13.77819742,13.81214649,13.58123789,14.04255313,0.522210741,0.179641406,0.543895167,0.640479052,0.055339681,0.289154809,0,0,0,0,0,0,,
Unknown 030,2,3,3,3,3,3,3,3,3,3,3,2,13.02734085,14.21508698,13.88076404,13.93408475,13.89186851,13.8256235,14.00032976,13.94700905,13.26813456,12.96109584,14.28133199,13.33437957,0.902886959,0.891496146,0.891496146,0.891496146,0.891496146,0.902886959,0,0,0,0,0,0,,
Unknown 031,2,3,3,3,3,3,3,3,3,3,3,2,14.38474555,14.27854001,14.56672717,14.70781991,14.65640428,14.29426907,14.70824517,14.19380777,14.51179877,14.35218405,14.69323834,14.23333545,0.89291131,0.06540915,0.095147913,0.998431271,0.104493083,0.256627887,0,0,0,0,0,0,,
Unknown 032,2,3,3,3,3,3,3,3,3,3,3,2,18.68021057,18.53240125,18.63326737,18.74289083,18.59129835,18.74355298,18.89155133,18.86309841,18.73946069,18.60580322,18.88498589,18.72165601,0.638706554,0.019399492,0.114366839,0.299108074,0.287866395,0.910333591,0,-1,0,0,0,0,,
Unknown 033,2,3,3,3,3,3,3,3,3,3,3,2,17.90349722,17.51230882,18.07643847,17.51443326,17.66752389,17.43216612,17.4004115,17.39958395,18.1175837,17.86291387,18.33329504,17.85244034,0.921221448,0.033878529,0.075525145,0.756303971,0.523294296,0.520163264,0,-1,0,0,0,0,,
Unknown 034,2,3,3,3,3,3,3,3,3,3,3,2,16.44646048,15.96792695,16.21380712,16.3770373,16.5132174,16.22444285,16.66581184,16.50258167,16.51723,16.15768594,16.2567015,16.80600454,0.268400789,0.217533232,0.217533232,0.217533232,0.217533232,0.268400789,0,0,0,0,0,0,,
Unknown 035,2,3,3,3,3,3,3,3,3,3,3,2,15.87919279,16.05536536,14.5250647,14.9203272,14.58539707,15.19316672,16.05016213,16.13150321,16.28156033,15.83881933,15.38596936,16.1958671,0.971267519,0.506509546,0.119338352,0.266614431,0.546066025,0.939064287,0,0,0,0,0,0,,
Unknown 036,2,3,3,3,3,3,3,3,3,3,3,2,15.35920567,13.64137381,15.24551243,14.02810561,15.52333464,15.26182563,14.58719902,15.54375003,16.3891968,14.84089776,15.62522759,15.32360949,0.704931555,0.114870751,0.807350359,0.648145916,0.830664379,0.438696723,0,0,0,0,0,0,,
Unknown 037,2,3,3,3,3,3,3,3,3,3,3,2,13.54038206,13.40449085,13.44423734,13.49401631,13.56832161,13.68520693,13.77559528,13.94463057,13.73184039,13.60635752,13.79867079,13.83260877,0.831831125,0.165225827,0.082042695,0.316318301,0.674498028,0.745850536,0,0,0,0,0,0,,
Unknown 038,2,3,3,3,3,3,3,3,3,3,3,2,14.64012703,14.84341726,14.81088056,14.86281952,14.86041879,14.99525361,14.89418618,15.14313685,15.26756856,14.47071183,15.1453689,14.79537944,0.642896961,0.359031279,0.313824462,0.923357582,0.679765786,0.203609891,0,0,0,0,0,0,,
Unknown 039,2,3,3,3,3,3,3,3,3,3,3,2,15.47508129,15.45981813,15.54262066,15.63597492,15.59606204,15.52720446,15.75073289,15.85800595,15.5774376,15.39400403,15.76134837,15.54116451,0.600471744,0.037848819,0.030583864,0.409440651,0.618876232,0.814283513,0,-1,-1,0,0,0,,
Unknown 040,2,3,3,3,3,3,3,3,3,3,3,2,15.4140609,16.39742582,16.03752708,16.63953947,16.28355468,15.77128207,16.44657258,15.76806346,16.24411595,15.67775676,16.11560685,15.74431635,0.596708136,0.52778864,0.545882075,0.664738148,0.256027631,0.319897126,0,0,0,0,0,0,,
Unknown 041,2,3,3,3,3,3,3,3,3,3,3,2,15.1111271,15.14585363,15.1797976,14.76458081,15.15172558,14.67151342,14.67787029,14.48289207,14.64885305,14.73375232,14.62987633,14.54298632,0.419386286,0.221592893,0.103404455,0.834519391,0.254217435,0.819559504,0,0,0,0,0,0,,
Unknown 042,2,3,3,3,3,3,3,3,3,3,3,2,15.40922041,15.42067773,15.68268365,15.88716206,15.22931109,14.9377901,16.17868305,15.97420465,15.52183527,15.11769941,15.71219873,15.81335627,0.760545462,0.733370305,0.733370305,0.733370305,0.733370305,0.760545462,0,0,0,0,0,0,,
Unknown 043,2,3,3,3,3,3,3,3,3,3,3,2,13.56911049,13.63985387,13.47897298,13.54383758,13.47675102,13.44953783,13.57105077,13.50618617,13.52865347,13.5418973,13.66706706,13.55586667,0.878306275,0.864083789,0.864083789,0.864083789,0.864083789,0.878306275,0,0,0,0,0,0,,
Unknown 044,2,3,3,3,3,3,3,3,3,3,3,2,13.85621925,13.1026106,13.31003608,13.45617526,13.44934592,13.39376751,13.51175367,13.36561449,13.66090113,13.80064083,13.15818901,13.71647954,0.914093381,0.904003177,0.904003177,0.904003177,0.904003177,0.914093381,0,0,0,0,0,0,,
Unknown 045,2,3,3,3,3,3,3,3,3,3,3,2,14.25455613,13.17689069,13.1892911,13.73195351,14.22717536,14.58544699,14.57563682,13.96548901,15.57651037,13.54149527,14.11153559,13.82224764,0.430849219,0.252151848,0.339353868,0.299942667,0.656544698,0.061033604,0,0,0,0,0,0,,
Unknown 046,2,3,3,3,3,3,3,3,3,3,3,2,11.06182705,12.24016742,12.01384145,11.9117266,12.22657306,11.97508677,12.34724126,12.01590233,11.52037566,12.00295512,12.11643077,11.80862732,0.111482347,0.809691886,0.996797534,0.400206389,0.625242543,0.616606818,0,0,0,0,0,0,,
Unknown 047,2,3,3,3,3,3,3,3,3,3,3,2,16.32614108,16.19367252,16.13706226,15.83720196,16.09289339,16.44325237,16.17866482,16.21305748,16.13550236,16.22060546,16.28478045,16.35499884,0.768036781,0.775877076,0.812238487,0.291747167,0.279678115,0.540937164,0,0,0,0,0,0,,
Unknown 048,2,3,3,3,3,3,3,3,3,3,3,2,13.99845999,13.61629481,14.08744098,13.99221442,14.75559566,14.34423961,14.40357047,14.49879703,14.38521866,13.58710394,14.02765086,14.79657471,0.58486702,0.54169895,0.54169895,0.54169895,0.54169895,0.58486702,0,0,0,0,0,0,,
Unknown 049,2,3,3,3,3,3,3,3,3,3,3,2,15.67471158,15.57886668,15.45433763,15.59168418,15.41121546,15.95722158,14.56551772,16.1253012,15.82532451,16.16219338,15.61496162,16.05420457,0.367180068,0.939932339,0.170530631,0.041341059,0.261289497,0.669734909,0,0,0,1,0,0,,
Unknown 050,2,3,3,3,3,3,3,3,3,3,3,2,13.50507711,13.46179864,13.40332562,13.55123686,13.75525805,13.764535,14.2316843,13.56161526,13.68808774,13.45823408,13.85459919,13.69858467,0.902620945,0.258333315,0.644665756,0.056837327,0.978383669,0.978123268,0,0,0,0,0,0,,
Unknown 051,2,3,3,3,3,3,3,3,3,3,3,2,14.05783619,13.82438366,13.90796672,14.4265455,15.11640918,14.65339054,14.41834627,15.34566786,14.15043481,14.16267925,14.7086771,12.86680033,0.879430667,0.161948299,0.027984705,0.989415016,0.456644427,0.073568155,0,0,-1,0,0,0,,
Unknown 052,2,3,3,3,3,3,3,3,3,3,3,2,14.33046551,13.57670619,12.7309755,13.96858937,13.55613271,14.0316542,13.85355085,14.07821738,14.03191559,14.19834791,14.41680572,14.18593126,0.82485735,0.125613724,0.018120234,0.829420691,0.377233457,0.796461274,0,0,-1,0,0,0,,
Unknown 053,2,3,3,3,3,3,3,3,3,3,3,2,12.31744081,14.33614402,14.64691487,14.35783416,13.98614546,14.94618465,14.47019408,14.82057837,13.5279389,14.29557608,14.62760203,15.24680162,0.00432232,0.605525362,0.757816472,0.841770651,0.098370864,0.011323467,-1,0,0,0,0,-1,,
Unknown 054,2,3,3,3,3,3,3,3,3,3,3,2,21.1276776,20.79349294,20.95498985,20.58421776,20.76467908,20.804054,19.85294777,20.94248866,20.63366367,21.58717495,20.60857711,21.15241825,0.413694838,0.711342265,0.980009549,0.152394377,0.937098956,0.357107147,0,0,0,0,0,0,,
Unknown 055,2,3,3,3,3,3,3,3,3,3,3,2,16.44631663,16.61569087,16.60724952,16.80851783,16.74624755,16.42851353,16.36318656,16.98360444,16.91264077,16.74590674,16.40165192,16.80486551,0.549725287,0.632283627,0.402704546,0.323638118,0.478885057,0.829014459,0,0,0,0,0,0,,
Unknown 056,2,3,3,3,3,3,3,3,3,3,3,2,12.81668355,13.69101264,13.55277819,13.79967048,13.75254886,13.82157941,13.98080633,14.38711197,13.90955684,14.21727641,14.37747645,14.52701291,0.007083084,0.117975219,0.060650252,0.671869425,0.871531095,0.204060441,-1,0,0,0,0,0,,
Unknown 057,2,3,3,3,3,3,3,3,3,3,3,2,15.39859443,15.16330416,15.25320664,15.32359163,15.22798904,15.37845795,15.41869209,15.65199953,15.23832859,15.25731021,15.52920203,15.10861334,0.475069414,0.047017821,0.031753201,0.589957871,0.396213397,0.511583707,0,-1,-1,0,0,0,,
Unknown 058,2,3,3,3,3,3,3,3,3,3,3,2,14.64590387,14.69081653,14.74228546,15.08584207,14.44988101,14.70704169,14.88863467,14.86840867,14.75986886,14.81425129,15.10155393,14.08977635,0.508098998,0.080035583,0.578779076,0.387774071,0.262895215,0.013742467,0,0,0,0,0,1,,
Unknown 059,2,3,3,3,3,3,3,3,3,3,3,2,10.67205625,12.6970492,13.39403873,13.57021416,12.42585185,13.26973266,13.71436303,13.53606878,13.1471535,13.9022708,13.1248863,13.56983738,0.000444447,0.547551692,0.841163846,0.838828775,0.241050105,0.594764327,-1,0,0,0,0,0,,
Unknown 060,2,3,3,3,3,3,3,3,3,3,3,2,14.00673261,13.75710405,13.5891894,14.05480321,13.78127122,13.96051504,14.03653293,14.31892702,13.88971738,14.10160552,14.09301823,13.70727325,0.776161952,0.266770683,0.021492321,0.951142868,0.54940661,0.585482435,0,0,-1,0,0,0,,
Unknown 061,2,3,3,3,3,3,3,3,3,3,3,2,14.6890454,14.10841156,14.51644392,14.19978979,14.68853193,14.42211051,14.08892646,15.58212584,14.49835595,14.91376884,15.36907295,14.40853883,0.764842828,0.070684859,0.122591718,0.868860271,0.691972396,0.904753334,0,0,0,0,0,0,,
Unknown 062,2,3,3,3,3,3,3,3,3,3,3,2,12.45000947,13.20159035,12.84656869,12.95097633,12.82117125,13.03250519,12.86097345,13.49751652,13.57826982,13.21058812,13.55941272,13.35543726,0.156179059,0.448150211,0.173991953,0.847756405,0.652764901,0.671252101,0,0,0,0,0,0,,
Unknown 063,2,3,3,3,3,3,3,3,3,3,3,2,12.52923352,13.11013415,12.92266909,13.32580146,13.65735472,14.04914206,14.22675788,14.15311611,13.76056849,13.47361612,13.75357267,14.00843306,0.119245565,0.229907453,0.02747618,0.097803402,0.46007756,0.674625119,0,0,-1,0,0,0,,
Unknown 064,1,3,3,3,3,3,3,3,3,3,3,1,12.97356178,12.26071635,10.40265077,13.467264,13.04423647,13.4930229,13.77099523,13.4853273,13.38828873,11.29723506,13.65360749,13.60628486,0.086047505,0.046536933,0.000138732,0.648587904,0.502043058,0.816739833,0,-1,-1,0,0,0,,
Unknown 065,2,3,3,3,3,3,3,3,3,3,3,2,14.69174968,14.46845188,14.92463199,14.23267457,14.75549037,14.25704131,13.74933135,14.44234608,14.28590378,15.14368995,14.50250733,14.67868209,0.213192709,0.914970571,0.14038176,0.139556311,0.128193711,0.277232168,0,0,0,0,0,0,,
Unknown 066,2,3,3,3,3,3,3,3,3,3,3,2,14.1958188,14.2098499,14.4066048,14.37777937,14.75227574,14.49406543,14.63598968,14.66481511,13.67242419,13.93760849,14.46806022,13.93063451,0.819337867,0.798478474,0.798478474,0.798478474,0.798478474,0.819337867,0,0,0,0,0,0,,
Unknown 067,2,3,3,3,3,3,3,3,3,3,3,2,15.0254641,14.08307479,14.02752549,13.26410962,13.74831787,13.86987594,14.68580825,14.39868865,13.68617745,13.329247,14.77658593,11.71156233,0.132118792,0.48220552,0.705690931,0.156934388,0.901422215,0.082306761,0,0,0,0,0,0,,
Unknown 068,2,3,3,3,3,3,3,3,3,3,3,2,15.65143985,14.70373832,15.23761723,15.60397417,14.49829582,14.16632543,14.17166421,15.03734405,14.66551367,14.28134287,15.39979839,15.62336208,0.322555474,0.571258901,0.870152411,0.249518842,0.786536286,0.486698717,0,0,0,0,0,0,,
Unknown 069,2,3,3,3,3,3,3,3,3,3,3,2,16.18063696,15.38867571,16.14972517,16.53935877,15.84914402,14.18304732,15.04958969,13.56437505,15.97996166,15.23951169,14.39325809,16.47218805,0.484806962,0.409785824,0.040037205,0.221722523,0.173559926,0.713709332,0,0,1,0,0,0,,
Unknown 070,2,3,3,3,3,3,3,3,3,3,3,2,14.2638261,13.59361836,13.94567863,13.00424428,13.83607155,13.26761076,12.68190188,13.09292734,13.00485304,14.41126636,13.08316466,13.84780662,0.812003958,0.361577101,0.133843592,0.562265905,0.310710274,0.182596187,0,0,0,0,0,0,,
Unknown 071,2,3,3,3,3,3,3,3,3,3,3,2,16.52058489,17.04259443,16.66941422,15.99053357,16.2152035,16.6582159,15.8981326,16.70337125,16.45612068,17.91315323,16.75399404,16.4535776,0.024817467,0.582379056,0.948231792,0.859807091,0.400803591,0.99652973,-1,0,0,0,0,0,,
Unknown 072,2,3,3,3,3,3,3,3,3,3,3,2,13.96937755,15.44025165,15.59831414,15.32175212,14.24441351,16.15885475,14.95546696,16.22140791,14.59388574,15.11052035,14.3322458,15.81403485,0.228669856,0.192576151,0.457709858,0.661113922,0.029846576,0.199097976,0,0,0,0,-1,0,,
Unknown 073,2,3,3,3,3,3,3,3,3,3,3,2,14.94240744,15.02273281,15.52103048,15.30219345,14.97731553,14.4504438,15.3597288,15.41555138,15.23131575,13.69593236,14.56360199,15.77425838,0.133706523,0.527976518,0.884220045,0.936678273,0.469579988,0.504676731,0,0,0,0,0,0,,
Unknown 074,2,3,3,3,3,3,3,3,3,3,3,2,15.19394134,15.11843262,15.36880542,15.32674863,15.60778686,15.19156062,15.47963073,15.25502035,15.43128679,15.26106932,15.52514123,15.39886641,0.838060117,0.175192256,0.69888049,0.603741263,0.16572339,0.921342698,0,0,0,0,0,0,,
Unknown 075,2,3,3,3,3,3,3,3,3,3,3,2,15.48436193,15.46952758,15.80924679,15.43934442,15.56129297,15.47192459,15.34045804,15.10034759,15.84872078,15.87796632,15.15469572,15.84467343,0.099909118,0.13878511,0.002234809,0.634244213,0.667068577,0.986067647,0,0,1,0,0,0,,
Unknown 076,2,3,3,3,3,3,3,3,3,3,3,2,16.01038842,15.78382583,15.8971746,16.05445137,15.88902413,16.06924096,16.16588552,16.24628939,16.01460925,16.00100482,16.23976147,16.01332182,0.950975228,0.002708276,0.016831756,0.417856641,0.195427466,0.99326939,0,-1,-1,0,0,0,,
Unknown 077,2,3,3,3,3,3,3,3,3,3,3,2,15.52238081,15.26757924,15.58806082,15.89900874,15.26343661,15.58012844,15.58231691,15.27136898,15.3860378,15.83907264,14.95088741,15.06934597,0.688933051,0.654625306,0.654625306,0.654625306,0.654625306,0.688933051,0,0,0,0,0,0,,
Unknown 078,2,3,3,3,3,3,3,3,3,3,3,2,15.18909957,15.05760142,15.09248523,15.33217315,15.11588947,15.33044404,15.40664264,15.54672289,15.26693467,15.2660328,15.5551076,15.26742216,0.663114998,0.004205615,0.008026791,0.637454806,0.182423878,0.997792761,0,-1,-1,0,0,0,,
Unknown 079,2,3,3,3,3,3,3,3,3,3,3,2,16.21287084,15.9948477,15.77598709,15.63872379,16.36604929,15.22465411,15.50116805,15.26917927,15.3477372,16.35233641,16.22717563,17.11298919,0.864749628,0.751263001,0.491158281,0.851021919,0.129095825,0.040132823,0,0,0,0,0,-1,,
Unknown 080,2,3,3,3,3,3,3,3,3,3,3,2,14.43625906,12.70105603,12.84915442,13.84788423,13.96599672,13.48140291,13.53033907,13.58617912,13.89029539,14.3012001,14.03957512,14.17495978,0.854935965,0.052500108,0.271214442,0.631588438,0.46589445,0.700365054,0,0,0,0,0,0,,
Unknown 081,2,3,3,3,3,3,3,3,3,3,3,2,18.5615352,18.26854177,18.8885133,17.93421461,18.72656894,17.89226258,17.48555783,18.1064028,18.05673302,18.68306299,18.02272297,18.56941982,0.799906009,0.567677349,0.078394212,0.301112257,0.06165434,0.29082923,0,0,0,0,0,0,,
Unknown 082,2,3,3,3,3,3,3,3,3,3,3,2,14.73294365,14.93682079,14.96694921,15.19771013,14.52185556,15.01093607,14.70862962,14.4778687,15.43668248,15.22202416,14.44774028,14.94760197,0.474765274,0.42490364,0.42490364,0.42490364,0.42490364,0.474765274,0,0,0,0,0,0,,
Unknown 083,2,3,3,3,3,3,3,3,3,3,3,2,13.15080574,12.7974954,13.91946099,13.44156275,12.91452081,13.61879534,12.73728823,13.21518646,12.92198269,13.85508027,12.09322087,12.21770816,0.540054074,0.493775757,0.493775757,0.493775757,0.493775757,0.540054074,0,0,0,0,0,0,,
Unknown 084,2,3,3,3,3,3,3,3,3,3,3,2,16.65648548,16.23069448,17.10111038,16.19871998,16.75349508,16.57963127,16.3564098,16.4493233,16.72967968,16.71110438,16.65352661,16.95451032,0.87540908,0.183596512,0.045858617,0.613731697,0.578092266,0.520542289,0,0,1,0,0,0,,
Unknown 085,2,3,3,3,3,3,3,3,3,3,3,2,16.79234276,16.44841586,17.06214589,16.62095357,16.71731089,16.13386931,16.60508608,16.65039239,16.83823215,17.00499344,16.5293356,16.87000251,0.58812031,0.817278868,0.246796935,0.963842164,0.105938554,0.935299111,0,0,0,0,0,0,,
Unknown 086,2,3,3,3,3,3,3,3,3,3,3,2,14.1187714,15.63467983,14.4419815,15.10981955,15.20957301,14.60096015,14.68064983,14.89559054,14.66169242,14.81305223,15.62915735,13.84024864,0.369748438,0.993575893,0.510520203,0.533349921,0.379186785,0.290350212,0,0,0,0,0,0,,
Unknown 087,2,3,3,3,3,3,3,3,3,3,3,2,13.5186175,13.3042142,13.364122,14.33482022,12.45632896,13.24370746,13.69270354,14.56668753,14.40965987,14.87388813,14.58883106,14.48965129,0.197680303,0.173190229,0.201130044,0.489034668,0.397541604,0.938216861,0,0,0,0,0,0,,
Unknown 088,2,3,3,3,3,3,3,3,3,3,3,2,13.70228035,13.9448677,14.4779935,13.94213662,14.03070003,14.68425844,14.69190664,13.95545446,14.59146736,14.23464995,14.23166312,14.55806507,0.359924425,0.579015015,0.316000024,0.155104114,0.212718027,0.953747635,0,0,0,0,0,0,,
Unknown 089,2,3,3,3,3,3,3,3,3,3,3,2,13.91863722,13.29763809,14.30841888,14.3058912,13.36929033,15.32654292,13.84513558,14.07838975,13.77870587,14.78160184,13.9765912,13.64514613,0.396029338,0.454475932,0.798821903,0.61049507,0.039004351,0.894641257,0,0,0,0,-1,0,,
Unknown 090,2,3,3,3,3,3,3,3,3,3,3,2,12.96693663,12.67375178,13.49001977,13.57637222,12.96712083,13.86138879,13.49507692,13.1462067,13.19240155,13.34701399,13.08545641,12.67811682,0.281515924,0.19487195,0.276231063,0.794228073,0.008225793,0.149420044,0,0,0,0,-1,0,,
Unknown 091,2,3,3,3,3,3,3,3,3,3,3,2,13.94435148,14.50410334,14.60780008,13.43275343,13.13889895,14.61174264,14.73537418,14.50341499,15.33895793,14.39723396,14.55799889,14.72101224,0.648750576,0.951559554,0.906349773,0.151709492,0.107270191,0.535100893,0,0,0,0,0,0,,
Unknown 092,2,3,3,3,3,3,3,3,3,3,3,2,14.71879989,15.37984794,15.13872961,15.6296903,15.03369021,15.07078871,15.5925918,15.10163111,15.20244806,14.75589838,15.34274945,15.16534956,0.930961214,0.92283807,0.92283807,0.92283807,0.92283807,0.930961214,0,0,0,0,0,0,,
Unknown 093,1,3,2,3,3,3,2,1,2,1,3,0,11.94939652,14.40244268,12.59225686,12.82752346,13.61529051,14.31244707,12.13036691,11.89510031,12.98113989,12.64655308,13.70528612,NA,0.764278071,0.604771933,0.729303538,0.64307687,0.604771933,NA,0,0,0,0,0,0,,
Unknown 094,2,3,3,3,3,3,3,3,3,3,3,2,15.79539864,16.79655695,15.85806262,16.01006813,16.22043661,16.57004079,16.56770952,16.22418702,16.44307337,16.12591478,16.26192069,15.92944348,0.541674012,0.274315633,0.450785711,0.254762058,0.471220766,0.345826615,0,0,0,0,0,0,,
Unknown 095,2,3,3,3,3,3,3,3,3,3,3,2,13.69899362,13.08912685,13.60882484,14.05900107,13.78910512,13.54816222,13.99984761,14.14423491,14.12650067,13.835093,13.96678658,13.98764013,0.640052099,0.002459176,0.048831874,0.81989801,0.358165256,0.633316743,0,-1,-1,0,0,0,,
Unknown 096,2,3,3,3,3,3,3,3,3,3,3,2,15.16109286,14.90035042,14.32851689,14.74909839,14.82815063,15.20388952,15.36333598,15.19404635,15.25269976,15.19086027,14.79012877,15.20116603,0.960925357,0.839347194,0.121455956,0.265241219,0.491681978,0.932411182,0,0,0,0,0,0,,
Unknown 097,2,3,3,3,3,3,3,3,3,3,3,2,14.62710353,14.81556306,15.12101768,14.22954926,15.00186064,14.66743487,14.77640513,14.78318593,14.86567904,14.95753099,14.19678026,14.93983673,0.543154861,0.20937173,0.487589103,0.26538956,0.491939998,0.891014402,0,0,0,0,0,0,,
Unknown 098,2,3,3,3,3,3,3,3,3,3,3,2,15.72326888,16.14586826,16.09941543,16.22165214,15.54204432,16.05890372,16.23400461,16.5487701,16.4320264,15.88222525,16.33937101,16.43869678,0.692282493,0.59070943,0.218258325,0.972521163,0.159019803,0.986725744,0,0,0,0,0,0,,
Unknown 099,2,3,3,3,3,3,3,3,3,3,3,2,15.75749609,16.50682384,15.81780091,15.95935591,16.22737966,16.10199119,16.85598585,16.56561381,15.91550598,16.39110908,16.30337219,16.12394737,0.102418235,0.546925436,0.034868047,0.013185682,0.709733599,0.58069944,0,0,-1,-1,0,0,,
Unknown 100,2,3,3,3,3,3,3,3,3,3,3,2,13.721904,13.63854332,14.02406286,13.7994733,14.03235101,13.50781963,13.48376889,13.46853718,13.81265073,13.91346829,12.88790817,13.8387262,0.569025342,0.018951339,0.074195597,0.298293002,0.090593944,0.93798361,0,1,0,0,0,0,,
Unknown 101,2,3,3,3,3,3,3,3,3,3,3,2,14.06435726,13.82499053,13.80365661,13.92055533,13.88921299,13.71450109,14.09526723,13.97836851,13.7700364,13.88964536,13.99970242,13.9447483,0.28674397,0.235143175,0.235143175,0.235143175,0.235143175,0.28674397,0,0,0,0,0,0,,
Unknown 102,2,3,3,3,3,3,3,3,3,3,3,2,14.67674275,14.00102163,14.83422801,14.16739709,14.80520981,14.07308229,14.61800116,15.10171067,14.38229681,14.18858635,14.04523176,14.70774195,0.167964346,0.886523517,0.39184213,0.155328711,0.02580246,0.352159736,0,0,0,0,1,0,,
Unknown 103,2,3,3,3,3,3,3,3,3,3,3,2,14.96221832,14.77276741,15.07611205,14.05893882,15.05278506,14.38598265,14.02252071,14.23532172,14.33808321,14.86919387,14.43021531,14.94121826,0.875284569,0.520057423,0.122845359,0.945218477,0.216465441,0.31442161,0,0,0,0,0,0,,
Unknown 104,2,3,3,3,3,3,3,3,3,3,3,2,13.88005023,13.15017879,14.03079323,13.87740474,13.81951337,13.8862074,13.8107107,13.96409919,13.89437842,13.94674426,13.08348476,13.82768438,0.838433082,0.819694703,0.819694703,0.819694703,0.819694703,0.838433082,0,0,0,0,0,0,,
Unknown 105,2,3,3,3,3,3,3,3,3,3,3,2,14.21869474,13.81355163,14.05795765,13.80200331,14.11581572,14.20801927,14.37116881,14.24911486,14.24211275,13.94387383,13.79190277,14.16417406,0.320788445,0.929525887,0.438005384,0.028036821,0.706847398,0.775992907,0,0,0,-1,0,0,,
Unknown 106,2,3,3,3,3,3,3,3,3,3,3,2,14.96199249,15.07957462,15.24087946,15.18473212,14.8660919,15.35081622,14.82545682,14.61660961,15.12359507,14.97067848,15.27811424,15.16523831,0.97375555,0.404290748,0.013870448,0.13811717,0.049776563,0.874707572,0,0,1,0,-1,0,,
Unknown 107,2,3,3,3,3,3,3,3,3,3,3,2,14.59907964,14.50980015,14.19867009,14.28387835,14.39040948,15.59873281,14.65421371,14.34835427,14.23830735,14.78158752,14.97057178,14.06069408,0.775631945,0.4241098,0.793794357,0.519507344,0.04407083,0.781483738,0,0,0,0,-1,0,,
Unknown 108,2,3,3,3,3,3,3,3,3,3,3,2,14.53985112,14.09150245,14.57333277,14.47818194,14.61960211,14.61518842,14.48259564,14.57774647,14.04016633,14.53543743,14.09591614,14.04458003,0.992638035,0.991769105,0.991769105,0.991769105,0.991769105,0.992638035,0,0,0,0,0,0,,
Unknown 109,2,3,3,3,3,3,3,3,3,3,3,2,12.49348598,11.77248081,12.45086954,12.65741975,11.94741828,11.78043776,12.82440028,12.61785007,12.63852792,12.32650545,11.93946134,12.80550845,0.828698488,0.808875088,0.808875088,0.808875088,0.808875088,0.828698488,0,0,0,0,0,0,,
Unknown 110,2,3,3,3,3,3,3,3,3,3,3,2,15.90878454,16.39020982,16.05906968,15.52955461,16.3368028,15.53752751,14.33628136,16.79232245,15.11107979,15.79314667,15.23714891,16.71868755,0.925285051,0.30174887,0.5082701,0.285617399,0.471268295,0.200817667,0,0,0,0,0,0,,
Unknown 111,2,3,3,3,3,3,3,3,3,3,3,2,15.46931223,15.51072734,15.5125287,15.62755517,14.96728931,14.93945852,15.65538595,15.54035949,15.50634814,15.44148144,15.53855813,15.53417893,0.965241471,0.961142071,0.961142071,0.961142071,0.961142071,0.965241471,0,0,0,0,0,0,,
Unknown 112,2,3,3,3,3,3,3,3,3,3,3,2,16.27486226,16.03580097,16.05873204,16.32668312,16.12613699,15.78307657,16.25101046,16.16693332,16.26394085,16.2390336,16.22689527,16.21666245,0.86393563,0.312414467,0.564226101,0.686189405,0.076883752,0.821144706,0,0,0,0,0,0,,
Unknown 113,2,3,3,3,3,3,3,3,3,3,3,2,15.34742372,15.81652414,15.26332407,15.11891121,15.10820749,14.74952454,14.94834724,14.78161079,15.10982174,15.0929895,15.41674175,13.61291409,0.657262876,0.437872,0.351396238,0.739226472,0.485817276,0.014749644,0,0,0,0,0,1,,
Unknown 114,2,3,3,3,3,3,3,3,3,3,3,2,15.46868831,14.51766314,15.25267013,15.10123658,15.29684712,14.96131097,14.54841138,15.68877264,15.1597966,15.7345035,15.45302382,14.56698214,0.699322024,0.137933271,0.480437054,0.372730292,0.586331128,0.392240872,0,0,0,0,0,0,,
Unknown 115,2,3,3,3,3,3,3,3,3,3,3,2,15.33603582,14.82749828,15.19753467,15.3579597,15.0727389,14.99935702,15.43134157,15.27091655,15.41422843,15.26265394,14.90088016,15.48761031,0.912247403,0.901942589,0.901942589,0.901942589,0.901942589,0.912247403,0,0,0,0,0,0,,
Unknown 116,2,3,3,3,3,3,3,3,3,3,3,2,13.94235321,13.27194479,13.91058304,12.78292099,13.49804105,13.7200727,12.56088935,13.6885514,13.36355046,14.16438485,13.04991314,13.14151882,0.849462745,0.831962572,0.831962572,0.831962572,0.831962572,0.849462745,0,0,0,0,0,0,,
Unknown 117,2,3,3,3,3,3,3,3,3,3,3,2,15.51918268,15.73803565,15.34835123,15.40111686,15.64006718,14.81391831,15.61261839,15.10995315,15.62875002,15.78985079,15.17841912,14.95311719,0.600616342,0.23247373,0.606152087,0.6471646,0.083553205,0.198471134,0,0,0,0,0,0,,
Unknown 118,2,3,3,3,3,3,3,3,3,3,3,2,14.02974763,14.39482284,14.19523398,14.47483111,14.42145819,14.32648153,14.85897063,14.46281984,14.62150508,14.90694946,14.70737414,14.4091895,0.011075321,0.281116613,0.354428114,0.188216239,0.740225958,0.508984189,-1,0,0,0,0,0,,
Unknown 119,2,3,3,3,3,3,3,3,3,3,3,2,12.74302558,14.77302999,13.32891594,13.936572,13.25233841,15.10616918,13.38597093,13.97244418,14.99001474,14.04155438,14.87003531,15.15210678,0.193735943,0.911864361,0.465468335,0.531640285,0.043716614,0.868629989,0,0,0,0,-1,0,,
Unknown 120,2,3,3,3,3,3,3,3,3,3,3,2,17.96048505,17.03818964,17.49475659,16.36189784,17.2694661,16.75549013,15.44840656,17.58985588,16.58215948,17.88537991,16.1470983,17.67472521,0.934141357,0.279502919,0.906879465,0.267917119,0.529080324,0.236894024,0,0,0,0,0,0,,
Unknown 121,2,3,3,3,3,3,3,3,3,3,3,2,13.06175997,12.50069955,12.90650117,13.14313702,12.44409598,12.21467347,13.37255953,13.13592368,13.24378901,12.83233747,12.73012206,13.47321151,0.781047866,0.756034516,0.756034516,0.756034516,0.756034516,0.781047866,0,0,0,0,0,0,,
Unknown 122,2,3,3,3,3,3,3,3,3,3,3,2,15.38446183,15.50982705,13.25987196,15.34174518,15.1016197,15.52805375,15.2683326,15.05790783,15.59924613,15.82747387,15.10678238,16.3883926,0.672149807,0.666879962,0.064497194,0.937379187,0.648895913,0.452954605,0,0,0,0,0,0,,
Unknown 123,2,3,3,3,3,3,3,3,3,3,3,2,16.13948455,16.11517062,15.3338116,15.64749031,16.33542098,16.37925286,15.60365843,15.28997971,15.46101472,16.18331644,16.07133874,15.41718284,0.927750213,0.919251832,0.919251832,0.919251832,0.919251832,0.927750213,0,0,0,0,0,0,,
Unknown 124,2,3,3,3,3,3,3,3,3,3,3,2,18.81657632,19.31120371,18.41237692,18.3950773,17.4719294,19.18936728,18.59763486,17.98461275,16.82107086,18.62169554,18.56197439,18.12527955,0.776280072,0.229285777,0.487594145,0.741309953,0.009646563,0.067217497,0,0,0,0,-1,0,,
Unknown 125,2,3,3,3,3,3,3,3,3,3,3,2,14.18615864,14.39260826,14.42615644,14.15780052,14.17247616,14.12355595,14.33381876,14.61007561,14.28658489,14.29216327,14.28198128,14.40982937,0.503729618,0.436151725,0.200848334,0.220162602,0.729115692,0.43776395,0,0,0,0,0,0,,
Unknown 126,2,3,3,3,3,3,3,3,3,3,3,2,15.85965771,15.50745878,15.25975023,15.28778071,15.25386622,15.53197098,14.84522801,14.793674,15.14912603,15.64495414,14.90346483,13.69194886,0.745601232,0.312661273,0.433740841,0.456990327,0.638904698,0.036280053,0,0,0,0,0,1,,
Unknown 127,2,3,3,3,3,3,3,3,3,3,3,2,14.68094757,14.57537662,15.14674302,14.42640082,15.30962487,14.92224459,14.52710144,14.48339444,14.26956782,14.75087491,14.64193308,15.15602687,0.92006793,0.914961375,0.293335825,0.871671376,0.536023252,0.21154589,0,0,0,0,0,0,,
Unknown 128,2,3,3,3,3,3,3,3,3,3,3,2,14.60931421,14.17735581,14.72661331,13.04709551,15.35730503,14.05149157,14.48665465,14.75380291,13.88071985,15.08355794,13.17529417,15.19865893,0.658694803,0.301620918,0.977360909,0.142843087,0.181920074,0.22645526,0,0,0,0,0,0,,
Unknown 129,2,3,3,3,3,3,3,3,3,3,3,2,16.55221488,17.1653139,16.24758345,15.737098,15.69608548,16.68279923,15.53620747,15.21369,16.03971127,15.27974861,16.77095181,14.45084618,0.18952809,0.643605364,0.231738518,0.813342085,0.253049289,0.105055048,0,0,0,0,0,0,,
Unknown 130,2,3,3,3,3,3,3,3,3,3,3,2,14.47704188,13.33664731,14.27287154,12.04055012,14.41733473,13.85785997,13.00486614,13.16257336,13.28997559,14.36497898,13.13580467,14.26202161,0.889460666,0.780773906,0.133614499,0.189877078,0.440921289,0.235518874,0,0,0,0,0,0,,
Unknown 131,2,3,3,3,3,3,3,3,3,3,3,2,15.38205884,15.0426513,15.1197367,15.3330169,16.13775368,16.07435363,15.34816548,15.53824416,15.35440624,15.94152123,15.82703228,16.11367431,0.306968058,0.115343232,0.391171474,0.975026902,0.895782814,0.169792068,0,0,0,0,0,0,,
Unknown 132,2,3,3,3,3,3,3,3,3,3,3,2,15.07887307,15.70551753,15.29206521,15.92874751,14.86644881,14.9080131,15.88718322,15.25050093,15.4863388,15.12043735,15.66395324,15.44477452,0.970669254,0.967209204,0.967209204,0.967209204,0.967209204,0.970669254,0,0,0,0,0,0,,
Unknown 133,2,3,3,3,3,3,3,3,3,3,3,2,15.39111179,15.13317961,15.26466555,16.04937668,15.43168943,15.90575621,15.93212698,15.82361936,16.03744907,15.5990517,15.96150057,16.07896333,0.570379243,0.017626831,0.097374119,0.719922847,0.156124006,0.909472272,0,-1,0,0,0,0,,
Unknown 134,2,3,3,3,3,3,3,3,3,3,3,2,16.01084815,15.91781128,15.85124635,16.18127526,15.69850261,16.17323887,15.84552216,16.34310761,15.9886737,16.12932135,16.49400922,16.1983764,0.704549833,0.048500712,0.088367266,0.236422121,0.09927478,0.503613339,0,-1,0,0,0,0,,
Unknown 135,2,3,3,3,3,3,3,3,3,3,3,2,16.52827935,16.44717048,16.54829596,16.64589195,16.21830471,16.13312393,16.73107273,16.63347674,16.57408349,16.44309856,16.53235127,16.65926428,0.825843317,0.805703136,0.805703136,0.805703136,0.805703136,0.825843317,0,0,0,0,0,0,,
Unknown 136,2,3,3,3,3,3,3,3,3,3,3,2,15.86411964,14.9465705,15.68455951,13.52443525,15.50439059,14.51580071,13.75880812,14.82463785,15.68982929,15.10599055,14.42360646,15.81108328,0.420080102,0.532812228,0.30872663,0.779066712,0.243697131,0.896640012,0,0,0,0,0,0,,
Unknown 137,2,3,3,3,3,3,3,3,3,3,3,2,15.48494022,14.43710187,15.87394981,14.10815461,15.3788541,13.55737029,13.83063648,14.61739055,15.47311378,14.949056,13.94434194,15.08714548,0.597308205,0.587129388,0.173899829,0.759203792,0.053850067,0.703144452,0,0,0,0,0,0,,
Unknown 138,2,3,3,3,3,3,3,3,3,3,3,2,12.88921924,13.58735824,14.58031608,13.25634288,13.35052859,14.26998994,14.36506114,15.50085815,13.905599,14.47874542,14.35840002,13.86341019,0.225360378,0.505765144,0.427918181,0.341231482,0.428452924,0.973886495,0,0,0,0,0,0,,
Unknown 139,2,3,3,3,3,3,3,3,3,3,3,2,16.13059878,16.30617011,16.31023641,15.55586011,16.15149764,16.31582181,16.12279375,16.31542944,16.28902998,16.21731992,16.68301952,16.44804572,0.815269701,0.262980084,0.987512323,0.09795679,0.621397751,0.668823487,0,0,0,0,0,0,,
Unknown 140,2,3,3,3,3,3,3,3,3,3,3,2,13.96606537,13.79241848,14.0943174,13.89171178,13.97589679,14.11577531,14.04576069,13.89450112,14.09846509,14.28744836,13.90874304,14.65496866,0.179958812,0.580840607,0.346161342,0.465819594,0.50737931,0.025397936,0,0,0,0,0,-1,,
Unknown 141,2,3,3,3,3,3,3,3,3,3,3,2,15.02076796,15.23546162,15.00903894,15.32403274,15.05628548,15.34688197,15.00877985,15.37381569,15.35469335,15.42821668,15.22121016,15.19833142,0.097640446,0.94667353,0.097344089,0.148728128,0.181610752,0.513655982,0,0,0,0,0,0,,
Unknown 142,2,3,3,3,3,3,3,3,3,3,3,2,16.27756279,16.30681978,16.23461689,16.20500812,15.83215751,16.27522507,16.50974852,16.02424242,16.32035329,16.17447052,16.60776977,16.55982941,0.811252268,0.438615222,0.586891601,0.432950884,0.257934888,0.580166282,0,0,0,0,0,0,,
Unknown 143,2,3,3,3,3,3,3,3,3,3,3,2,14.77654752,14.31030298,14.74135059,14.61505081,14.48010475,14.68493667,14.36999279,14.02301454,14.64064814,14.39505733,14.80116285,14.68254973,0.406467797,0.23629986,0.088597495,0.549514621,0.616462767,0.926776225,0,0,0,0,0,0,,
Unknown 144,2,3,3,3,3,3,3,3,3,3,3,2,15.19222938,15.07250077,14.57650319,14.74258248,15.23802157,15.15061938,14.82998467,14.66390538,14.96465647,15.10482719,15.15990296,15.05205866,0.864665066,0.848885729,0.848885729,0.848885729,0.848885729,0.864665066,0,0,0,0,0,0,,
Unknown 145,2,3,3,3,3,3,3,3,3,3,3,2,15.77081732,14.86068173,17.31459872,15.97715597,17.98389352,17.83735229,16.12369721,17.46113996,15.49683983,15.62427609,15.00722296,15.64338106,0.940713852,0.933732392,0.933732392,0.933732392,0.933732392,0.940713852,0,0,0,0,0,0,,
Unknown 146,2,3,3,3,3,3,3,3,3,3,3,2,15.17127914,15.25229609,15.12916255,14.71536208,15.05753428,14.69956702,15.07332933,15.4871298,15.25748475,14.81331189,15.61026334,15.61545201,0.506531916,0.458262006,0.458262006,0.458262006,0.458262006,0.506531916,0,0,0,0,0,0,,
Unknown 147,2,3,3,3,3,3,3,3,3,3,3,2,15.70205931,17.28108809,16.51033188,17.22830189,16.50536278,17.06024633,16.67341834,15.95544834,16.86247179,16.25694286,16.72620454,16.30758825,0.417169944,0.365252165,0.365252165,0.365252165,0.365252165,0.417169944,0,0,0,0,0,0,,
Unknown 148,2,3,3,3,3,3,3,3,3,3,3,2,15.4251301,15.56941062,15.47505055,15.73013915,15.58949052,15.883684,15.95205784,15.76358621,15.70377154,15.77089911,16.03611302,15.93882497,0.183690486,0.05024696,0.213652958,0.33534508,0.205122498,0.360880317,0,0,0,0,0,0,,
Unknown 149,2,3,3,3,3,3,3,3,3,3,3,2,13.75322241,13.86948844,13.92651141,13.97996638,14.15166238,14.05125434,14.08037442,14.02691944,14.10951271,13.65281437,13.96989647,14.20992074,0.779328455,0.754132022,0.754132022,0.754132022,0.754132022,0.779328455,0,0,0,0,0,0,,
Unknown 150,2,3,3,3,3,3,3,3,3,3,3,2,15.97042725,16.66730957,15.28199803,16.50341876,16.4092891,16.33874422,15.81853462,15.34290597,16.17859015,15.40784544,15.31000072,14.86694483,0.54483739,0.11130147,0.941327469,0.411523706,0.932066592,0.165647116,0,0,0,0,0,0,,
Unknown 151,2,3,3,3,3,3,3,3,3,3,3,2,17.41512862,17.72663707,17.5159169,17.45564055,16.42251948,17.52610082,15.5467938,16.24098152,17.55253875,17.6380972,17.70539337,15.66890075,0.839804626,0.982812577,0.204486386,0.063049415,0.269857074,0.097994996,0,0,0,0,0,0,,
Unknown 152,2,3,3,3,3,3,3,3,3,3,3,2,15.08471173,16.34703192,15.82812411,16.26209532,16.21192819,16.44854565,16.93555086,16.81565082,16.26686251,15.50919114,16.4847692,15.79564687,0.359810932,0.737604043,0.02357759,0.111313644,0.565905615,0.310441428,0,0,-1,0,0,0,,
Unknown 153,2,3,3,3,3,3,3,3,3,3,3,2,18.976657,19.78756044,19.33471532,18.1232972,18.00546761,17.383247,16.37633419,20.02159087,16.29538527,19.25123137,15.28882525,17.638093,0.894433035,0.022266062,0.71091889,0.349999678,0.736997852,0.518339889,0,1,0,0,0,0,,
Unknown 154,2,3,3,3,3,3,3,3,3,3,3,2,15.84909731,15.08984825,14.21057273,15.69682574,14.74442798,12.51916447,14.84729898,14.37794332,14.30417803,14.95347466,13.00639701,13.93644661,0.567215241,0.145067196,0.904500781,0.544194063,0.120856977,0.813694638,0,0,0,0,0,0,,
Unknown 155,2,3,3,3,3,3,3,3,3,3,3,2,15.42137481,15.65483543,15.5871239,15.55702069,15.54712452,15.41140362,15.69274158,15.72284479,15.55316367,15.28565392,15.79055633,15.68888456,0.834103902,0.814882058,0.814882058,0.814882058,0.814882058,0.834103902,0,0,0,0,0,0,,
Unknown 156,2,3,3,3,3,3,3,3,3,3,3,2,14.95826023,14.43195748,14.67457129,14.73631031,14.77713881,14.55005441,14.96339471,14.90165569,14.31054114,14.73117582,14.65904188,14.53762554,0.527579708,0.480524805,0.480524805,0.480524805,0.480524805,0.527579708,0,0,0,0,0,0,,
Unknown 157,2,3,3,3,3,3,3,3,3,3,3,2,15.02507187,14.14631644,13.82344437,14.64273511,14.71110613,14.45747414,14.92936606,15.81422955,14.45120191,15.51345592,14.77699171,12.81965228,0.613634105,0.467444713,0.029119842,0.740000704,0.768965438,0.101143164,0,0,-1,0,0,0,,
Unknown 158,2,3,3,3,3,3,3,3,3,3,3,2,16.38383497,15.49143235,16.6138763,16.62769519,16.77237959,15.56725446,16.63824983,16.97684634,16.76366216,16.31733275,16.89106407,16.80654129,0.924588003,0.034565897,0.564979657,0.986597851,0.065319204,0.951330694,0,-1,0,0,0,0,,
Unknown 159,2,3,3,3,3,3,3,3,3,3,3,2,15.66879354,15.81766811,15.55485176,15.61930964,15.66106218,15.69673651,15.86412486,15.99697081,15.7739724,15.5582071,15.98861773,14.78539468,0.739918606,0.567127627,0.147140134,0.414303348,0.904593158,0.00651449,0,0,0,0,0,1,,
Unknown 160,2,3,3,3,3,3,3,3,3,3,3,2,13.69557781,13.94181927,14.22087286,13.97274213,14.18847618,13.79628595,14.30837537,14.34024521,14.26099107,13.87449853,14.22140043,14.04442202,0.62499357,0.395795038,0.715076481,0.309765452,0.237277765,0.554601553,0,0,0,0,0,0,,
Unknown 161,2,3,3,3,3,3,3,3,3,3,3,2,17.64677185,17.60588901,17.97309174,17.79680403,17.91658927,17.62224873,17.87440484,17.58068368,17.66711174,17.72332097,17.8760842,17.84779244,0.77276187,0.261007906,0.107989351,0.743521209,0.222011946,0.497390798,0,0,0,0,0,0,,
Unknown 162,2,3,3,3,3,3,3,3,3,3,3,2,12.6669356,14.36118849,14.86198375,13.28301062,15.07958494,15.76167251,14.94023336,14.20790901,14.46911139,14.12498977,14.91119685,12.78335003,0.154841844,0.540756735,0.467771719,0.074536451,0.449165726,0.102588313,0,0,0,0,0,0,,
Unknown 163,2,3,3,3,3,3,3,3,3,3,3,2,13.77045027,13.24062473,12.84423362,13.81817187,13.52820798,13.31081713,14.02634618,13.56000954,13.5641756,12.60508477,11.46183846,11.06382951,0.12813309,0.013132651,0.289353151,0.75515294,0.744707619,0.002619228,0,1,0,0,0,1,,
Unknown 164,2,3,3,3,3,3,3,3,3,3,3,2,14.48322353,14.52698973,14.51509986,14.1362579,14.85583452,14.78271435,14.20937807,14.58822003,14.54463967,14.41010337,14.60010989,14.61775984,0.909763375,0.899169993,0.899169993,0.899169993,0.899169993,0.909763375,0,0,0,0,0,0,,
Unknown 165,2,3,3,3,3,3,3,3,3,3,3,2,14.54237915,14.21767441,14.34806518,13.8304218,14.40529984,13.92170592,14.08223996,14.56256179,14.18155979,14.39401339,13.79395613,14.287483,0.555107487,0.068784794,0.34324335,0.267687394,0.039916761,0.672922037,0,0,0,0,1,0,,
Unknown 166,2,3,3,3,3,3,3,3,3,3,3,2,16.21237404,16.40919921,15.99948453,15.37848274,14.39927397,15.61719888,16.2863836,15.1855096,15.81719954,15.27807712,15.2371946,16.55873809,0.205979301,0.081185211,0.217567521,0.170817624,0.070709586,0.312215387,0,0,0,0,0,0,,
Unknown 167,2,3,3,3,3,3,3,3,3,3,3,2,12.61653975,12.51584754,12.50397177,11.98769927,12.67973243,12.82184836,12.00193989,12.55220236,12.87497601,12.61534039,12.87601067,11.12339503,0.998999397,0.674351354,0.955038066,0.986717617,0.868089474,0.07743223,0,0,0,0,0,0,,
Unknown 168,2,3,3,3,3,3,3,3,3,3,3,2,15.66696595,15.48214876,14.73648371,15.40928416,14.74197866,14.59566701,15.55559581,14.88279536,15.16967435,15.5206543,15.62846041,15.315986,0.897292888,0.885254948,0.885254948,0.885254948,0.885254948,0.897292888,0,0,0,0,0,0,,
Unknown 169,2,3,3,3,3,3,3,3,3,3,3,2,14.93093306,15.3379309,15.37567521,15.36145876,15.56473946,15.6004136,15.32578462,15.34000107,15.24651411,14.9666072,15.30225676,15.21083996,0.948511094,0.942444342,0.942444342,0.942444342,0.942444342,0.948511094,0,0,0,0,0,0,,
Unknown 170,2,3,3,3,3,3,3,3,3,3,3,2,13.87275842,14.71011027,15.1254081,14.9133195,15.23585355,12.78223693,14.81990462,14.70261332,14.50180501,14.61106703,14.73019229,15.08928735,0.546052922,0.98529097,0.69840894,0.931663918,0.032778525,0.630443583,0,0,0,0,1,0,,
Unknown 171,2,3,3,3,3,3,3,3,3,3,3,2,14.66060895,15.35474804,14.64719662,15.45556494,15.23309597,13.83667508,14.21921137,16.19652984,15.68234865,14.46107309,15.36224776,13.8281817,0.883401966,0.995081534,0.211118718,0.315195488,0.258121585,0.181840608,0,0,0,0,0,0,,
Unknown 172,2,3,3,3,3,3,3,3,3,3,3,2,15.81280641,15.58197442,15.54733843,15.61738953,15.8145284,15.73854011,15.69337783,15.62332673,15.41375628,15.73681812,15.65796272,15.48974458,0.812519528,0.790910283,0.790910283,0.790910283,0.790910283,0.812519528,0,0,0,0,0,0,,
Unknown 173,2,3,3,3,3,3,3,3,3,3,3,2,12.80362896,14.11666408,15.61586039,14.68899802,14.18594393,15.67323488,15.83925804,14.97791349,14.77669729,14.36700535,14.17747028,15.41484043,0.113507964,0.943508433,0.460037383,0.188900158,0.093505122,0.508085555,0,0,0,0,0,0,,
Unknown 174,2,3,3,3,3,3,3,3,3,3,3,2,15.86326877,16.10802411,15.899734,15.84801823,15.91473637,16.30280523,15.91485814,14.92683887,16.14584384,15.50018389,15.07102092,15.51959097,0.497215317,0.03826217,0.050593068,0.888310796,0.418281965,0.246475539,0,1,0,0,0,0,,
Unknown 175,2,3,3,3,3,3,3,3,3,3,3,2,15.75049945,15.69800322,16.02409756,15.89731805,16.18010958,15.70882478,16.04043771,16.1318861,15.8572316,15.88084699,15.91123166,15.92956541,0.61921581,0.36656646,0.645767058,0.542402046,0.053785514,0.782298144,0,0,0,0,0,0,,
Unknown 176,2,3,3,3,3,3,3,3,3,3,3,2,18.20775823,18.39233161,18.59449954,18.4958959,18.62511957,18.37619712,18.55090995,18.26063463,18.44716547,18.50121792,18.78004058,18.53380484,0.380155442,0.199450278,0.266875617,0.85282035,0.404830843,0.793921288,0,0,0,0,0,0,,
Unknown 177,2,3,3,3,3,3,3,3,3,3,3,2,14.0428644,13.77026944,14.50401983,14.84051599,14.721503,14.80448971,15.02104138,15.12360708,14.53467979,14.68778885,14.85639328,14.90525326,0.130332055,0.007250307,0.10553975,0.627717589,0.823220439,0.376307131,0,-1,0,0,0,0,,
Unknown 178,2,3,3,3,3,3,3,3,3,3,3,2,14.17486991,13.85419114,14.17726367,13.98192435,14.20763055,14.33108336,14.15317273,14.18128062,14.00670853,14.46761618,14.30328031,14.2789199,0.351575558,0.116842132,0.988482382,0.540046609,0.658021246,0.385744737,0,0,0,0,0,0,,
Unknown 179,2,3,3,3,3,3,3,3,3,3,3,2,15.31675343,16.43239031,15.39442136,15.61230906,15.2363012,15.32391799,15.52469227,15.30680457,15.12119417,15.40437022,16.34477352,15.03357738,0.891875166,0.879211947,0.879211947,0.879211947,0.879211947,0.891875166,0,0,0,0,0,0,,
Unknown 180,1,2,3,2,1,3,2,3,2,2,3,2,13.78761531,14.7153235,13.83959824,15.13282096,15.34814774,15.28342787,15.19754083,13.90431812,14.88059166,13.72289543,14.78004338,14.94531154,0.959883125,0.946197709,0.939859871,0.950878558,0.957452117,0.950878558,0,0,0,0,0,0,,
Unknown 181,2,3,3,3,3,3,3,3,3,3,3,2,14.54402014,14.9829349,14.1895676,14.4087483,14.46817488,14.82799953,13.6557828,14.84060691,13.85383543,13.84504119,15.59656367,16.04179568,0.600210408,0.606923901,0.585323506,0.528486074,0.762434385,0.110176541,0,0,0,0,0,0,,
Unknown 182,2,3,3,3,3,3,3,3,3,3,3,2,14.37720691,14.68681916,14.42083054,14.92778474,14.90642487,14.8564479,14.97776171,14.47080751,14.80001652,14.32722994,14.73679613,14.84999349,0.966572475,0.962629815,0.962629815,0.962629815,0.962629815,0.966572475,0,0,0,0,0,0,,
Unknown 183,2,3,3,3,3,3,3,3,3,3,3,2,15.64950552,14.11930776,14.18050799,14.91130692,15.03349638,15.05543104,12.5528275,14.57057434,14.47535248,14.28635441,12.4938697,15.24349193,0.343417745,0.210138718,0.759639169,0.074406526,0.986258393,0.59080206,0,0,0,0,0,0,,
Unknown 184,2,3,3,3,3,3,3,3,3,3,3,2,17.2831751,14.97538693,18.21656887,15.99068733,16.338343,17.08887184,15.24015848,17.46604003,16.5106236,18.03370394,14.22485808,15.76009475,0.673740795,0.638016714,0.638016714,0.638016714,0.638016714,0.673740795,0,0,0,0,0,0,,
Unknown 185,2,3,3,3,3,3,3,3,3,3,3,2,14.28413438,14.68291992,14.47008938,14.69605903,14.6335043,14.00181702,14.59027901,14.57926397,14.6332809,14.77013985,14.60849233,14.84886507,0.260117107,0.844931292,0.774299179,0.781122887,0.107156457,0.613241065,0,0,0,0,0,0,,
Unknown 186,2,3,3,3,3,3,3,3,3,3,3,2,15.20663668,15.48531848,15.86881883,15.31215508,15.84767602,15.36246679,15.50543048,15.46354855,15.49183801,15.51179287,15.73875972,15.54975614,0.48778705,0.519084314,0.306092307,0.622236403,0.222820191,0.894668749,0,0,0,0,0,0,,
Unknown 187,2,3,3,3,3,3,3,3,3,3,3,2,18.59727374,18.68522039,18.87937226,18.76594588,18.77447825,18.64577074,18.88120986,18.65443763,18.80083322,18.89401986,19.00426602,18.87949529,0.265107375,0.183100138,0.343021481,0.6243917,0.584811372,0.764638085,0,0,0,0,0,0,,
Unknown 188,2,3,3,3,3,3,3,3,3,3,3,2,17.80811714,17.86854783,16.19863973,17.50449337,17.79233391,16.99876728,16.93484362,17.38987935,17.2917536,17.39703441,17.52272264,17.5644221,0.606987618,0.628407594,0.10501012,0.427458095,0.272171736,0.732524833,0,0,0,0,0,0,,
Unknown 189,2,3,3,3,3,3,3,3,3,3,3,2,17.61843861,17.64768131,17.99249268,17.42106001,17.97272626,17.42332379,17.58440946,17.70790919,17.45562608,17.68183617,17.78152903,17.88598714,0.871208205,0.702347351,0.419228891,0.641214925,0.126277998,0.277530329,0,0,0,0,0,0,,
Unknown 190,2,3,3,3,3,3,3,3,3,3,3,2,15.57704605,15.87597298,15.475114,15.94270893,13.30613371,16.00308409,14.51040998,13.66094087,14.58639624,13.91803685,14.55477165,15.79316849,0.18443089,0.23536654,0.108038654,0.199542592,0.020795841,0.329734575,0,0,0,0,-1,0,,
Unknown 191,2,3,3,3,3,3,3,3,3,3,3,2,11.63608497,13.92338527,14.43431836,14.03472996,14.33944918,11.28830032,14.74594584,12.89747217,14.36788633,13.02858815,14.44706047,14.0183826,0.32295808,0.674874602,0.225284354,0.56954972,0.021416441,0.802024683,0,0,0,0,1,0,,
Unknown 192,2,3,3,3,3,3,3,3,3,3,3,1,16.73004539,16.93503986,16.37194381,16.46294506,17.03548767,17.43118364,16.06724909,15.97624784,16.056937,17.12574135,16.53934389,15.66124103,0.62390329,0.583827069,0.583827069,0.583827069,0.583827069,0.697971367,0,0,0,0,0,0,,
Unknown 193,2,3,3,3,3,3,3,3,3,3,3,2,15.49516122,15.75115435,15.57550498,16.16540281,16.09679077,16.11395173,16.14824185,15.55834402,15.67480229,15.51232218,15.73399339,15.65764133,0.981382615,0.979185636,0.979185636,0.979185636,0.979185636,0.981382615,0,0,0,0,0,0,,
Unknown 194,2,2,3,3,3,3,3,2,3,2,3,2,14.78468333,14.43342329,14.8353016,14.11868319,14.74465456,14.33305931,14.4826326,15.40780296,12.387037,14.89670103,14.64616571,15.35039023,0.9315786,0.858278075,0.631757777,0.732989004,0.699759123,0.020783821,0,0,0,0,0,-1,,
Unknown 195,2,3,3,3,3,3,3,3,3,3,3,2,16.61692732,16.54997251,16.65616385,16.64943453,16.63390926,16.57453209,16.5955215,16.42209789,16.58132318,16.85612857,16.77697051,16.51838135,0.343016696,0.315010542,0.300530702,0.80933034,0.790464939,0.801084518,0,0,0,0,0,0,,
Unknown 196,2,3,3,3,3,3,3,3,3,3,3,2,16.10140785,15.35211141,15.46538319,15.57405238,15.71357866,15.9954213,15.69616321,15.61797691,15.69335706,15.66171608,15.30687219,15.40243299,0.160826563,0.868942759,0.579065924,0.656682688,0.309617189,0.347382845,0,0,0,0,0,0,,
Unknown 197,2,3,3,3,3,3,3,3,3,3,3,2,15.81084741,15.60301359,15.94418583,15.70167458,15.97673894,15.56297051,15.62254266,16.00810657,15.62698359,15.72702989,15.6081234,15.85016485,0.73445722,0.98153024,0.77233637,0.720354486,0.071164817,0.370249464,0,0,0,0,0,0,,
Unknown 198,2,3,3,3,3,3,3,3,3,3,3,2,16.07651962,15.64510098,15.96035156,16.03977595,15.95697282,16.14425498,16.18061195,16.03423319,15.93038465,16.01561605,15.98799298,16.05439967,0.739918646,0.045882837,0.652889903,0.394142033,0.260160202,0.500775211,0,-1,0,0,0,0,,
Unknown 199,2,3,3,3,3,3,3,3,3,3,3,2,15.57452483,15.24985668,15.28057768,15.61950143,15.41969978,16.03829402,15.83331788,15.54590735,15.10494151,15.02557201,15.33357814,15.4529756,0.30326718,0.859001011,0.574696443,0.650707637,0.197773931,0.510887724,0,0,0,0,0,0,,
Unknown 200,2,3,3,3,3,3,3,3,3,3,3,2,15.72099272,15.50077908,15.94635285,15.61515936,15.84524481,15.54455293,15.56538016,15.80476216,15.50482249,15.85128257,15.69100896,15.94260085,0.58887534,0.380288662,0.512067517,0.816921728,0.170990017,0.078850676,0,0,0,0,0,0,,
Unknown 201,2,3,3,3,3,3,3,3,3,3,3,2,15.34309616,15.3658181,15.56910695,15.52811059,15.48240198,15.23148308,15.77902949,15.82002585,15.52111437,15.09217727,15.616737,15.77203327,0.491347439,0.442279033,0.442279033,0.442279033,0.442279033,0.491347439,0,0,0,0,0,0,,
Unknown 202,2,3,3,3,3,3,3,3,3,3,3,2,14.48808067,14.06786258,14.26448544,14.51076355,15.23200207,13.976011,15.08740339,14.16960101,14.37986632,15.29572875,14.59882336,14.64120243,0.318168121,0.460764451,0.894496108,0.423624904,0.089588064,0.744149139,0,0,0,0,0,0,,
Unknown 203,2,3,3,3,3,3,3,3,3,3,3,2,14.61087863,14.83988989,15.04684759,14.89179532,15.46115479,14.21354789,14.84842499,14.45121161,14.83620901,14.59226795,15.09625034,14.8953356,0.978175994,0.674162303,0.332911994,0.94318216,0.050012511,0.930748592,0,0,0,0,0,0,,
Unknown 204,2,3,3,3,3,3,3,3,3,3,3,2,15.36093467,15.31920163,15.50309895,14.511741,15.32299196,15.54309699,15.09984859,15.04139577,15.1404882,15.46291559,15.14390047,15.11605657,0.829901504,0.68013696,0.283048076,0.174961751,0.605112605,0.958933162,0,0,0,0,0,0,,
Unknown 205,2,3,3,3,3,3,3,3,3,3,3,2,14.07958458,14.8136768,14.57922924,15.45291889,16.17110302,15.23781169,15.31352169,15.88393966,14.47715956,15.70560495,14.44231617,16.38386596,0.134953895,0.695724779,0.17777107,0.883108657,0.330133244,0.082425968,0,0,0,0,0,0,,
Unknown 206,2,3,3,3,3,3,3,3,3,3,3,2,15.09257244,15.04869165,14.32840484,15.30258748,14.29517058,14.89506849,14.51312279,14.03375908,14.52673364,15.20725905,14.97957064,14.41883421,0.794598652,0.860684108,0.457113833,0.054825411,0.13754538,0.806488499,0,0,0,0,0,0,,
Unknown 207,2,3,3,3,3,3,3,3,3,3,3,2,20.40587774,19.96171657,20.15309179,20.03341916,20.00316876,20.05175817,19.98482974,20.10450238,19.78668709,20.45446715,19.91312716,19.73809768,0.856127548,0.839379858,0.839379858,0.839379858,0.839379858,0.856127548,0,0,0,0,0,0,,
Unknown 208,2,3,3,3,3,3,3,3,3,3,3,2,16.01003686,15.96860579,15.46365915,14.9735217,14.12178045,14.88504627,15.05054652,14.26434398,14.3145898,15.63214889,15.07550037,16.2650847,0.777475143,0.457671464,0.321048463,0.948603716,0.52490507,0.153915865,0,0,0,0,0,0,,
Unknown 209,2,3,3,3,3,3,3,3,3,3,3,2,15.77966932,15.8668283,16.02643373,15.86964104,15.95423942,15.86487421,15.96790546,15.64660165,15.8473519,15.68446086,15.9049327,15.67546268,0.696724302,0.86136139,0.092069388,0.653089372,0.68258855,0.483377361,0,0,0,0,0,0,,
Unknown 210,2,3,3,3,3,3,3,3,3,3,3,2,16.7891679,16.71088718,16.92563605,16.77110727,16.79345424,16.67096399,16.7179074,16.31323123,16.47086154,16.73511602,16.68572374,16.76833149,0.787300377,0.888245632,0.002228722,0.766575113,0.49616676,0.147020173,0,0,1,0,0,0,,
Unknown 211,2,3,3,3,3,3,3,3,3,3,3,2,14.97144465,14.41941944,13.72229034,15.33392521,14.29362705,13.90190807,13.98884024,14.54560192,14.42326367,15.29245094,14.53488653,13.18676057,0.7237093,0.886812462,0.315695984,0.107606553,0.630021608,0.181681195,0,0,0,0,0,0,,
Unknown 212,2,3,3,3,3,3,3,3,3,3,3,2,15.60698857,14.8606357,15.14697743,15.60043909,15.61155314,15.43392898,15.77806325,15.32460159,15.10097449,15.42936441,15.03825986,15.27859865,0.692748351,0.658802092,0.658802092,0.658802092,0.658802092,0.692748351,0,0,0,0,0,0,,
Unknown 213,2,3,3,3,3,3,3,3,3,3,3,2,20.67992573,20.21016885,21.18743254,20.77961084,20.95744063,20.83112842,20.5397139,20.47813916,20.37551363,21.13524257,20.01729458,20.47219939,0.188027598,0.526576747,0.027190645,0.432074563,0.677553067,0.775660219,0,0,1,0,0,0,,
Unknown 214,2,3,3,3,3,3,3,3,3,3,3,2,13.96896692,13.96484833,14.07786018,13.99809481,13.76109469,13.7922167,13.87648976,14.16515804,13.74042104,13.95806762,13.45114786,14.21444621,0.972811482,0.082945443,0.760458319,0.67137251,0.913366922,0.148025194,0,0,0,0,0,0,,
Unknown 215,2,3,3,3,3,3,3,3,3,3,3,2,17.75073453,17.61546089,17.75337702,17.76866612,17.88598928,17.50186776,17.89743614,17.71193314,17.68367523,17.70631004,17.43089276,17.65253822,0.81590327,0.285580156,0.808144953,0.453214593,0.032807708,0.870334882,0,0,0,0,1,0,,
Unknown 216,2,3,3,3,3,3,3,3,3,3,3,2,14.81490594,14.83620554,14.96999492,14.77623689,14.80496782,14.51972664,15.49425668,14.80407691,14.64008311,14.21957542,14.41033612,14.66658345,0.208551096,0.311372835,0.69033408,0.094582606,0.494933406,0.954531427,0,0,0,0,0,0,,
Unknown 217,2,3,3,3,3,3,3,3,3,3,3,2,14.32749414,14.23486576,14.30471517,14.16524579,14.87111544,15.09071706,13.94564417,14.08511355,14.59541897,14.54709576,14.01526414,14.37581735,0.803553431,0.780964558,0.780964558,0.780964558,0.780964558,0.803553431,0,0,0,0,0,0,,
Unknown 218,2,3,3,3,3,3,3,3,3,3,3,2,14.49494354,14.60437461,14.51528916,14.08250468,14.98121983,15.26214633,13.80157819,14.23436267,14.50626511,14.77587003,14.32344812,14.22533861,0.778668376,0.753401742,0.753401742,0.753401742,0.753401742,0.778668376,0,0,0,0,0,0,,
Unknown 219,2,3,3,3,3,3,3,3,3,3,3,2,15.93807635,14.35465317,14.32129006,15.66069128,15.29956958,14.26242738,14.9197726,15.42809074,16.17831838,16.06004262,14.92208437,13.55672044,0.927431247,0.63652796,0.360092725,0.537945135,0.390565172,0.06032235,0,0,0,0,0,0,,
Unknown 220,2,3,3,3,3,3,3,3,3,3,3,2,14.42281288,14.43214297,14.76045845,14.27773236,14.7992781,14.350011,14.67402422,14.29793057,13.95350875,14.64182377,14.86226214,14.44034091,0.659394778,0.337246037,0.302899105,0.375854939,0.316641207,0.331434261,0,0,0,0,0,0,,
Unknown 221,2,3,3,3,3,3,3,3,3,3,3,1,16.37939012,16.00326559,16.51291475,16.27773212,16.06426476,16.08156405,16.17519162,16.23395418,15.92256689,16.41489395,15.93773678,16.35105442,0.89844967,0.792412472,0.269271893,0.680832784,0.9445658,0.231394774,0,0,0,0,0,0,,
Unknown 222,2,3,3,3,3,3,3,3,3,3,3,2,16.39734048,16.64705901,16.93462475,17.1156338,16.63516542,17.15914761,16.92326481,16.72007462,16.8609627,17.04264008,16.88671777,16.20454511,0.201078377,0.589714696,0.629042446,0.664752123,0.244239668,0.19371083,0,0,0,0,0,0,,
Unknown 223,2,3,3,3,3,3,3,3,3,3,3,2,17.37656321,17.37245454,17.44282443,17.30447462,17.26526372,17.37564498,17.19409335,17.33244317,17.13923552,17.48694447,17.26207328,17.02885425,0.759737434,0.732478058,0.732478058,0.732478058,0.732478058,0.759737434,0,0,0,0,0,0,,
Unknown 224,2,3,3,3,3,3,3,3,3,3,3,2,17.41089807,16.7572015,17.56619682,17.06593273,17.52374211,16.66072202,16.98387921,16.49199038,16.8640653,17.08131917,16.94430897,16.97419994,0.474310149,0.648574338,0.014537011,0.841285826,0.044489181,0.810055045,0,0,1,0,1,0,,
Unknown 225,2,3,3,3,3,3,3,3,3,3,3,2,19.33150951,18.77965588,18.89019158,18.71812417,18.78916965,18.66812933,18.62487746,18.57950159,18.69066361,18.78591902,18.5544995,18.45424833,0.070362675,0.38969057,0.23879415,0.719763687,0.641759993,0.418717458,0,0,0,0,0,0,,
Unknown 226,2,3,3,3,3,3,3,3,3,3,3,2,21.03599594,20.81689186,21.31368518,21.10029387,21.19561222,20.82081486,20.91140756,20.74513507,20.94351213,20.76472967,20.70469197,20.82764597,0.419179443,0.707063785,0.066702955,0.528187836,0.216736033,0.728445191,0,0,0,0,0,0,,
Unknown 227,2,3,3,3,3,3,3,3,3,3,3,2,18.94779811,19.08824681,19.46266865,19.19661248,19.30988427,18.88349909,18.98858215,19.02901275,19.27936674,18.90474729,19.10511162,18.89073416,0.909516668,0.960296299,0.208837201,0.540916511,0.216297857,0.310630218,0,0,0,0,0,0,,
Unknown 228,2,3,3,3,3,3,3,3,3,3,3,2,17.8579516,17.35417081,17.66557193,17.64920857,17.43903291,17.53956131,17.49465477,17.35597067,17.46951706,17.28271112,17.8367002,17.32082432,0.046020709,0.059962432,0.216487262,0.531833108,0.683475615,0.590143331,1,0,0,0,0,0,,
Unknown 229,2,3,3,1,3,3,3,3,3,3,3,2,14.21578975,14.04586083,15.04919951,15.247132,15.2382561,13.45783783,14.52643003,13.5394801,14.58412828,13.82735674,11.55241202,13.89416466,0.730105763,0.02074565,0.144094904,0.613450704,0.088133753,0.541331924,0,1,0,0,0,0,,
Unknown 230,2,3,3,3,3,3,3,3,3,3,3,2,14.18008061,13.98141216,14.97853818,10.76676406,15.11755565,13.46208728,14.35127099,13.53653381,14.50341979,13.87536429,12.3930117,13.80903602,0.84813712,0.270948651,0.316415935,0.018317726,0.251793312,0.663123436,0,0,0,-1,0,0,,
Unknown 231,2,2,2,3,3,3,3,3,3,3,3,2,15.34244067,15.04645557,15.32673733,14.35836306,14.72299375,14.02105835,14.3402997,13.72050256,13.90236451,13.44472338,13.65331274,13.0727816,0.010136147,0.050162569,0.026075285,0.976194907,0.25412651,0.228903566,1,0,1,0,0,0,,
Unknown 232,2,3,3,3,3,3,3,3,3,3,3,2,17.95828625,17.55526165,18.01886056,18.11547517,18.00559117,18.363488,17.75757833,17.66096373,18.09664217,18.31618309,17.19736481,17.73874533,0.46037166,0.409891295,0.409891295,0.409891295,0.409891295,0.46037166,0,0,0,0,0,0,,
Unknown 233,2,3,3,3,3,3,3,3,3,3,3,2,16.8035702,15.32932365,15.81423579,15.77131893,15.52074155,16.281734,15.7306296,14.62159709,16.82274283,14.47528495,14.19783665,15.8361292,0.133969003,0.406961015,0.382495346,0.976019642,0.575376085,0.516500204,0,0,0,0,0,0,,
Unknown 234,2,3,3,3,3,3,3,3,3,3,3,2,17.09548301,17.04026293,17.28683098,17.30480795,17.00983483,17.14616118,17.1684816,17.15050464,17.09716361,17.23180936,16.90393658,16.96083726,0.646702163,0.60855384,0.60855384,0.60855384,0.60855384,0.646702163,0,0,0,0,0,0,,
Unknown 235,2,3,3,3,3,3,3,3,3,3,3,2,17.17513283,16.24251596,17.04624352,17.12991262,16.98727108,16.45884509,16.81475702,16.61460596,17.39809876,16.7504294,17.4306266,16.61211032,0.578359288,0.091530381,0.528121335,0.644355692,0.440952634,0.307796141,0,0,0,0,0,0,,
Unknown 236,2,3,3,3,3,3,3,3,3,3,3,2,16.97362676,15.48918252,16.57242301,16.24870081,16.97513386,16.08410974,16.33802911,16.39546117,16.82100811,16.39676302,17.14476336,16.21632875,0.430531119,0.017206213,0.785557151,0.890688701,0.179390098,0.408967248,0,-1,0,0,0,0,,
Unknown 237,2,2,3,3,3,3,3,3,3,3,3,2,18.08866779,17.70809526,17.8070592,17.5462491,17.51340439,17.36704214,16.38608012,17.32529357,17.29673084,17.15420905,17.40497022,17.27152166,0.119583411,0.604151931,0.360262142,0.035124008,0.779078599,0.96549768,0,0,0,1,0,0,,
Unknown 238,2,3,3,3,3,3,3,3,3,3,3,2,16.98035019,16.60073432,17.36308598,16.79856818,17.12909891,16.74030553,16.71794529,16.27192439,16.68910074,16.36310257,16.73032189,16.73736486,0.303977687,0.807155624,0.049355473,0.879242783,0.466394804,0.93515206,0,0,1,0,0,0,,
Unknown 239,2,3,3,3,3,3,3,3,3,3,3,2,17.13622617,16.93471197,16.95194207,17.1331785,17.06839464,17.18612885,17.01544429,16.83420785,17.32470069,17.25396038,16.81697776,17.20696648,0.87757569,0.863269539,0.863269539,0.863269539,0.863269539,0.87757569,0,0,0,0,0,0,,
Unknown 240,2,3,3,3,3,3,3,3,3,3,3,2,17.13622617,16.93471197,16.95194207,17.1331785,17.06839464,17.18612885,17.01544429,16.83420785,17.32470069,17.25396038,16.81697776,17.20696648,0.87757569,0.863269539,0.863269539,0.863269539,0.863269539,0.87757569,0,0,0,0,0,0,,
Unknown 241,2,3,3,3,3,3,3,3,3,3,3,2,16.87160784,16.5046214,16.12528365,16.08904837,16.02391591,16.12825578,15.9847085,16.02094378,16.2635588,16.97594771,16.40028153,16.15921893,0.890610295,0.877801307,0.877801307,0.877801307,0.877801307,0.890610295,0,0,0,0,0,0,,
Unknown 242,2,3,3,3,3,3,3,3,3,3,3,2,17.34189612,17.67780033,17.31371874,17.13710733,15.71505353,16.63504769,16.49340492,16.76948814,16.29254888,16.52746346,15.88017958,17.39615064,0.264017195,0.009778953,0.401034622,0.322132027,0.161824662,0.134644229,0,1,0,0,0,0,,
Unknown 243,2,3,3,3,3,3,3,3,3,3,3,2,15.79823657,14.64764839,15.48357485,14.74354582,15.4473563,14.21304139,12.17768285,14.31555338,13.87336382,15.11975731,13.00317925,15.12780068,0.548307894,0.112699066,0.253142928,0.017164211,0.228000124,0.271774551,0,0,0,1,0,0,,
Unknown 244,2,3,3,3,3,3,3,3,3,3,3,2,17.62397811,16.85437906,17.42867,16.76140986,17.64116205,16.75296928,16.9289075,17.22330565,17.02585299,16.9537712,16.23763056,17.19003605,0.122458379,0.112595225,0.587650224,0.657936406,0.026401465,0.697729736,0,0,0,0,1,0,,
Unknown 245,2,3,3,3,3,3,3,3,3,3,3,2,17.62397811,16.85437906,17.42867,16.76140986,17.64116205,16.75296928,16.70115028,17.22330565,17.02585299,16.9537712,16.23763056,17.19003605,0.138144943,0.127676671,0.603379731,0.878488461,0.032671527,0.709834171,0,0,0,0,1,0,,
Unknown 246,2,3,3,3,3,3,3,3,3,3,3,2,14.37050295,13.23374943,14.25813024,12.33779805,14.70842939,12.82896365,13.08441398,10.69384606,12.0021141,13.26460371,10.67193523,11.34959395,0.51204307,0.098349621,0.025212608,0.619925956,0.218635056,0.69792833,0,0,1,0,0,0,,
Unknown 247,2,3,3,3,3,3,3,3,3,3,3,2,15.45601531,14.813143,15.17450804,14.73948917,14.76733522,14.91175884,13.89983143,15.09398937,14.29381379,15.04923171,14.69505531,15.10609755,0.482024833,0.818593088,0.875688011,0.113055302,0.779154494,0.167310421,0,0,0,0,0,0,,
Unknown 248,2,3,3,3,3,3,3,3,3,3,3,2,18.58762299,18.00262057,18.20767088,17.85465102,17.81556283,17.87288101,17.00351627,18.09201144,17.8211129,18.08366636,17.84175476,17.97659236,0.289097543,0.701971986,0.78304708,0.052337464,0.891388282,0.740687694,0,0,0,0,0,0,,
