Name,Count_-2_pre,Count_-6_pre,Count_-6_2,Count_-2_2,Count_-6_4,Count_-6_6,Count_-2_6,Count_-6_8,Count_-2_8,Count_-2_10,Count_-6_10,Mean_-2_pre,Mean_-6_pre,Mean_-6_2,Mean_-2_2,Mean_-6_4,Mean_-6_6,Mean_-2_6,Mean_-6_8,Mean_-2_8,Mean_-2_10,Mean_-6_10,P_value_A_-2_pre_vs_-6_pre,P_value_A_-6_2_vs_-2_2,P_value_A_-6_6_vs_-2_6,P_value_A_-6_8_vs_-2_8,P_value_A_-2_10_vs_-6_10,Flag_A_-2_pre_vs_-6_pre,Flag_A_-6_2_vs_-2_2,Flag_A_-6_6_vs_-2_6,Flag_A_-6_8_vs_-2_8,Flag_A_-2_10_vs_-6_10,,,,negaive means -6 is significantly larger
2,2,6,6-Tetramethyl-4-piperidinol,3,1,3,3,3,1,3,3,3,3,3,26.50734484,26.72042272,26.67476904,26.46169115,27.07538071,26.86895666,26.65587878,27.18490414,26.97182626,27.26323812,27.47631601,0.599608713,0.459578002,0.599608713,0.459578002,0.459578002,0,0,0,0,0,
4-Guanidinobutanoic acid,3,1,3,3,3,1,3,3,3,3,3,21.90607684,23.45725015,21.02354578,21.29042522,22.02590976,22.69609856,21.06810426,21.83874751,21.1666512,20.65454716,20.76513589,0.169654281,0.731798435,0.150557297,0.392224694,0.886908029,0,0,0,0,0,,,,
Acetyl-L-carnitine,3,1,3,3,3,1,3,3,3,3,3,23.14036909,22.08330244,21.0489699,21.16161799,21.30864691,21.91973322,20.51087159,20.51183502,20.7472706,20.67270704,20.85945183,0.271340535,0.866111716,0.147770715,0.724915777,0.780012795,0,0,0,0,0,,,,
Adenine,3,1,3,3,3,1,3,3,3,3,3,26.85616412,27.90735658,26.25722029,25.93412999,26.27557215,26.273121,26.03035627,26.52756311,26.6742532,26.80121741,26.84569438,0.030518272,0.32101112,0.594329289,0.648680606,0.889838126,-1,0,0,0,0,,,,
Adenosine,3,1,3,3,3,1,3,3,3,3,3,29.41110197,29.43175958,29.58474952,29.56409191,29.5096591,29.94054511,29.9198875,30.21812866,30.19747105,30.33913428,30.35979189,0.963370742,0.948218154,0.963370742,0.948218154,0.948218154,0,0,0,0,0,,,,
Betaine,3,1,3,3,3,1,3,3,3,3,3,30.26712565,30.51823808,30.40437337,30.23090339,30.25745146,30.97826304,30.19319819,30.33138056,30.06062195,30.16737454,30.29223389,0.38542385,0.396245413,0.012324159,0.191714687,0.539467394,0,0,1,0,0,,,,
Bis(methylbenzylidene)sorbitol,3,1,3,3,3,1,3,3,3,3,3,21.8883942,22.58841475,22.46692624,22.06515904,21.7256678,23.57624175,22.34339609,22.50766388,22.62691179,22.7120974,22.54151367,0.291379067,0.389254119,0.071605442,0.796395433,0.712332509,0,0,0,0,0,,,,
Choline,3,1,3,3,3,1,3,3,3,3,3,29.28601551,29.3259146,29.66026009,29.62036099,29.30593553,29.60980364,29.56990454,29.81662245,29.77672336,29.98297909,30.02287818,0.881678793,0.833334182,0.881678793,0.833334182,0.833334182,0,0,0,0,0,,,,
Cytosine,3,1,3,3,3,1,3,3,3,3,3,26.06942688,27.24393582,25.88475661,25.41825463,25.33505524,25.38485943,25.7909525,25.44745833,25.94226931,25.86909758,25.96282166,0.048764372,0.250552052,0.474297693,0.223999967,0.814162112,-1,0,0,0,0,,,,
DEET,3,1,3,3,3,1,3,3,3,3,3,21.9192312,23.76777702,22.06969474,20.92860939,21.65278955,21.51296802,21.80859203,22.26925521,21.6574775,22.01333756,20.6084428,0.196309519,0.256689825,0.832490733,0.537852456,0.166396728,0,0,0,0,0,,,,
Deoxyadenosine,3,1,3,3,3,1,3,3,3,3,3,26.23221583,26.95581853,26.27457399,25.61419698,25.92305071,26.25732337,26.08935027,25.54177231,26.25361329,26.40018452,26.15095093,0.331279101,0.213824156,0.819321472,0.18174466,0.632576883,0,0,0,0,0,,,,
Deoxycarnitine,3,1,3,3,3,1,3,3,3,3,3,26.28808196,26.45224194,26.57993919,26.41577922,26.64803399,26.759751,26.59559102,26.56316076,26.39900078,26.26036965,26.42452963,0.676646968,0.556302392,0.676646968,0.556302392,0.556302392,0,0,0,0,0,,,,
Diethanolamine,3,1,3,3,3,1,3,3,3,3,3,24.85684928,24.85427612,24.90687105,24.90944421,24.51799162,24.67474423,24.67731739,25.87617528,25.87874844,25.92727127,25.92469811,0.997086095,0.995879127,0.997086095,0.995879127,0.995879127,0,0,0,0,0,,,,
DL-?-Leucine,3,1,3,3,3,1,3,3,3,3,3,25.73344924,25.66829617,25.53572533,25.89624151,25.6896136,26.0152927,25.5779235,25.26440967,25.28162014,25.31238846,24.78968038,0.883260728,0.259040186,0.330661928,0.956243272,0.108310216,0,0,0,0,0,,,,
DL-Arginine,3,1,3,3,3,1,3,3,3,3,3,21.51640324,19.39978519,19.57612959,20.04941623,20.15242721,20.50065845,19.52278242,19.62455986,19.793896,19.68831941,20.59120862,0.07239405,0.55367948,0.389529136,0.831463155,0.264643026,0,0,0,0,0,,,,
DL-Carnitine,3,1,3,3,3,1,3,3,3,3,3,27.8582722,27.63439118,27.07434086,27.67565882,27.872894,28.17451557,27.59792936,27.60321252,27.27637038,27.44029851,27.41359832,0.415752827,0.005369231,0.045815019,0.102607975,0.889828117,0,-1,1,0,0,,,,
DL-Citrulline,3,1,3,3,3,1,3,3,3,3,3,21.30177559,22.0546689,20.36043286,22.3175257,21.69890464,20.53337627,21.02771034,20.87166387,20.27845061,20.93400686,20.78810476,0.433353222,0.008640105,0.605185352,0.383652214,0.828630737,0,-1,0,0,0,,,,
DL-Glutamine,3,1,3,3,3,1,3,3,3,3,3,23.94304207,23.61138448,23.12200739,23.9061499,23.63186838,23.34073911,23.14500683,23.0840986,23.11853949,22.87629164,23.53256689,0.429594191,0.014591453,0.639171404,0.906848157,0.036356547,0,-1,0,0,-1,,,,
DL-Isoleucine/Leucine,3,1,3,3,3,1,3,3,3,3,3,26.02629206,26.01931453,26.48301806,25.75617933,26.07276852,27.06648612,25.76230923,26.23229208,25.73154778,26.01958307,25.76729314,0.990000429,0.077530026,0.028851291,0.213457445,0.524013599,0,0,1,0,0,,,,
DL-Proline,3,1,3,3,3,1,3,3,3,3,3,23.50423902,23.73566864,23.46774105,22.90147279,23.25758377,23.54572579,22.54769709,22.89994235,22.42688024,22.73484885,22.63614797,0.545980308,0.047264768,0.01615277,0.092125443,0.714833467,0,1,1,0,0,,,,
DL-Stachydrine,3,1,3,3,3,1,3,3,3,3,3,24.9655632,24.59498977,24.25470897,24.69101269,24.62770912,25.64366158,24.69796628,24.26640469,24.26791059,24.12034445,24.43120145,0.506908548,0.274325408,0.101082302,0.996937712,0.432259375,0,0,0,0,0,,,,
Glycerophosphocholine,3,1,3,3,3,1,3,3,3,3,3,19.34723556,19.6907759,17.68234752,18.55957955,18.7870832,17.25326772,18.57622441,17.96264813,17.89524895,18.29076433,17.53718311,0.579240546,0.056380177,0.043231963,0.877239717,0.096821204,0,0,-1,0,0,,,,
HOTrE,3,1,3,3,3,1,3,3,3,3,3,23.32572367,23.43954823,23.47177724,22.54691772,22.85821122,23.09946482,22.35934755,22.72983125,22.920581,23.15138083,22.98719254,0.804423589,0.009801297,0.119613832,0.558864475,0.614426324,0,1,0,0,0,,,,
Hypoxanthine,3,1,3,3,3,1,3,3,3,3,3,26.13566601,27.05490169,24.50557011,23.86668914,24.91988823,24.39231044,24.73215451,24.35767252,24.68897117,24.90635393,24.39621528,0.294798319,0.302883446,0.694630124,0.589079296,0.408170658,0,0,0,0,0,,,,
LL-2,6-Diaminheptanedioic acid,3,1,3,3,3,1,3,3,3,3,3,23.8454805,23.64319376,22.46073092,23.28025096,23.32837839,23.24141322,22.73345744,22.5258632,22.41517761,22.0961178,22.73748464,0.616001517,0.009062061,0.216265108,0.697538958,0.034427009,0,-1,0,0,-1,,,
L-Pyroglutamic acid,3,1,3,3,3,1,3,3,3,3,3,23.94304207,23.61138448,23.12200739,23.9061499,23.63186838,23.34073911,23.14500683,23.0840986,23.11853949,22.87629164,23.53256689,0.429594191,0.014591453,0.639171404,0.906848157,0.036356547,0,-1,0,0,-1,,,,
N-alpha-Acetyl-L-Lysine,3,1,3,3,3,1,3,3,3,3,3,28.44080459,27.77628818,27.65255925,28.61457474,28.10228837,29.11782059,28.47295841,28.20993658,28.15979016,28.35391806,27.11404577,0.137345476,0.005143626,0.148642407,0.870042847,0.000667419,0,-1,0,0,1,,,,
N-Methyl-D-Aspartic acid,3,1,3,3,3,1,3,3,3,3,3,24.97551279,25.04119848,24.17985508,24.11416939,24.40826522,24.47911166,24.41342597,24.67073853,24.60505284,24.90655013,24.97223581,0.880093232,0.831118981,0.880093232,0.831118981,0.831118981,0,0,0,0,0,,,,
Oleamide,3,1,3,3,3,1,3,3,3,3,3,21.3895197,22.37357392,22.72979642,21.7457422,21.49638131,22.29301117,21.30895695,22.45962741,21.47557319,20.48763281,21.47168703,0.175972966,0.061744663,0.175972966,0.061744663,0.061744663,0,0,0,0,0,,,,
Senecionine,3,1,3,3,3,1,3,3,3,3,3,21.41971399,20.99274364,21.13514873,21.56211908,19.25007989,19.25132805,19.67829841,21.14137945,21.56834981,22.44096617,22.01399581,0.897117804,0.85494019,0.897117804,0.85494019,0.85494019,0,0,0,0,0,,,,
Sugars - Oligosaccharide (Tetraose),3,1,3,3,3,1,3,3,3,3,3,19.75762696,17.97797656,16.69255735,20.34251856,21.10955401,20.3347383,18.33238321,17.8458617,16.62460584,17.8966263,18.95783999,0.336510523,0.010314527,0.281180916,0.350606569,0.415915852,0,-1,0,0,0,,,,
Sugars - Trisaccharide1,3,1,3,3,3,1,3,3,3,3,3,24.68847842,23.87549738,23.44292503,24.33636532,23.99620214,24.2548024,23.94183575,24.09318337,23.9804997,24.61837671,23.54158838,0.306887849,0.119541967,0.690370373,0.838998073,0.064445755,0,0,0,0,0,,,,
Sugars - Trisaccharide2,3,1,3,3,3,1,3,3,3,3,3,23.28764153,21.77317379,19.62993891,22.66778682,22.11853641,22.28277328,21.3956019,20.67593746,20.782751,21.61470483,21.94594312,0.218857373,0.001983956,0.465108481,0.900289637,0.698157595,0,-1,0,0,0,,,,
Sugars-Monosaccharides-Hexoses,3,1,3,3,3,1,3,3,3,3,3,27.50669729,26.83914298,26.92247731,27.59003163,26.93331115,26.55530577,27.22286009,26.48331779,27.15087211,27.07456521,26.40701089,0.290815505,0.141173298,0.290815505,0.141173298,0.141173298,0,0,0,0,0,,,,
Thymine,3,1,3,3,3,1,3,3,3,3,3,24.64860741,25.69075716,25.07016138,24.77258793,24.81602933,25.45461982,25.30471851,25.23655974,25.63308816,25.56544878,25.36368479,0.013691478,0.284488278,0.698972773,0.158823789,0.464135219,-1,0,0,0,0,,,,
Unknown 001,3,1,3,3,3,1,3,3,3,3,3,20.05739132,19.47976624,20.14795372,18.41443444,18.96537434,19.88091319,19.24219962,18.25674114,20.24181223,18.4309439,19.30015869,0.803348859,0.297623539,0.783088197,0.235175826,0.597291455,0,0,0,0,0,,,,
Unknown 002,3,1,3,3,3,1,3,3,3,3,3,21.03961143,21.36846347,21.11654807,20.78769604,20.83563434,20.98608369,20.65723166,21.22498014,20.8961281,19.67238858,20.00124061,0.739754477,0.639041982,0.739754477,0.639041982,0.639041982,0,0,0,0,0,,,,
Unknown 003,3,1,3,3,3,1,3,3,3,3,3,21.61140789,21.61853244,22.15857448,21.02923018,21.06794388,21.77854636,20.83396706,20.46498791,21.2011683,20.27837948,20.04800974,0.994153715,0.113111783,0.337660919,0.291933451,0.737979139,0,0,0,0,0,,,,
Unknown 004,3,1,3,3,3,1,3,3,3,3,3,21.32471782,22.87394979,23.34948875,23.16010606,21.95828948,17.4200795,23.26310222,23.4158827,23.28185728,23.46880587,23.09846206,0.156051447,0.800905083,2.67E-05,0.858295403,0.622798691,0,0,-1,0,0,,,,
Unknown 005,3,1,3,3,3,1,3,3,3,3,3,17.812928,17.27061548,17.58047245,18.12278497,17.93996979,18.46637424,19.00868676,18.21272083,18.75503335,18.73196676,18.18965424,0.767179958,0.675814996,0.767179958,0.675814996,0.675814996,0,0,0,0,0,,,,
Unknown 006,3,1,3,3,3,1,3,3,3,3,3,19.78165881,20.41579277,19.96922424,19.33509029,19.38441456,20.32307343,19.68893947,19.62759253,18.99345857,19.71637029,20.35050425,0.558017583,0.40967932,0.558017583,0.40967932,0.40967932,0,0,0,0,0,,,,
Unknown 007,3,1,3,3,3,1,3,3,3,3,3,21.99919798,21.66782664,22.77910411,22.12984767,22.02252602,22.43450722,22.37087227,22.49379631,22.69245143,22.79388455,22.43305488,0.445610319,0.04443063,0.882619605,0.516877191,0.245345468,0,1,0,0,0,,,,
Unknown 008,3,1,3,3,3,1,3,3,3,3,3,21.99919798,21.66782664,22.77910411,22.12984767,22.02252602,22.43450722,22.37087227,22.49379631,22.69245143,22.79388455,22.43305488,0.445610319,0.04443063,0.882619605,0.516877191,0.245345468,0,1,0,0,0,,,,
Unknown 009,3,1,3,3,3,1,3,3,3,3,3,22.68302057,22.41050801,23.40410168,22.68193285,22.65658025,22.75865181,23.15018177,23.37358853,23.41349741,23.481413,23.01818152,0.50313181,0.019653296,0.339262233,0.889036604,0.117825848,0,1,0,0,0,,,,
Unknown 010,3,1,3,3,3,1,3,3,3,3,3,21.78192086,22.28926245,22.52928115,22.06133872,22.3064473,22.51468715,22.1992424,22.34613921,22.62752525,22.98254395,22.52274614,0.428018904,0.304172098,0.620249426,0.532758191,0.312420444,0,0,0,0,0,,,,
Unknown 011,3,1,3,3,3,1,3,3,3,3,3,21.64663335,22.02792857,22.81519101,21.91054247,22.13981335,22.08046692,22.22857969,22.26683036,22.52986644,22.45427001,22.1106612,0.423158458,0.013170837,0.753864967,0.434364466,0.310060889,0,1,0,0,0,,,,
Unknown 012,3,1,3,3,3,1,3,3,3,3,3,21.64663335,22.02792857,22.81519101,21.91054247,22.13981335,22.08046692,22.22857969,22.26683036,22.52986644,22.45427001,22.1106612,0.423158458,0.013170837,0.753864967,0.434364466,0.310060889,0,1,0,0,0,,,,
Unknown 013,3,1,3,3,3,1,3,3,3,3,3,20.85238049,22.67541412,21.5218673,21.2621347,18.69259964,22.37827065,20.58414438,21.60827335,20.96959207,21.59987469,20.86375465,0.233235238,0.806526503,0.240438852,0.548727927,0.490190299,0,0,0,0,0,,,,
Unknown 014,3,1,3,3,3,1,3,3,3,3,3,23.73792266,22.35773642,24.04250854,23.33670414,23.7149819,24.68545347,23.53536519,25.13724678,24.37184751,25.39167562,24.13053897,0.323992348,0.472775202,0.409202558,0.436803825,0.206537314,0,0,0,0,0,,,,
Unknown 015,3,1,3,3,3,1,3,3,3,3,3,23.70047298,23.68442013,24.41312108,23.33619989,23.4576382,23.69016558,23.66302093,24.4919806,24.090128,24.27095153,23.38540594,0.980765851,0.032339132,0.967482274,0.398185671,0.072591543,0,1,0,0,0,,,,
Unknown 016,3,1,3,3,3,1,3,3,3,3,3,21.12806061,20.78256985,21.37637376,20.93817388,21.11097161,21.72803409,21.4195813,21.75599642,21.60668458,22.03477832,21.47943031,0.370562457,0.116841465,0.422982788,0.581513989,0.051311389,0,0,0,0,0,,,,
Unknown 017,3,1,3,3,3,1,3,3,3,3,3,22.45302557,22.30402894,22.51907266,22.66806929,22.50851217,22.65377549,22.80277212,23.00011087,23.14910749,23.05048093,22.9014843,0.874428688,0.823211004,0.874428688,0.823211004,0.823211004,0,0,0,0,0,,,,
Unknown 018,3,1,3,3,3,1,3,3,3,3,3,22.60618295,22.8675068,23.09892373,22.55912967,22.63289293,23.16107527,22.59456197,22.62155952,22.76200407,22.72457017,22.85882047,0.541061257,0.085416269,0.193528297,0.641510999,0.656196522,0,0,0,0,0,,,,
Unknown 019,3,1,3,3,3,1,3,3,3,3,3,22.71392314,22.88846775,23.05439557,22.13344619,22.4069434,22.38983756,22.21239604,22.2739673,22.35863871,22.75060305,22.62161397,0.646508954,0.002670715,0.641084807,0.752667148,0.631815235,0,1,0,0,0,,,,
Unknown 020,3,1,3,3,3,1,3,3,3,3,3,23.24801583,24.1418959,24.97881204,24.08493197,23.55274766,23.9842319,23.09035183,23.73217238,22.8382923,22.72883161,23.62271168,0.409066469,0.24745639,0.409066469,0.24745639,0.24745639,0,0,0,0,0,,,,
Unknown 021,3,1,3,3,3,1,3,3,3,3,3,23.33417248,24.3232251,24.76098514,24.51464408,24.55905197,24.46096028,24.59111796,25.12203769,24.77324724,25.29252658,24.92658174,0.151132996,0.603878742,0.845800443,0.464279454,0.442945405,0,0,0,0,0,,,,
Unknown 022,3,1,3,3,3,1,3,3,3,3,3,19.33259911,20.43990024,20.00769752,18.90039639,21.17967328,20.23385729,19.12655616,20.7057308,19.59842968,19.82237556,20.92967669,0.499876827,0.343072945,0.499876827,0.343072945,0.343072945,0,0,0,0,0,,,,
Unknown 023,3,1,3,3,3,1,3,3,3,3,3,18.89965242,20.00176423,20.66310007,19.56098826,20.80439312,20.18156228,19.07945047,20.75766165,19.65554984,19.9984154,21.10052721,0.594138281,0.452915294,0.594138281,0.452915294,0.452915294,0,0,0,0,0,,,,
Unknown 024,3,1,3,3,3,1,3,3,3,3,3,22.00697906,22.93812147,23.62197257,23.26259426,22.32520612,20.38758631,23.93247045,24.23428285,24.6333371,24.69027061,24.16793572,0.430796383,0.665246038,0.006623503,0.631117858,0.530636992,0,0,-1,0,0,,,,
Unknown 025,3,1,3,3,3,1,3,3,3,3,3,22.29100626,22.55990709,22.57563198,22.30673115,22.32783716,22.46983754,22.20093671,22.82589637,22.55699554,22.14280465,22.41170548,0.81058109,0.734852497,0.81058109,0.734852497,0.734852497,0,0,0,0,0,,,,
Unknown 026,3,1,3,3,3,1,3,3,3,3,3,22.79184573,22.60949103,22.69234551,22.87470021,23.36523804,23.05310614,23.23546084,23.2874524,23.4698071,23.80843941,23.6260847,0.81710495,0.743805997,0.81710495,0.743805997,0.743805997,0,0,0,0,0,,,,
Unknown 027,3,1,3,3,3,1,3,3,3,3,3,21.13974473,22.32374587,22.30829353,20.29360456,21.92576289,22.94266871,20.86583435,21.62073877,21.727315,20.72195554,23.15624135,0.474050306,0.095452229,0.215890234,0.926864578,0.047585408,0,0,0,0,-1,,,,
Unknown 028,3,1,3,3,3,1,3,3,3,3,3,21.44817351,20.33780448,22.06297839,21.12533149,21.47736882,22.35244148,22.20288582,21.97417843,22.79259269,22.70519254,22.67145921,0.098811397,0.052217243,0.817282993,0.086319935,0.941210084,0,0,0,0,0,,,,
Unknown 029,3,1,3,3,3,1,3,3,3,3,3,21.60185363,21.60314509,23.02496295,23.02367149,22.45501777,22.46855904,22.46726758,22.68213706,22.6808456,22.44304227,22.44433373,0.998069565,0.997269955,0.998069565,0.997269955,0.997269955,0,0,0,0,0,,,,
Unknown 030,3,1,3,3,3,1,3,3,3,3,3,21.31477437,22.11274251,22.70361963,21.9056515,22.43456992,22.67453718,21.87656904,22.87579823,22.07783009,22.93405229,23.73202042,0.367556386,0.207612218,0.367556386,0.207612218,0.207612218,0,0,0,0,0,,,,
Unknown 031,3,1,3,3,3,1,3,3,3,3,3,22.94218458,23.81203191,23.99445776,23.12461042,24.68039461,23.65311435,22.78326701,25.10467199,24.23482465,23.87700129,24.74684863,0.464695455,0.304734935,0.464695455,0.304734935,0.304734935,0,0,0,0,0,,,,
Unknown 032,3,1,3,3,3,1,3,3,3,3,3,21.59140779,23.47534171,22.90138823,21.01745431,23.15796533,24.12443374,22.24049982,23.68201648,21.79808256,22.73216618,24.6161001,0.33756844,0.180488276,0.33756844,0.180488276,0.180488276,0,0,0,0,0,,,,
Unknown 033,3,1,3,3,3,1,3,3,3,3,3,23.4495318,23.22811358,23.31549939,23.53691761,23.07722059,23.67546294,23.89688116,23.10782303,23.32924125,23.6132006,23.39178238,0.895266819,0.852346548,0.895266819,0.852346548,0.852346548,0,0,0,0,0,,,,
Unknown 034,3,1,3,3,3,1,3,3,3,3,3,20.67709991,21.90427828,22.56068688,21.3335085,21.80309022,22.87349465,21.64631628,23.01983939,21.79266102,22.79612865,24.02330702,0.443551601,0.28246428,0.443551601,0.28246428,0.28246428,0,0,0,0,0,,,,
Unknown 035,3,1,3,3,3,1,3,3,3,3,3,21.5690878,19.74477245,22.10361911,21.43872054,21.84099308,22.77417627,21.96165262,22.50367448,22.13390623,22.53263914,22.48577165,0.016579379,0.190131522,0.254702823,0.458721617,0.924600733,1,0,0,0,0,,,,
Unknown 036,3,1,3,3,3,1,3,3,3,3,3,20.943592,19.32202228,23.0121863,19.97490459,21.46879357,16.6652689,20.99237251,21.58055839,22.57983996,24.00220245,21.83508517,0.5042475,0.087807539,0.085670274,0.559968141,0.214065052,0,0,0,0,0,,,,
Unknown 037,3,1,3,3,3,1,3,3,3,3,3,21.35572294,19.70915362,23.38453388,20.38535187,21.85331229,16.62406653,21.47254943,21.82753477,23.00530445,24.14968822,22.21868109,0.498787311,0.092254634,0.057096334,0.493898469,0.267232577,0,0,0,0,0,,,,
Unknown 038,3,1,3,3,3,1,3,3,3,3,3,20.35117567,17.7447612,20.97930481,20.58377895,20.01075702,20.31000678,20.39414806,19.52019062,20.99809231,20.43250211,20.57527036,0.139092004,0.743610268,0.960701303,0.230498474,0.905895701,0,0,0,0,0,,,,
Unknown 039,3,1,3,3,3,1,3,3,3,3,3,23.98575598,23.99130307,23.04830329,23.78539741,22.90594792,24.97618239,23.0369171,24.06115536,23.69784506,24.12862001,24.3375508,0.995078938,0.2552147,0.042239716,0.569589131,0.742891378,0,0,1,0,0,,,,
Unknown 040,3,1,3,3,3,1,3,3,3,3,3,22.97145983,22.7402174,23.18852036,23.17098987,23.7909369,24.30097205,23.06920808,24.34957452,23.92842208,24.55663155,23.83798586,0.734320102,0.97092763,0.082920203,0.38635401,0.14715174,0,0,0,0,0,,,,
Unknown 041,3,1,3,3,3,1,3,3,3,3,3,28.0790672,28.36628849,28.2814065,28.4746164,28.89197908,29.00495087,28.37253531,29.32335676,28.89313979,29.65674122,29.10013334,0.600115371,0.617849564,0.255303606,0.273138611,0.16084142,0,0,0,0,0,,,,
Unknown 042,3,1,3,3,3,1,3,3,3,3,3,21.86490678,23.35679859,24.3966833,21.80295034,23.06504865,22.78630441,22.76769063,23.36055177,21.94942942,22.05511675,22.73135091,0.214085791,0.005340377,0.987356204,0.102063578,0.419845617,0,1,0,0,0,,,,
Unknown 043,3,1,3,3,3,1,3,3,3,3,3,21.76247523,24.28178241,22.41877074,19.89946355,21.45804729,22.38938847,19.87008128,21.90330597,19.38399879,19.9164126,22.43571979,0.114409276,0.030605323,0.114409276,0.030605323,0.030605323,0,1,0,1,-1,,,,
Unknown 044,3,1,3,3,3,1,3,3,3,3,3,21.94274834,21.74658984,21.45486286,21.65102137,22.25534507,20.29521246,20.49137096,20.11576736,20.31192586,21.40903177,21.21287327,0.933497161,0.906068965,0.933497161,0.906068965,0.906068965,0,0,0,0,0,,,,
Unknown 045,3,1,3,3,3,1,3,3,3,3,3,27.03200183,27.15798159,27.9683793,27.36308357,27.03047834,21.25194088,27.71490124,25.74067853,28.14532241,28.21853443,28.00696817,0.923509579,0.516602654,9.38E-05,0.017050321,0.819729522,0,0,-1,-1,0,,,,
Unknown 046,3,1,3,3,3,1,3,3,3,3,3,25.40965071,25.47755922,26.09758615,25.72397389,25.16602809,19.48346626,26.0722173,23.71274153,26.28033502,26.43402548,26.19097927,0.961685077,0.709114724,0.000168481,0.017921981,0.808040889,0,0,-1,-1,0,,,,
Unknown 047,3,1,3,3,3,1,3,3,3,3,3,26.61536629,26.41923568,27.51150991,26.96454814,26.49419723,20.45973987,27.22984885,25.01266021,27.51957154,27.70259224,27.48935496,0.895665529,0.60629176,0.000226644,0.027190136,0.840255332,0,0,-1,-1,0,,,,
Unknown 048,3,1,3,3,3,1,3,3,3,3,3,24.06591096,25.27631376,26.27724233,25.76251047,24.54546853,22.85800024,26.01442136,26.50891336,26.62144298,26.59227018,26.36688369,0.258265607,0.491595145,0.00697738,0.879717822,0.762044085,0,0,-1,0,0,,,,
Unknown 049,3,1,3,3,3,1,3,3,3,3,3,30.05331351,30.24785026,30.86057504,30.66603829,30.65135619,31.01982746,30.82529072,30.9116106,30.71707386,31.12720026,31.32173701,0.695817894,0.58113616,0.695817894,0.58113616,0.58113616,0,0,0,0,0,,,,
Unknown 050,3,1,3,3,3,1,3,3,3,3,3,26.97319368,27.02570285,27.92761966,27.39050255,27.28294318,27.12984294,27.46385481,27.59185339,27.90470135,27.96474253,27.64628523,0.917077333,0.144034999,0.5103387,0.385382451,0.377102242,0,0,0,0,0,,,,
Unknown 051,3,1,3,3,3,1,3,3,3,3,3,23.01446905,23.25977886,24.14049325,23.38615682,23.65193306,23.17451252,23.88453568,23.91347373,24.21153446,24.18907336,23.90297176,0.618065031,0.040590085,0.159231155,0.394797068,0.413665364,0,1,0,0,0,,,,
Unknown 052,3,1,3,3,3,1,3,3,3,3,3,28.0871362,28.2715374,28.38868862,27.93493844,27.88969002,28.39625907,28.28830893,28.23708104,28.6268647,28.4465412,28.5982329,0.60175257,0.081005552,0.759382361,0.129689549,0.54430808,0,0,0,0,0,,,,
Unknown 053,3,1,3,3,3,1,3,3,3,3,3,23.33842995,24.8148452,24.48735079,24.89584361,23.49947299,23.06726458,24.52347083,23.59455153,24.28008848,25.13266123,24.33297784,0.199944285,0.6089721,0.205890943,0.393777708,0.32161137,0,0,0,0,0,,,,
Unknown 054,3,1,3,3,3,1,3,3,3,3,3,25.4177381,25.18786837,25.34658617,25.57645589,24.91234578,25.21130599,25.44117571,25.13313071,25.36300043,25.14469963,24.9148299,0.69728306,0.583045443,0.69728306,0.583045443,0.583045443,0,0,0,0,0,,,,
Unknown 055,3,1,3,3,3,1,3,3,3,3,3,22.19582725,22.44014845,23.31155197,22.76178879,23.11972965,23.13348907,23.20016832,23.57801786,23.54970307,24.028026,23.310837,0.688118362,0.210606944,0.912580789,0.947428645,0.107583539,0,0,0,0,0,,,,
Unknown 056,3,1,3,3,3,1,3,3,3,3,3,22.80538089,23.82701927,24.05072755,24.04530139,22.94393643,22.57648221,23.43190192,23.15595028,23.6446721,24.66649094,23.59048278,0.280650744,0.993425963,0.364012674,0.461489668,0.114903087,0,0,0,0,0,,,,
Unknown 057,3,1,3,3,3,1,3,3,3,3,3,24.54647508,24.48982969,24.83296471,24.8896101,25.00080026,25.27352793,25.33017332,25.5977761,25.65442149,25.7840633,25.72741791,0.921898815,0.889739673,0.921898815,0.889739673,0.889739673,0,0,0,0,0,,,,
Unknown 058,3,1,3,3,3,1,3,3,3,3,3,25.43309256,25.85962166,25.39465842,24.96812932,26.22425798,25.93137767,25.50484857,26.57581212,26.14928302,25.63285928,26.05938838,0.695247523,0.580393326,0.695247523,0.580393326,0.580393326,0,0,0,0,0,,,,
Unknown 059,3,1,3,3,3,1,3,3,3,3,3,26.37363812,26.23268543,26.624997,26.41213221,26.15699926,26.90933931,26.57891101,26.52535179,26.8801551,26.75548207,26.89538852,0.659863693,0.351882018,0.308052538,0.128575526,0.537800306,0,0,0,0,0,,,,
Unknown 060,3,1,3,3,3,1,3,3,3,3,3,30.54525152,30.71493451,30.75542081,30.64826917,30.4029395,30.90125445,30.55453972,30.84146392,31.11075388,31.00528372,31.01478106,0.556526011,0.599137284,0.236625622,0.195401454,0.962694834,0,0,0,0,0,,,,
Unknown 061,3,1,3,3,3,1,3,3,3,3,3,25.56797667,26.00160609,25.48467734,25.05104792,25.77892192,25.48708604,25.05345662,26.37236444,25.93873502,25.73081162,26.16444104,0.660422675,0.535509332,0.660422675,0.535509332,0.535509332,0,0,0,0,0,,,,
Unknown 062,3,1,3,3,3,1,3,3,3,3,3,22.69235368,22.77124683,21.86519747,22.34554895,22.71728945,21.5703998,22.57886311,22.47888027,22.6295257,22.6882827,22.49486748,0.852260097,0.121153163,0.026591793,0.616113592,0.520722344,0,0,-1,0,0,,,,
Unknown 063,3,1,3,3,3,1,3,3,3,3,3,23.75986458,24.05507967,24.03427496,23.73905986,23.9377941,24.58025878,24.28504368,25.03087337,24.73565827,24.94350034,25.23871544,0.778685711,0.691371014,0.778685711,0.691371014,0.691371014,0,0,0,0,0,,,,
Unknown 064,3,1,3,3,3,1,3,3,3,3,3,20.50261252,16.55833384,18.79131236,20.37074415,22.37531553,22.37364439,19.37881564,24.14424423,21.16597516,23.36719397,21.59517631,0.235098348,0.495517472,0.363296337,0.206071629,0.445239934,0,0,0,0,0,,,,
Unknown 065,3,1,3,3,3,1,3,3,3,3,3,24.39296366,24.73658918,25.27315787,24.39766052,25.07399664,25.23678228,23.44241316,25.49920776,25.57067899,25.8400235,25.45699085,0.755786947,0.270090975,0.116476722,0.927016454,0.624634368,0,0,0,0,0,,,,
Unknown 066,3,1,3,3,3,1,3,3,3,3,3,19.96114055,16.14940905,18.74413532,20.21773472,22.69181809,22.37751654,19.58621493,23.9587215,22.73305558,23.8488,21.49270077,0.248783205,0.522867581,0.394261149,0.594464563,0.311255557,0,0,0,0,0,,,,
Unknown 067,3,1,3,3,3,1,3,3,3,3,3,24.38698253,25.96076624,25.96015595,26.22516997,26.48540484,26.71468545,26.11946272,26.90787885,26.54887566,27.11533066,26.79265423,0.141464547,0.71845326,0.568013479,0.625804034,0.660964798,0,0,0,0,0,,,,
Unknown 068,3,1,3,3,3,1,3,3,3,3,3,25.82855299,27.01950717,23.16102446,25.87146074,24.87274722,25.79179005,24.95911962,25.06096967,24.23579397,24.62154877,24.05984679,0.449910014,0.022968471,0.595800437,0.458942679,0.612695858,0,-1,0,0,0,,,,
Unknown 069,3,1,3,3,3,1,3,3,3,3,3,24.38297442,25.11758082,25.2361316,23.82183549,24.22858786,24.51586473,22.74384684,22.71411907,22.49199787,22.49171796,22.80120082,0.279385189,0.007095661,0.014954491,0.639156256,0.514794402,0,1,1,0,0,,,,
Unknown 070,3,1,3,3,3,1,3,3,3,3,3,26.89165718,26.66730321,27.7077808,27.93213476,27.05673015,27.6937304,27.91808436,28.04823885,28.27259281,28.20431686,27.9799629,0.662614775,0.538306333,0.662614775,0.538306333,0.538306333,0,0,0,0,0,,,,
Unknown 071,3,1,3,3,3,1,3,3,3,3,3,21.90704108,23.21988986,24.17340726,22.68938871,21.64378891,22.96446618,24.05017555,22.17710585,24.31991629,24.20791501,23.35847623,0.334404418,0.130237628,0.422792017,0.034349272,0.376084929,0,0,0,-1,0,,,,
Unknown 072,3,1,3,3,3,1,3,3,3,3,3,23.8017161,24.51781636,24.47341215,23.75731188,23.55491087,24.68879213,23.97269187,25.19597166,24.4798714,23.43531639,24.15141665,0.683169028,0.564719611,0.683169028,0.564719611,0.564719611,0,0,0,0,0,,,,
Unknown 073,3,1,3,3,3,1,3,3,3,3,3,24.71371866,24.66503941,25.30485487,25.35353412,25.30070552,26.08506774,26.13374698,26.67418757,26.72286682,26.84510147,26.79642223,0.972351147,0.96090711,0.972351147,0.96090711,0.96090711,0,0,0,0,0,,,,
Unknown 074,3,1,3,3,3,1,3,3,3,3,3,25.34450426,24.74513607,22.97215707,24.16771396,24.25305138,25.69205234,21.02910814,24.49484957,23.37005713,24.1089808,24.13707379,0.809636188,0.499230755,0.073314845,0.524661257,0.987249534,0,0,0,0,0,,,,
Unknown 075,3,1,3,3,3,1,3,3,3,3,3,26.89724517,26.67320342,27.71340319,27.93744493,27.06458569,27.69981913,27.92386088,28.05327374,28.27731549,28.20858053,27.98453878,0.662279137,0.537877822,0.662279137,0.537877822,0.537877822,0,0,0,0,0,,,,
Unknown 076,3,1,3,3,3,1,3,3,3,3,3,16.82074363,18.14754056,18.37226803,19.37480316,17.40195228,14.99074952,20.08992127,15.40128107,17.12746456,15.7408783,18.48980929,0.624701402,0.601322058,0.071808372,0.371890166,0.161968286,0,0,0,0,0,,,,
Unknown 077,3,1,3,3,3,1,3,3,3,3,3,25.69654862,25.61799053,27.05292374,26.66735849,26.07410147,26.22913625,26.83931979,26.33842766,26.67411016,26.46826118,27.13508283,0.89176446,0.350789212,0.29789807,0.415214125,0.114906496,0,0,0,0,0,,,,
Unknown 078,3,1,3,3,3,1,3,3,3,3,3,25.43742371,26.25456509,25.95375609,25.13661471,25.0749376,25.23220709,24.41506571,25.27515614,24.45801476,24.27042948,25.08757086,0.646890266,0.518331029,0.646890266,0.518331029,0.518331029,0,0,0,0,0,,,,
Unknown 079,3,1,3,3,3,1,3,3,3,3,3,24.9609478,23.4650304,24.25816311,23.41668489,26.14517959,26.68556678,24.34195994,26.87839292,25.75430747,27.07632344,24.91058869,0.369298974,0.473256155,0.16628424,0.340750978,0.075619827,0,0,0,0,0,,,,
Unknown 080,3,1,3,3,3,1,3,3,3,3,3,18.96596308,20.7977688,21.49680805,18.40847304,23.47982416,20.51765173,20.20859323,16.58298678,17.89741127,18.00406145,17.93111225,0.388656147,0.049472258,0.883172273,0.381831971,0.960866762,0,1,0,0,0,,,,
Unknown 081,3,1,3,3,3,1,3,3,3,3,3,17.08173335,22.58103337,22.77481893,20.69415607,16.85781405,16.4556329,20.38593339,18.54164437,19.26154867,16.98359747,20.72323066,0.069977967,0.316276061,0.18543644,0.725491067,0.080390476,0,0,0,0,0,,,,
Unknown 082,3,1,3,3,3,1,3,3,3,3,3,21.1458439,22.41832303,22.190015,21.08254793,20.54264462,21.19188491,20.96377933,21.43546954,21.33961635,21.65690877,21.69674397,0.06087458,0.024182904,0.724183393,0.83371216,0.930437429,0,1,0,0,0,,,,
Unknown 083,3,1,3,3,3,1,3,3,3,3,3,18.57843989,23.27228818,23.33385179,22.03857431,18.52560201,15.68016282,21.27295822,18.69033427,19.23491438,17.08577924,20.13697174,0.136354614,0.550464091,0.079629499,0.80098205,0.168891652,0,0,0,0,0,,,,
Unknown 084,3,1,3,3,3,1,3,3,3,3,3,16.68946528,21.52275695,19.9051291,18.95858309,15.47343995,14.79809096,19.1685418,15.22300927,17.43929061,15.25103862,18.24828385,0.190848877,0.710975606,0.234859147,0.389688177,0.248715734,0,0,0,0,0,,,,
Unknown 085,3,1,3,3,3,1,3,3,3,3,3,17.50711095,23.25536103,21.4104723,21.56547385,17.66842158,15.33640292,21.56978337,16.52939437,19.52852575,16.63346153,20.28725052,0.18578512,0.958738177,0.15306183,0.323511609,0.23210194,0,0,0,0,0,,,,
Unknown 086,3,1,3,3,3,1,3,3,3,3,3,24.347352,21.70782773,22.99003682,22.61723419,25.67708548,26.67725243,23.32007301,26.74692453,25.05160839,27.0476636,24.9195914,0.211456105,0.798725293,0.116705905,0.254566904,0.156874713,0,0,0,0,0,,,,
Unknown 087,3,1,3,3,3,1,3,3,3,3,3,22.02377786,21.09229858,22.46577599,22.42857337,22.51896011,17.5597036,22.82033561,22.21957691,23.83640464,25.18476803,24.20840989,0.627297013,0.97804806,0.012098593,0.240964835,0.473446182,0,0,-1,0,0,,,,
Unknown 088,3,1,3,3,3,1,3,3,3,3,3,21.60730209,22.44738775,22.77058966,21.93050401,25.98962974,24.06465908,23.22457343,22.00259362,21.16250797,21.05153305,21.89161871,0.671150169,0.549234135,0.671150169,0.549234135,0.549234135,0,0,0,0,0,,,,
Unknown 089,3,1,3,3,3,1,3,3,3,3,3,25.36549607,24.90142744,26.36770878,25.55668272,25.4402758,23.68641689,24.87530552,26.05397982,26.419073,26.61744676,25.27472546,0.553641752,0.153065574,0.139421457,0.510391662,0.023749149,0,0,0,0,1,,,,
Unknown 090,3,1,3,3,3,1,3,3,3,3,3,16.88778296,20.42259979,22.29565431,21.51393116,17.41963425,16.70280956,19.78276223,16.4793321,18.71101373,16.31284802,19.74056428,0.276469781,0.729653907,0.341080405,0.329587462,0.141167941,0,0,0,0,0,,,,
Unknown 091,3,1,3,3,3,1,3,3,3,3,3,29.2090523,29.3499425,29.65319015,29.51229995,29.47501403,29.46470865,29.32381845,29.81964132,29.67875112,29.95161042,30.09250061,0.764087155,0.671645993,0.764087155,0.671645993,0.671645993,0,0,0,0,0,,,,
Unknown 092,3,1,3,3,3,1,3,3,3,3,3,19.54594462,20.57324724,22.42049261,22.27590843,19.38038499,16.66937663,20.7965548,17.48004334,20.10109662,16.47941792,20.65157956,0.673402735,0.932980816,0.102335161,0.13951477,0.024195109,0,0,0,0,-1,,,,
Unknown 093,3,1,3,3,3,1,3,3,3,3,3,18.43711429,20.99882867,22.09080051,21.2934967,18.489997,14.85620834,21.33512662,17.12153872,19.72120134,15.51208615,20.53998226,0.289397841,0.636671262,0.012870857,0.13460785,0.007199764,0,0,-1,0,-1,,,,
Unknown 094,3,1,3,3,3,1,3,3,3,3,3,22.38657296,22.49334713,22.9451764,22.83840223,23.14573104,22.92781341,22.82103924,23.54160939,23.43483523,23.4595158,23.56628996,0.795412993,0.71411176,0.795412993,0.71411176,0.71411176,0,0,0,0,0,,,,
Unknown 095,3,1,3,3,3,1,3,3,3,3,3,21.95847846,20.56162123,23.12949954,22.21156527,21.24384542,16.76951436,22.14101796,21.62908891,22.12947386,18.85454655,22.1249656,0.356659872,0.390887054,0.001881672,0.637523168,0.005756639,0,0,-1,0,-1,,,,
Unknown 096,3,1,3,3,3,1,3,3,3,3,3,25.73838943,25.66376904,26.71819581,26.43076641,26.14398072,26.240153,26.68586919,26.22438574,26.42251469,26.08253082,26.59222295,0.893308235,0.468249396,0.42711164,0.615710472,0.205345678,0,0,0,0,0,,,,
Unknown 097,3,1,3,3,3,1,3,3,3,3,3,21.27892653,21.73655914,22.75630058,22.23666007,19.97782396,18.23221498,21.9419887,20.29296799,21.65193476,17.88901322,22.42012126,0.790330759,0.669898467,0.042129531,0.271942454,0.001374794,0,0,-1,0,-1,,,,
Unknown 098,3,1,3,3,3,1,3,3,3,3,3,21.7719973,22.44529763,22.9609712,22.05568997,21.4362493,15.05281472,21.92252204,19.24061418,21.22166314,17.41965248,22.93009183,0.691116989,0.452553701,0.000642995,0.110185243,0.000189052,0,0,-1,0,-1,,,,
Unknown 099,3,1,3,3,3,1,3,3,3,3,3,23.55148445,24.98023469,20.97372634,22.73732176,23.12040171,21.85467906,22.00716462,22.55135603,24.55510948,21.75825724,23.74534224,0.278877988,0.067045113,0.90646565,0.039937084,0.0414317,0,0,0,-1,-1,,,,
Unknown 100,3,1,3,3,3,1,3,3,3,3,3,21.26112568,21.77665835,22.73501946,22.03171823,21.47050736,14.96126254,22.18816337,20.37981801,20.55124898,17.87515416,20.96984523,0.796507295,0.619726692,0.001756164,0.903407476,0.039353464,0,0,-1,0,-1,,,,
Unknown 101,3,1,3,3,3,1,3,3,3,3,3,18.27943264,21.78256916,21.99798581,21.35542646,20.61594455,19.10716957,20.72199289,20.67973638,19.75738356,18.1168844,21.0502272,0.065168064,0.616621728,0.377253434,0.474014571,0.031919745,0,0,0,0,-1,,,,
Unknown 102,3,1,3,3,3,1,3,3,3,3,3,16.49494878,14.67279581,20.18943397,15.38061045,14.76318445,14.89813607,21.29801203,15.24745235,16.97242603,15.42984872,17.95003348,0.562889793,0.041113316,0.053085183,0.440300623,0.264018484,0,1,0,0,0,,,,
Unknown 103,3,1,3,3,3,1,3,3,3,3,3,22.37504337,23.658429,22.55737783,23.47738006,22.59946128,21.59487975,22.41219176,22.37058849,23.56692532,22.15366025,22.91533061,0.386310377,0.379935208,0.578751975,0.257064467,0.46575896,0,0,0,0,0,,,,
Unknown 104,3,1,3,3,3,1,3,3,3,3,3,20.03743479,20.86731672,22.34417319,21.61893755,20.62344494,15.92886791,21.67869151,20.88485331,21.96634033,18.76287636,21.39600439,0.352772506,0.253785824,3.32E-06,0.095738445,0.000450377,0,0,-1,0,-1,,,,
Unknown 105,3,1,3,3,3,1,3,3,3,3,3,22.0507067,22.84511602,21.57224449,22.19806272,22.61490921,20.80324418,21.52134406,22.04427142,23.44745301,21.80700923,23.60248075,0.517538422,0.471554977,0.558134782,0.116502986,0.049124024,0,0,0,0,-1,,,,
Unknown 106,3,1,3,3,3,1,3,3,3,3,3,22.71889745,23.56264021,23.44581497,22.6020722,23.26012218,22.863943,22.02020024,23.04805906,22.2043163,23.3569958,24.20073856,0.433073469,0.271651464,0.433073469,0.271651464,0.271651464,0,0,0,0,0,,,,
Unknown 107,3,1,3,3,3,1,3,3,3,3,3,19.16231429,16.90228234,21.60757335,17.26151605,22.54948075,23.9724114,19.55426113,23.47544589,22.19799551,22.76220986,22.89753134,0.422473594,0.038537913,0.125967137,0.520026035,0.94535252,0,1,0,0,0,,,,
Unknown 108,3,1,3,3,3,1,3,3,3,3,3,20.87494926,21.00787506,22.18566167,21.53292742,21.2740094,21.59611832,21.87569576,21.10026542,21.77290257,18.92670173,21.51587206,0.914846765,0.461150561,0.822157714,0.447813261,0.007903496,0,0,0,0,-1,,,,
Unknown 109,3,1,3,3,3,1,3,3,3,3,3,24.42189854,23.98352796,25.37424798,24.28011848,24.68374455,25.9514925,24.60702263,25.43864833,25.38216418,26.46593078,26.01127816,0.636308953,0.106763496,0.157430235,0.931123182,0.489525078,0,0,0,0,0,,,,
Unknown 110,3,1,3,3,3,1,3,3,3,3,3,20.15933109,18.99623301,17.71698911,18.8800872,18.01026783,16.98302556,18.14612364,19.50913347,20.67223155,22.08461014,20.92151206,0.580287324,0.436177975,0.580287324,0.436177975,0.436177975,0,0,0,0,0,,,,
Unknown 111,3,1,3,3,3,1,3,3,3,3,3,24.18717826,24.76814367,23.97751657,23.39655116,22.61444302,24.70540687,24.12444146,25.61994816,25.03898275,24.95586775,25.53683316,0.776845133,0.688877669,0.776845133,0.688877669,0.688877669,0,0,0,0,0,,,,
Unknown 112,3,1,3,3,3,1,3,3,3,3,3,22.03104755,24.49256058,21.82317449,19.36166147,21.32927301,21.40650548,18.94499246,21.62679593,19.1652829,19.39305666,21.85456969,0.233275682,0.098149289,0.233275682,0.098149289,0.098149289,0,0,0,0,0,,,,
Unknown 113,3,1,3,3,3,1,3,3,3,3,3,20.98572658,21.61998667,22.2087959,21.81500947,21.15618708,21.78785153,21.84346968,21.93402218,22.68643075,22.37167826,21.86388523,0.312399737,0.373522803,0.928387178,0.098269712,0.254607425,0,0,0,0,0,,,,
Unknown 114,3,1,3,3,3,1,3,3,3,3,3,20.04742843,20.12887566,20.34558457,20.26413734,19.16941365,19.06457454,18.98312731,20.04488541,19.96343818,20.79222924,20.87367647,0.968724445,0.955781978,0.968724445,0.955781978,0.955781978,0,0,0,0,0,,,,
Unknown 115,3,1,3,3,3,1,3,3,3,3,3,20.41642388,19.77204961,22.20080451,21.20340472,20.89915836,21.58611864,22.05508112,21.6339752,17.4149118,19.44520913,21.92011624,0.749350904,0.486691026,0.816009271,0.007616939,0.095005544,0,0,0,1,0,,,,
Unknown 116,3,1,3,3,3,1,3,3,3,3,3,23.2595063,23.51527518,23.49123844,24.24392115,23.0651102,21.38266326,23.73644485,21.88410238,22.76904801,21.29869669,22.73322129,0.818661301,0.345764789,0.046212359,0.269896015,0.081508717,0,0,-1,0,0,,,,
Unknown 117,3,1,3,3,3,1,3,3,3,3,3,18.53391081,18.24551883,18.43648767,17.90590443,17.27019912,19.96528632,19.30473001,18.06142386,20.39344819,18.84072497,18.96925401,0.859845048,0.646774079,0.68645095,0.05539673,0.911363356,0,0,0,0,0,,,,
Unknown 118,3,1,3,3,3,1,3,3,3,3,3,20.47151018,20.9567881,22.16370048,21.60226168,21.35716292,21.49322473,21.84781012,21.66670288,22.21371763,21.70372893,21.59306684,0.432365247,0.205317789,0.564592361,0.216683878,0.798564393,0,0,0,0,0,,,,
Unknown 119,3,1,3,3,3,1,3,3,3,3,3,24.68197996,24.37241904,24.98010442,25.28966533,24.52236278,25.0410964,25.35065732,24.77874527,25.08830619,25.10232942,24.79276851,0.411426402,0.24979839,0.411426402,0.24979839,0.24979839,0,0,0,0,0,,,,
Unknown 120,3,1,3,3,3,1,3,3,3,3,3,21.2725572,22.71463765,22.84290752,20.11444388,21.22527798,20.58461672,21.06310093,20.24331364,20.0422002,19.93882177,21.61922999,0.188551993,0.001803696,0.65563001,0.790573524,0.037029871,0,1,0,0,-1,,,,
Unknown 121,3,1,3,3,3,1,3,3,3,3,3,21.44103272,22.09262784,22.27733629,20.25264469,20.35374034,21.28625008,19.36690551,19.94175948,19.2715995,19.3191425,18.71253827,0.508484411,0.00830028,0.06233574,0.339474106,0.386151776,0,1,0,0,0,,,,
Unknown 122,3,1,3,3,3,1,3,3,3,3,3,22.66128965,22.59277175,22.54742464,22.73558534,23.1176979,23.47904994,22.84392116,23.2280307,22.80775154,23.33125213,23.17138617,0.835712225,0.424525316,0.066877701,0.084610161,0.496374735,0,0,0,0,0,,,,
Unknown 123,3,1,3,3,3,1,3,3,3,3,3,22.45000517,23.88027488,21.85086535,22.87872126,23.15395173,22.77868536,22.09715814,23.29133249,22.53516356,23.28646289,22.7408809,0.174115473,0.167548148,0.508697911,0.304038771,0.455131983,0,0,0,0,0,,,,
Unknown 124,3,1,3,3,3,1,3,3,3,3,3,23.30258185,23.51527518,23.73466072,21.26506997,23.39708892,23.83310893,23.89978368,23.50376544,24.03826135,24.15983849,23.56408048,0.903230339,0.057986747,0.969591656,0.666439644,0.6311294,0,0,0,0,0,,,,
Unknown 125,3,1,3,3,3,1,3,3,3,3,3,23.29318661,23.23833638,24.39761383,23.95006111,23.72749328,24.26507706,24.23128647,24.18483602,24.52282616,24.46339793,24.12616395,0.869810681,0.071055559,0.919555054,0.164588254,0.165484683,0,0,0,0,0,,,,
Unknown 126,3,1,3,3,3,1,3,3,3,3,3,21.90293652,23.00950609,22.68509825,22.26441687,22.59296864,24.72465718,21.56247399,22.07124083,21.30502024,22.01997188,20.52960723,0.087472574,0.344112551,6.51E-05,0.093714616,0.002906436,0,0,1,0,1,,,,
Unknown 127,3,1,3,3,3,1,3,3,3,3,3,18.52803544,15.62587627,19.19648015,16.95305407,20.39253945,22.94023275,20.05249696,23.08223629,20.1405195,23.19741512,21.73300977,0.25000891,0.210172997,0.252284161,0.105587643,0.407438682,0,0,0,0,0,,,,
Unknown 128,3,1,3,3,3,1,3,3,3,3,3,21.95696911,22.37971535,22.26525648,22.54293654,22.79881385,23.10837167,22.22006271,23.10150142,22.5270109,23.4602396,23.0365245,0.494821352,0.525616732,0.160385814,0.197183241,0.336391065,0,0,0,0,0,,,,
Unknown 129,3,1,3,3,3,1,3,3,3,3,3,21.58239551,21.43962447,21.90309704,22.04586808,20.33979597,20.39886628,20.54163733,21.1789495,21.32172055,21.54629807,21.40352703,0.945092279,0.922415273,0.945092279,0.922415273,0.922415273,0,0,0,0,0,,,,
Unknown 130,3,1,3,3,3,1,3,3,3,3,3,27.8603564,24.52885429,27.99075473,26.12272764,27.58361469,24.95134023,25.93986458,28.34732011,26.740159,26.7845937,24.11492798,0.27819168,0.386941392,0.743882134,0.455427395,0.221235362,0,0,0,0,0,,,,
Unknown 131,3,1,3,3,3,1,3,3,3,3,3,23.08324263,21.52334343,23.39154985,22.74439203,23.39298678,24.6820513,23.41896674,25.21082986,23.83540582,25.52416216,24.01173233,0.333408362,0.567005061,0.431411578,0.231093298,0.189715658,0,0,0,0,0,,,,
Unknown 132,3,1,3,3,3,1,3,3,3,3,3,22.43261597,25.02383219,23.2345256,25.10103684,23.20279008,20.94570561,24.26337358,22.30940359,23.54201402,24.52483979,22.8826566,0.24263038,0.234271479,0.139304645,0.426986763,0.29319084,0,0,0,0,0,,,,
Unknown 133,3,1,3,3,3,1,3,3,3,3,3,23.06648815,22.48036304,22.60925581,22.02971465,22.86538506,24.01618117,22.58337448,23.35984361,22.67640342,23.897278,22.35398548,0.449415367,0.293862044,0.074940964,0.21849084,0.009981302,0,0,0,0,1,,,,
Unknown 134,3,1,3,3,3,1,3,3,3,3,3,16.74930408,19.59499202,17.65701738,21.55136947,19.25015996,16.59019716,18.75098707,18.06989075,18.52031861,22.44574729,18.33911522,0.315287978,0.060913093,0.443022479,0.819741819,0.049292193,0,0,0,0,1,,,,
Unknown 135,3,1,3,3,3,1,3,3,3,3,3,20.81810638,19.7425299,19.15829017,19.15942386,20.21800521,21.98748524,18.67276521,19.8502127,19.99531099,18.38482458,19.98615292,0.618783494,0.999406121,0.136085558,0.924115626,0.300498735,0,0,0,0,0,,,,
Unknown 136,3,1,3,3,3,1,3,3,3,3,3,19.25869153,19.01923584,19.2223427,18.97643685,20.47137507,18.88504086,19.52512981,21.16260667,19.99880449,21.67462075,20.2849906,0.798644598,0.711302479,0.497715802,0.092037791,0.047703037,0,0,0,0,1,,,,
Unknown 137,3,1,3,3,3,1,3,3,3,3,3,21.78136752,22.23400096,21.04434011,21.08335192,21.55478329,22.43967619,20.87939986,21.17187507,20.34961995,20.79133056,20.81920579,0.347851968,0.907770646,0.003785973,0.023427723,0.934020826,0,0,1,1,0,,,,
Unknown 138,3,1,3,3,3,1,3,3,3,3,3,18.89045418,21.31852681,20.24292838,21.79973445,19.97084179,17.60248313,20.85639239,19.51864024,20.52832033,22.11677475,19.90007979,0.246770887,0.292011293,0.126039211,0.490422175,0.139587148,0,0,0,0,0,,,,
Unknown 139,3,1,3,3,3,1,3,3,3,3,3,26.13245046,26.13857271,25.9468425,25.76992442,25.80721171,26.8894784,25.60730494,25.54695809,25.30339253,25.20794405,25.47693601,0.991706272,0.671766029,0.040506059,0.560548442,0.520800209,0,0,1,0,0,,,,
Unknown 140,3,1,3,3,3,1,3,3,3,3,3,22.09793619,22.09849007,22.5448131,21.12711054,20.97107171,20.63272429,20.09452962,20.39304846,19.93547204,20.35699951,20.62941556,0.999429969,0.017271268,0.490499283,0.408466153,0.620461364,0,1,0,0,0,,,,
Unknown 141,3,1,3,3,3,1,3,3,3,3,3,24.58608281,24.9074086,24.97435702,24.65303123,24.7697657,24.8580468,24.53672101,24.97506189,24.6537361,24.79657357,25.11789936,0.426646444,0.26509428,0.426646444,0.26509428,0.26509428,0,0,0,0,0,,,,
Unknown 142,3,1,3,3,3,1,3,3,3,3,3,21.85936806,20.66541151,21.50938276,20.41074818,21.26615463,22.56286491,21.03350582,22.00187894,21.5229479,22.60065188,21.91467444,0.318511859,0.198497607,0.205300678,0.56778783,0.415432537,0,0,0,0,0,,,,
Unknown 143,3,1,3,3,3,1,3,3,3,3,3,23.12038679,23.07602732,23.58718955,23.63154902,23.6152328,24.15659757,24.20095705,24.12707627,24.17143575,24.07674233,24.03238285,0.92709096,0.897046778,0.92709096,0.897046778,0.897046778,0,0,0,0,0,,,,
Unknown 144,3,1,3,3,3,1,3,3,3,3,3,21.56302249,21.2851272,21.37886447,21.96174316,21.64056563,22.40368892,21.93445594,21.8374112,21.98858826,22.53870275,21.66689829,0.500604751,0.056415548,0.260943283,0.603383392,0.006897705,0,0,0,0,1,,,,
Unknown 145,3,1,3,3,3,1,3,3,3,3,3,21.16023748,21.06449874,22.46341208,22.55915082,21.77572096,22.75098053,22.84671927,22.73577827,22.83151702,22.5061329,22.41039416,0.880456613,0.8316266,0.880456613,0.8316266,0.8316266,0,0,0,0,0,,,,
Unknown 146,3,1,3,3,3,1,3,3,3,3,3,17.44621837,16.74753741,16.34166028,16.61351361,17.01539122,19.89689893,16.23681701,16.22383552,16.30653309,16.28078087,16.36348341,0.465118892,0.686165455,0.001027276,0.901968345,0.90196248,0,0,1,0,0,,,,
Unknown 147,3,1,3,3,3,1,3,3,3,3,3,21.59912414,21.522061,21.97302669,22.05008983,20.99250984,21.80448258,21.88154572,22.00404579,22.08110892,22.28966806,22.21260493,0.94349548,0.920163032,0.94349548,0.920163032,0.920163032,0,0,0,0,0,,,,
Unknown 148,3,1,3,3,3,1,3,3,3,3,3,22.72927525,22.73289831,20.96559808,21.12736203,22.41763754,26.01549607,20.86471381,20.6859324,19.36727528,19.80292459,20.21073377,0.997911439,0.868771583,0.001391445,0.188709479,0.677659944,0,0,1,0,0,,,,
Unknown 149,3,1,3,3,3,1,3,3,3,3,3,26.6911779,26.60793905,25.68175069,25.26743038,26.45330607,27.66359766,25.12270712,26.34548012,25.48854589,26.07843751,25.94665894,0.930857034,0.543430867,0.015097154,0.216437468,0.84603651,0,0,1,0,0,,,,
Unknown 150,3,1,3,3,3,1,3,3,3,3,3,23.25103168,23.68068415,23.38914398,22.42009725,23.35498866,23.83769784,23.15838956,22.47717578,23.11066142,22.65555325,23.51598851,0.687237737,0.208287546,0.525838963,0.404765376,0.261661595,0,0,0,0,0,,,,
Unknown 151,3,1,3,3,3,1,3,3,3,3,3,17.34997387,16.31926256,16.48072954,16.21422011,17.04735113,20.03063607,16.24074047,16.30049369,16.46291207,16.46392134,16.55219079,0.308101144,0.705801013,0.001155467,0.817817526,0.9003206,0,0,1,0,0,,,,
Unknown 152,3,1,3,3,3,1,3,3,3,3,3,23.55331133,23.99583117,23.95760322,23.3349357,24.2240612,18.76477475,23.31082378,22.01127747,24.00680494,24.36072949,25.03634598,0.745621259,0.520389147,0.00330345,0.049993244,0.486001011,0,0,-1,-1,0,,,,
Unknown 153,3,1,3,3,3,1,3,3,3,3,3,19.90353633,17.19004376,18.11541814,18.57668446,19.67408679,23.19839851,18.73608486,19.02093285,18.07026443,18.7718636,18.62021994,0.048581167,0.617214333,0.002678282,0.308413833,0.869074696,1,0,1,0,0,,,,
Unknown 154,3,1,3,3,3,1,3,3,3,3,3,22.22576045,23.02795018,23.65549159,22.85330186,23.38300248,23.58667653,22.78448679,24.56706939,23.76487966,24.28175355,25.08394329,0.519893957,0.365565288,0.519893957,0.365565288,0.365565288,0,0,0,0,0,,,,
Unknown 155,3,1,3,3,3,1,3,3,3,3,3,25.79801379,25.18535572,25.01373919,25.97525265,25.24194423,26.02804469,25.25834491,24.84700772,25.11579596,25.20541585,24.80787335,0.291021402,0.026625895,0.188556817,0.508287923,0.331386433,0,-1,0,0,0,,,,
Unknown 156,3,1,3,3,3,1,3,3,3,3,3,22.27023587,20.8597373,19.95245581,21.0797196,21.17506621,22.57331184,20.35393826,20.41019045,20.25798005,20.60201514,20.04079087,0.140758434,0.098663236,0.026084005,0.816750197,0.397342608,0,0,1,0,0,,,,
Unknown 157,3,1,3,3,3,1,3,3,3,3,3,20.97778189,19.7865051,18.78917482,20.09248881,20.47347882,21.85838864,19.59308187,18.84693533,19.02514834,18.6757125,18.80514965,0.234130183,0.072914931,0.030940738,0.797468231,0.852075678,0,0,1,0,0,,,,
Unknown 158,3,1,3,3,3,1,3,3,3,3,3,20.20564756,18.6905242,17.94646647,18.91938113,19.0785932,20.87065967,17.74398853,17.07737446,17.69179037,18.55014466,17.22779977,0.228076073,0.272001817,0.019070185,0.48339744,0.140909843,0,0,1,0,0,,,,
Unknown 159,3,1,3,3,3,1,3,3,3,3,3,24.3018349,24.26688472,24.12808868,24.38844142,23.96484912,24.51732754,23.83570025,22.83433155,23.79358489,23.48950989,23.05697469,0.952362542,0.531390554,0.252798949,0.030297243,0.303055054,0,0,0,-1,0,,,,
Unknown 160,3,1,3,3,3,1,3,3,3,3,3,24.44785535,24.22606153,24.22941565,24.72062469,24.66349209,25.82217679,24.77100133,24.47372691,24.82871989,24.34190239,24.3624444,0.621868689,0.133415061,0.02866863,0.27089314,0.948316951,0,0,1,0,0,,,,
Unknown 161,3,1,3,3,3,1,3,3,3,3,3,19.06094173,17.85564087,16.841632,18.95171775,17.92158129,18.40295699,17.28903909,16.70865202,16.87066676,16.72525388,16.51619892,0.214675079,0.00513575,0.250013728,0.809608638,0.756018096,0,-1,0,0,0,,,,
Unknown 162,3,1,3,3,3,1,3,3,3,3,3,25.81509997,24.67783416,24.70541998,26.27310965,25.36083526,26.97987831,25.27838042,25.50858133,25.20832704,25.93658113,24.94054307,0.159490501,0.01038594,0.041470155,0.590469442,0.085800271,0,-1,1,0,0,,,,
Unknown 163,3,1,3,3,3,1,3,3,3,3,3,17.00499081,15.79633475,16.08426692,16.10267061,16.50366315,17.96951722,15.99304399,15.76603871,16.11324792,16.07758159,16.32611766,0.181165109,0.976432945,0.035388008,0.578961313,0.690592067,0,0,1,0,0,,,,
Unknown 164,3,1,3,3,3,1,3,3,3,3,3,22.54067187,20.57534183,20.30389697,21.50585161,21.66129694,24.13363393,21.36055785,21.65278905,20.69421536,21.89604656,19.70902009,0.050673918,0.086834624,0.008478911,0.165797948,0.004020608,0,0,1,0,1,,,,
Unknown 165,3,1,3,3,3,1,3,3,3,3,3,21.6437553,25.76999108,22.43095039,22.37655866,22.24294195,21.678759,22.35323424,22.7088977,22.85851372,22.8201418,22.91794199,4.67E-05,0.922089185,0.395928975,0.788093822,0.860449217,-1,0,0,0,0,,,,
Unknown 166,3,1,3,3,3,1,3,3,3,3,3,20.15865459,15.56120393,17.85060761,20.12966073,17.72050931,17.18823346,18.91154106,20.03544301,18.88299971,18.90020037,17.62208554,0.029454632,0.114619132,0.387008504,0.412772119,0.364734281,1,0,0,0,0,,,,
Unknown 167,3,1,3,3,3,1,3,3,3,3,3,25.06953145,24.1105353,23.73462459,24.12230551,24.25721856,25.5873712,23.92041975,24.19030659,23.59407541,24.01902402,23.31743258,0.111733869,0.351672729,0.009401391,0.158698314,0.100680664,0,0,1,0,0,,,,
Unknown 168,3,1,3,3,3,1,3,3,3,3,3,24.73741959,24.33122598,24.51375122,24.95879185,24.37285918,25.33857371,24.81149008,24.80595774,24.78757764,25.01860292,24.2743414,0.303338916,0.117984489,0.186020031,0.946687134,0.013294375,0,0,0,0,1,,,,
Unknown 169,3,1,3,3,3,1,3,3,3,3,3,22.36009755,22.42032204,24.01289972,23.95267523,22.56884111,23.87039134,23.81016685,24.44271714,24.38249265,24.29467377,24.35489826,0.946161751,0.923923922,0.946161751,0.923923922,0.923923922,0,0,0,0,0,,,,
Unknown 170,3,1,3,3,3,1,3,3,3,3,3,22.2130093,22.06527977,22.22510849,22.37283803,21.70416546,22.80209698,22.94982651,22.52896646,22.67669599,22.21763971,22.06991018,0.779081324,0.69190717,0.779081324,0.69190717,0.69190717,0,0,0,0,0,,,,
Unknown 171,3,1,3,3,3,1,3,3,3,3,3,25.1445017,25.63737491,25.44055432,24.94768111,25.19360151,25.31783766,24.82496445,24.96399083,24.47111762,24.15533652,24.64820973,0.364134237,0.204444658,0.364134237,0.204444658,0.204444658,0,0,0,0,0,,,,
Unknown 172,3,1,3,3,3,1,3,3,3,3,3,23.63082939,22.3192306,20.75270971,23.25366268,22.62414308,24.88838391,22.10118059,21.21498931,20.23580095,19.8109313,18.92180189,0.363166554,0.021579912,0.062878988,0.337651487,0.382880128,0,-1,0,0,0,,,,
Unknown 173,3,1,3,3,3,1,3,3,3,3,3,24.49609252,23.30083331,21.71486017,24.64782583,23.224183,25.11962148,24.14096138,22.5827987,21.85765481,22.36913685,20.67846179,0.39811879,0.007623464,0.487581495,0.467283082,0.10047292,0,-1,0,0,0,,,,
Unknown 174,3,1,3,3,3,1,3,3,3,3,3,24.22606515,23.42939168,23.11942127,24.1734268,23.66478876,24.91053929,24.01206195,24.08078586,23.88777003,24.52056649,22.89318588,0.278266893,0.050901367,0.223456236,0.706159844,0.004648383,0,0,0,0,1,,,,
Unknown 175,3,1,3,3,3,1,3,3,3,3,3,27.31639601,26.89490812,26.55073581,27.34006385,27.31694344,28.6752763,26.89712142,27.02881827,26.44452921,26.57837789,25.8445859,0.418824296,0.041818251,0.002609732,0.122153977,0.056606157,0,-1,1,0,0,,,,
Unknown 176,3,1,3,3,3,1,3,3,3,3,3,17.69093011,15.35970445,15.91555335,15.62774169,16.79448218,18.87758888,15.72941764,15.81584029,16.11140549,16.12930945,16.06769657,0.075647488,0.745836312,0.020273696,0.739255559,0.944601517,0,0,1,0,0,,,,
Unknown 177,3,1,3,3,3,1,3,3,3,3,3,18.54599607,15.76183645,16.32172739,16.83044228,17.74627585,20.6383363,16.7457219,16.37056795,16.62771939,16.51062696,16.46982858,0.094205401,0.653451339,0.023727013,0.82008422,0.971194764,0,0,1,0,0,,,,
Unknown 178,3,1,3,3,3,1,3,3,3,3,3,22.22532347,21.18739021,21.29361305,21.69878538,21.62175724,21.33583224,22.33870772,21.72752215,22.02004729,22.35325577,20.37221335,0.208106302,0.480285385,0.223207698,0.60912237,0.002422374,0,0,0,0,1,,,,
Unknown 179,3,1,3,3,3,1,3,3,3,3,3,24.31873158,23.62890297,23.59852018,24.5578516,24.02143514,24.99244993,24.42448949,24.12924428,24.1410373,24.35119017,23.16023853,0.115376524,0.004408747,0.189959485,0.968534782,0.000769382,0,-1,0,0,1,,,,
Unknown 180,3,1,3,3,3,1,3,3,3,3,3,20.27220255,17.24810314,15.86992822,18.68913349,19.06364407,21.50611939,18.45798687,17.30291856,16.84736005,16.78392448,15.78260778,0.105510639,0.037416665,0.102964599,0.720757524,0.435217219,0,-1,0,0,0,,,,
Unknown 181,3,1,3,3,3,1,3,3,3,3,3,21.83327905,19.47393015,18.57185257,20.12966073,20.46381695,22.75155477,19.85070204,20.03544301,18.88299971,18.90020037,18.461853,0.068667515,0.087309186,0.028519085,0.197651154,0.617063524,0,0,1,0,0,,,,
Unknown 182,3,1,3,3,3,1,3,3,3,3,3,16.16611513,15.03079027,15.6546525,15.31881793,15.86405276,15.38500923,15.46438264,15.50677,15.86725409,15.84337307,15.7946549,0.101246108,0.479237492,0.905222878,0.448063151,0.917679408,0,0,0,0,0,,,,
Unknown 183,3,1,3,3,3,1,3,3,3,3,3,22.68969556,23.31679652,23.21408903,22.58698806,21.97950601,22.37242262,21.74532165,21.4252667,20.79816574,20.32584778,20.95294875,0.607048158,0.468685348,0.607048158,0.468685348,0.468685348,0,0,0,0,0,,,,
Unknown 184,3,1,3,3,3,1,3,3,3,3,3,21.72398612,19.22010282,18.24407278,20.26405161,20.29553655,22.85993866,19.40492206,19.76280936,18.69766724,17.96894718,18.13128258,0.112005745,0.07267731,0.033233681,0.328072402,0.879932279,0,0,1,0,0,,,,
Unknown 185,3,1,3,3,3,1,3,3,3,3,3,23.44085786,23.82064214,22.73503374,23.37330946,23.75413652,24.50158632,23.26636778,23.3593437,22.76367558,22.84465191,22.613515,0.488899039,0.110372234,0.033767166,0.134484442,0.550710287,0,0,1,0,0,,,,
Unknown 186,3,1,3,3,3,1,3,3,3,3,3,22.01847903,21.77685218,21.79831102,22.03993786,21.73056936,22.4658782,22.70750505,22.33306711,22.57469395,22.01890304,21.7772762,0.662382231,0.538009433,0.662382231,0.538009433,0.538009433,0,0,0,0,0,,,,
Unknown 187,3,1,3,3,3,1,3,3,3,3,3,16.20032061,14.87118101,15.51827005,15.14879752,15.81545296,15.53696926,15.26631398,15.36792439,15.7200832,15.71319939,15.68631803,0.083073214,0.479922251,0.713005295,0.500465499,0.958718666,0,0,0,0,0,,,,
Unknown 188,3,1,3,3,3,1,3,3,3,3,3,24.93905125,25.05323195,25.07000673,24.63084956,25.09129773,25.78837674,24.49132834,25.00281175,24.33245131,24.2942066,24.5323608,0.821324166,0.228560626,0.017976937,0.073195513,0.507650764,0,0,1,0,0,,,,
Unknown 189,3,1,3,3,3,1,3,3,3,3,3,23.91690058,24.67226074,24.54033306,24.47527028,24.32918803,24.74561861,24.47823133,24.4651755,24.67543308,24.68979498,25.0755509,0.007003529,0.715234031,0.295675922,0.246548054,0.041314146,-1,0,0,0,-1,,,,
Unknown 190,3,1,3,3,3,1,3,3,3,3,3,24.36517317,23.68190311,22.36597687,23.04924693,21.58297303,21.52135514,22.20462521,20.50844757,21.19171764,20.45431556,19.7710455,0.540166189,0.388820598,0.540166189,0.388820598,0.388820598,0,0,0,0,0,,,,
Unknown 191,3,1,3,3,3,1,3,3,3,3,3,24.96476234,24.71497141,24.79359994,24.35619918,25.02813202,25.79675472,24.10925826,24.84388018,23.98508356,24.18307624,24.05391098,0.635563676,0.248053685,0.004380174,0.030759653,0.728534462,0,0,1,1,0,,,,
Unknown 192,3,1,3,3,3,1,3,3,3,3,3,25.8405976,25.04637665,24.36700753,25.43373298,25.48561147,26.68595775,25.32742537,25.05722561,24.39975021,24.44737397,23.49793847,0.210803661,0.024000362,0.039531524,0.146095888,0.041624394,0,-1,1,0,1,,,,
Unknown 193,3,1,3,3,3,1,3,3,3,3,3,24.37295683,23.25615804,22.32559063,23.77000203,23.99927198,24.95487811,23.28902045,23.48360519,22.37686739,22.33244563,21.56194491,0.142738054,0.011750393,0.03457769,0.045573544,0.15212565,0,-1,1,1,0,,,,
Unknown 194,3,1,3,3,3,1,3,3,3,3,3,22.66120189,22.30992218,21.93153139,22.27388121,22.1183246,23.15696147,21.68399981,21.5935057,21.3992333,21.09326801,20.80838043,0.504412082,0.360221476,0.010486731,0.60069979,0.44478611,0,0,1,0,0,,,,
Unknown 195,3,1,3,3,3,1,3,3,3,3,3,22.01206443,21.66162443,20.30213902,21.72601031,21.47108237,22.42388393,21.11256415,21.14685803,20.43926069,20.68038904,20.25956016,0.600926505,0.006751063,0.061717893,0.145775148,0.377810177,0,-1,0,0,0,,,,
Unknown 196,3,1,3,3,3,1,3,3,3,3,3,23.28192089,22.40019349,20.42854978,22.4745551,23.03637377,24.64273164,22.80792615,22.18445711,20.30801144,20.41194681,18.95061413,0.484082827,0.030709866,0.154370643,0.045361587,0.111283508,0,-1,0,1,0,,,,
Unknown 197,3,1,3,3,3,1,3,3,3,3,3,21.83025636,20.20908446,17.88011848,20.51747019,21.32971107,22.7435319,20.423484,19.6201008,17.93690944,17.92991855,16.75678805,0.255932847,0.014664676,0.110381244,0.102041067,0.245388604,0,-1,0,0,0,,,,
Unknown 198,3,1,3,3,3,1,3,3,3,3,3,23.61850679,22.59490525,22.31244621,23.54588129,22.7757021,24.41537618,23.4948451,23.41116953,22.33739301,22.30593325,22.14136383,0.161281335,0.022798117,0.205415982,0.043870002,0.74360266,0,-1,0,1,0,,,,
Unknown 199,3,1,3,3,3,1,3,3,3,3,3,21.95656907,21.51081537,21.84197338,22.5033336,21.9241647,22.75754508,22.46743928,22.21889666,22.42998363,22.41580934,21.45995206,0.362554213,0.065634777,0.550775843,0.53939744,0.011025059,0,0,0,0,1,,,,
Unknown 200,3,1,3,3,3,1,3,3,3,3,3,23.46981815,23.01455936,23.24823811,23.7034969,22.95153869,23.35243516,23.80769395,23.20073302,23.65599182,23.37296798,22.91770919,0.318816035,0.164272145,0.318816035,0.164272145,0.164272145,0,0,0,0,0,,,,
Unknown 201,3,1,3,3,3,1,3,3,3,3,3,23.34870258,23.03899758,23.41486886,23.8881705,23.36190625,23.8614414,23.85669043,23.63080031,23.92604345,23.9489986,23.10387714,0.474235776,0.131587603,0.99117721,0.337484614,0.011322897,0,0,0,0,1,,,,
Unknown 202,3,1,3,3,3,1,3,3,3,3,3,22.63415427,22.56909944,21.70857691,21.5596513,21.75151094,22.42496706,21.19333029,21.56569294,21.21810267,21.28651678,21.74170011,0.894726526,0.669091674,0.020486332,0.323968989,0.200767588,0,0,1,0,0,,,,
Unknown 203,3,1,3,3,3,1,3,3,3,3,3,22.30024738,20.03787186,18.8130748,20.89869035,21.18550413,22.95154685,20.47450354,20.61194015,19.23483161,19.0118306,19.0597927,0.069600067,0.021605492,0.048881434,0.1140566,0.954509238,0,-1,1,0,0,,,,
Unknown 204,3,1,3,3,3,1,3,3,3,3,3,19.87988692,18.52203502,17.72984621,19.2788025,18.97006765,20.42857555,18.56288346,18.87024302,18.13118107,18.61761809,16.99207067,0.19279636,0.042541688,0.079444976,0.311439547,0.034265852,0,-1,0,0,1,,,,
Unknown 205,3,1,3,3,3,1,3,3,3,3,3,21.25352779,21.55736511,22.19940675,21.94553368,23.35954036,23.17556466,21.47350687,22.87740889,22.00576137,22.42408749,23.40383123,0.618140524,0.556383366,0.010827294,0.054375282,0.032743744,0,0,1,0,-1,,,,
Unknown 206,3,1,3,3,3,1,3,3,3,3,3,20.1116056,18.99201548,18.35649602,19.46617467,19.93424288,20.02943783,19.35015737,20.00144532,18.78770517,19.05865902,19.0646264,0.293035843,0.146318958,0.519383698,0.114106918,0.993575537,0,0,0,0,0,,,,
Unknown 207,3,1,3,3,3,1,3,3,3,3,3,19.77166531,19.80257146,19.33542443,19.30451827,20.00314434,19.69067979,19.65977364,18.9473277,18.91642155,18.5982277,18.62913386,0.969666162,0.957112691,0.969666162,0.957112691,0.957112691,0,0,0,0,0,,,,
Unknown 208,3,1,3,3,3,1,3,3,3,3,3,24.14863057,23.68705591,23.99817583,24.45975048,23.95311167,24.0852146,24.54678925,24.05210943,24.51368408,24.27533103,23.81375638,0.518470829,0.363950513,0.518470829,0.363950513,0.363950513,0,0,0,0,0,,,,
Unknown 209,3,1,3,3,3,1,3,3,3,3,3,24.62657685,24.52994386,24.29007377,24.16255919,24.94247119,25.70439576,23.95185495,24.77123335,23.82543846,24.03123739,24.14146282,0.844211413,0.714200335,0.001976892,0.01290674,0.751456987,0,0,1,1,0,,,,
Unknown 210,3,1,3,3,3,1,3,3,3,3,3,26.76432959,26.18287674,25.9202245,26.84110955,26.83381473,27.19659801,26.87545243,26.42319738,26.16190437,25.81218624,25.98127619,0.125965835,0.002074094,0.387149597,0.321333652,0.517646592,0,-1,0,0,0,,,,
Unknown 211,3,1,3,3,3,1,3,3,3,3,3,22.52637768,22.0047555,21.68321876,22.66210468,22.63957505,23.03162341,22.67025671,22.22975439,21.96165992,21.57850847,21.84676555,0.191308255,0.002031317,0.359340175,0.336764996,0.33647957,0,-1,0,0,0,,,,
Unknown 212,3,1,3,3,3,1,3,3,3,3,3,16.009597,14.40470922,15.01519657,14.65187062,15.6931657,17.87557429,14.7616896,15.0961934,15.19954706,15.19646419,15.17875513,0.142941768,0.629745806,0.008163771,0.890593225,0.981191479,0,0,1,0,0,,,,
Unknown 213,3,1,3,3,3,1,3,3,3,3,3,20.38207434,20.95419527,21.62514178,21.05302085,20.5075161,21.84742984,21.27530891,22.51105718,21.93893625,22.34208474,22.91420567,0.610366474,0.47276466,0.610366474,0.47276466,0.47276466,0,0,0,0,0,,,,
Unknown 214,3,1,3,3,3,1,3,3,3,3,3,14.85857646,14.81001705,14.68218336,14.73074277,15.14627884,14.69198323,14.74054264,14.89093899,14.9394984,15.08619182,15.03763241,0.942813636,0.919201414,0.942813636,0.919201414,0.919201414,0,0,0,0,0,,,,
Unknown 215,3,1,3,3,3,1,3,3,3,3,3,23.55047782,21.92257929,19.32975898,23.02193953,22.97104854,24.02256292,22.39928177,21.59795179,19.89164299,19.93449451,18.51017688,0.20570722,0.000525008,0.206939274,0.067417592,0.121643335,0,-1,0,0,0,,,,
Unknown 216,3,1,3,3,3,1,3,3,3,3,3,21.97349808,22.35205937,21.62926865,21.01834362,21.52549258,15.62147457,21.86185678,20.34266261,22.25425853,22.34879876,22.73304658,0.734056617,0.441239292,2.15E-05,0.024033189,0.626378323,0,0,-1,-1,0,,,,
Unknown 217,3,1,3,3,3,1,3,3,3,3,3,26.18995374,25.13323396,24.23822568,25.61847211,25.86396892,26.98715236,25.42835432,25.53418126,24.52046245,24.8519574,23.71914848,0.075224625,0.002626422,0.012213849,0.019614976,0.010347018,0,-1,1,1,1,,,,
Unknown 218,3,1,3,3,3,1,3,3,3,3,3,21.78504935,19.2745239,17.06261931,20.57480102,20.85760405,21.82191764,19.68877844,18.6619828,17.54742271,17.10487939,15.98535459,0.073145601,0.001417094,0.123263102,0.24764983,0.24562795,0,-1,0,0,0,,,,
Unknown 219,3,1,3,3,3,1,3,3,3,3,3,22.72045798,21.82863161,22.22406978,22.81694722,22.53386342,23.13435548,22.78487576,23.02229267,22.84587532,22.97198251,22.09893662,0.102454536,0.123117025,0.508701916,0.636057508,0.028448931,0,0,0,0,1,,,,
Unknown 220,3,1,3,3,3,1,3,3,3,3,3,21.04783258,20.18506664,20.4604113,21.40447074,21.0462511,21.65579231,21.2695248,21.20068617,21.23782314,21.33969908,20.39796282,0.106369416,0.016973603,0.456484086,0.918728423,0.017206852,0,-1,0,0,1,,,,
Unknown 221,3,1,3,3,3,1,3,3,3,3,3,22.37893695,21.4530978,19.77523119,22.29028338,21.80025464,23.88489552,21.80724091,20.84572135,20.95790108,21.4955488,20.54534395,0.403270992,0.004084867,0.070735641,0.88502114,0.230043846,0,-1,0,0,0,,,,
Unknown 222,3,1,3,3,3,1,3,3,3,3,3,21.64607313,25.28112696,19.99002781,20.92182394,21.22257755,24.2675561,21.25071681,21.68128478,21.71068611,23.67890396,21.86020642,0.00095676,0.17017361,0.004242899,0.964536071,0.012122927,-1,0,1,0,1,,,,
Unknown 223,3,1,3,3,3,1,3,3,3,3,3,20.64005351,18.1466069,16.06753476,19.54784426,19.06976512,20.14401616,18.76138467,18.29866308,17.02046988,16.64431167,16.40889104,0.156346952,0.00914049,0.422784175,0.297694601,0.845631717,0,-1,0,0,0,,,,
Unknown 224,3,1,3,3,3,1,3,3,3,3,3,21.98128161,21.92609107,21.83723682,21.89242736,21.91122225,22.01850229,22.07369283,21.53625673,21.59144727,21.27458913,21.21939858,0.903875169,0.864415861,0.903875169,0.864415861,0.864415861,0,0,0,0,0,,,,
Unknown 225,3,1,3,3,3,1,3,3,3,3,3,21.33261671,20.89148603,20.31796802,20.75205784,20.86363394,20.67396338,20.48793864,20.66182406,20.72276792,20.72452299,21.03017846,0.064848755,0.013550528,0.417801778,0.705315669,0.069914271,0,-1,0,0,0,,,,
Unknown 226,3,1,3,3,3,1,3,3,3,3,3,23.12499697,22.52799745,22.39474924,23.1898269,22.99621824,23.1545639,23.06575748,23.03860765,23.06919979,23.42057368,22.18855512,0.425981663,0.142386382,0.904901486,0.953579657,0.028737249,0,0,0,0,1,,,,
Unknown 227,3,1,3,3,3,1,3,3,3,3,3,20.97814513,20.80731987,20.00269728,20.72455271,21.11463222,20.52791,20.56792856,20.02438763,19.78257597,19.3977129,19.94694485,0.784274574,0.114114296,0.948814482,0.584872028,0.22253639,0,0,0,0,0,,,,
Unknown 228,3,1,3,3,3,1,3,3,3,3,3,23.67232125,23.31108234,22.50288316,24.18568838,23.35427928,25.40346561,23.95673877,22.46430383,22.23346322,22.31860495,21.91322977,0.797453074,0.10331927,0.310673166,0.816558163,0.68421416,0,0,0,0,0,,,,
Unknown 229,3,1,3,3,3,1,3,3,3,3,3,21.52607507,20.70052748,20.76787123,21.59341882,20.90114326,20.67177465,21.49732225,20.33908962,21.16463721,21.19330745,20.36775986,0.381791801,0.220983316,0.381791801,0.220983316,0.220983316,0,0,0,0,0,,,,
Unknown 230,3,1,3,3,3,1,3,3,3,3,3,22.92124805,22.4410178,21.72752987,22.96826832,22.76437041,22.65017886,22.61958927,22.12843247,22.13640029,21.88540867,21.68009392,0.268704693,0.000575233,0.942848289,0.978930283,0.498961623,0,-1,0,0,0,,,,
Unknown 231,3,1,3,3,3,1,3,3,3,3,3,24.93724305,24.38117441,23.15136853,24.9627696,24.41665896,25.29953731,24.40444234,24.10790478,23.77536545,23.5345027,22.86636158,0.262030909,4.53E-05,0.078733622,0.340420058,0.064720259,0,-1,0,0,0,,,,
Unknown 232,3,1,3,3,3,1,3,3,3,3,3,23.7020932,24.14453045,22.63156853,24.38409607,23.47330998,23.35733959,24.56119804,22.69646565,23.83274832,22.73568795,22.82894413,0.70505722,0.045010648,0.30921614,0.179460749,0.910002205,0,-1,0,0,0,,,,
Unknown 233,3,1,3,3,3,1,3,3,3,3,3,23.3014568,23.26609631,22.39896414,23.04327458,23.2702087,23.73883989,22.84987533,22.55084115,22.60323867,22.1491341,22.35455234,0.933993826,0.044136439,0.048979513,0.862256799,0.498996227,0,-1,1,0,0,,,,
Unknown 234,3,1,3,3,3,1,3,3,3,3,3,21.55956729,21.91651329,20.41789358,22.32898673,20.75686786,18.75732014,21.13753512,18.70856356,20.33333174,18.82711192,19.28253897,0.837271701,0.132024363,0.181618823,0.196468631,0.711311522,0,0,0,0,0,,,,
Unknown 235,3,1,3,3,3,1,3,3,3,3,3,21.89549807,22.3739962,20.82192547,22.46961614,21.93611438,21.25666122,22.55631181,20.93174999,21.32088188,20.35065578,20.99560816,0.686076552,0.060768328,0.279206125,0.642287817,0.443788127,0,0,0,0,0,,,,
Unknown 236,3,1,3,3,3,1,3,3,3,3,3,22.22819251,24.25313491,24.80137261,24.43733324,23.08150018,24.28106072,24.35916264,24.47817054,24.97909633,24.98174783,24.52862007,0.082507537,0.645755419,0.94424256,0.528151232,0.567850122,0,0,0,0,0,,,,
Unknown 237,3,1,3,3,3,1,3,3,3,3,3,23.74659556,24.32227032,24.40620953,24.64180561,23.82532425,17.27149693,24.56136077,22.77485554,24.74193165,24.62923735,24.16912608,0.492631269,0.689982168,5.47E-08,0.003302283,0.438858106,0,0,-1,-1,0,,,,
Unknown 238,3,1,3,3,3,1,3,3,3,3,3,25.69310293,26.76886295,26.24770592,26.30332333,25.9244353,25.91241489,26.17092963,25.72269998,25.96151731,25.29578595,25.7952002,0.156087222,0.915008782,0.726180109,0.647688608,0.343996364,0,0,0,0,0,,,,
Unknown 239,3,1,3,3,3,1,3,3,3,3,3,23.42663462,23.36220164,22.53067644,23.92503778,22.9199431,22.62161061,23.22903877,22.30311886,23.01712387,22.64238572,22.23324382,0.929321532,0.013093692,0.407589888,0.175696516,0.429783241,0,-1,0,0,0,,,,
Unknown 240,3,1,3,3,3,1,3,3,3,3,3,22.20678193,23.32452077,22.97844111,22.37543596,22.48140346,22.91552117,22.60293367,22.94728123,23.23439581,22.96268194,23.2623906,0.034756515,0.098511037,0.531091478,0.417636984,0.397897177,-1,0,0,0,0,,,,
Unknown 241,3,1,3,3,3,1,3,3,3,3,3,21.46841654,21.40122809,20.87517656,21.98725769,21.13935358,20.6923255,21.39166803,20.60483571,21.1278009,20.96792828,20.98787197,0.901881806,0.009008739,0.209517478,0.185599742,0.958718277,0,-1,0,0,0,,,,
Unknown 242,3,1,3,3,3,1,3,3,3,3,3,18.16430047,18.44034851,20.5129005,16.83906772,19.33117005,22.05840576,19.58990582,22.20243846,21.07358569,22.57881877,21.56745888,0.889482263,0.016196743,0.223644721,0.425677014,0.474634975,0,1,0,0,0,,,,
Unknown 243,3,1,3,3,3,1,3,3,3,3,3,24.50449126,24.23539543,23.91260612,24.18170195,24.00112183,23.9070727,24.17616853,23.35673607,23.6258319,23.51163535,23.24253953,0.741909382,0.641914895,0.741909382,0.641914895,0.641914895,0,0,0,0,0,,,,
Unknown 244,3,1,3,3,3,1,3,3,3,3,3,26.93729613,27.18159835,27.50461027,27.06751976,27.02193428,27.59321731,27.31006458,27.64273893,28.02952014,28.40186744,27.57015683,0.658959465,0.271073348,0.609313815,0.328322595,0.044454579,0,0,0,0,1,,,,
Unknown 245,3,1,3,3,3,1,3,3,3,3,3,19.83219557,21.86119958,23.05399129,21.31029287,21.08845339,23.57966878,22.32937707,23.50733511,23.29053024,23.60179295,22.82413872,0.103594421,0.051704938,0.304705424,0.79850583,0.365016763,0,0,0,0,0,,,,
Unknown 246,3,1,3,3,3,1,3,3,3,3,3,21.30177559,22.0546689,20.36043286,22.3175257,21.69890464,20.53337627,21.02771034,20.97195404,20.27845061,21.02692562,20.82387194,0.447428395,0.01051276,0.616276276,0.325059998,0.770439193,0,-1,0,0,0,,,,
Unknown 247,3,1,3,3,3,1,3,3,3,3,3,23.53067837,20.83657461,20.0886605,22.85502662,20.81035323,21.55632068,22.53706334,21.06725478,22.09891307,22.49612837,20.26426751,0.045096793,0.005824854,0.443296917,0.258775496,0.021273888,1,-1,0,0,1,,,,
Unknown 248,3,1,3,3,3,1,3,3,3,3,3,20.1038722,21.18877664,22.70843963,19.10047921,21.21146241,23.12767016,21.33649011,23.15497767,22.54717906,23.06523746,22.43708773,0.570723021,0.014153414,0.352949582,0.652725359,0.641963403,0,1,0,0,0,,,,
Unknown 249,3,1,3,3,3,1,3,3,3,3,3,20.69452798,20.37475498,20.27870941,21.56722857,20.13743905,20.33049628,20.86313188,20.74097342,20.79160878,21.49766344,20.35947698,0.705232319,0.041922339,0.530123666,0.932363107,0.068911466,0,-1,0,0,0,,,,
Unknown 250,3,1,3,3,3,1,3,3,3,3,3,23.30477797,23.21275597,23.38053525,22.51227127,23.54586144,24.59117467,23.60515823,24.29289216,23.90431153,24.31413187,23.4349484,0.895743099,0.093076013,0.171529644,0.437720049,0.089342137,0,0,0,0,0,,,,
Unknown 251,3,1,3,3,3,1,3,3,3,3,3,21.81066906,21.6834881,21.77500615,21.04796273,22.10702143,23.20850942,22.05832634,22.72710048,22.22286447,22.60254868,21.81049039,0.852022412,0.143423725,0.104179831,0.302693799,0.112875629,0,0,0,0,0,,,,
Unknown 252,3,1,3,3,3,1,3,3,3,3,3,22.65560238,22.85563105,23.38929674,21.68381983,23.16618539,24.54427606,23.28820452,24.35999944,23.81703051,24.51592086,23.47233932,0.837098446,0.021607793,0.206691594,0.433691117,0.141167057,0,1,0,0,0,,,,
Unknown 253,3,1,3,3,3,1,3,3,3,3,3,19.65589108,19.53807194,20.60863639,18.74309488,20.31462521,22.43744457,20.40845739,21.61720515,20.81041476,21.62568861,20.80277294,0.907236588,0.016417543,0.056834504,0.267434195,0.258317227,0,1,0,0,0,,,,
Unknown 254,3,1,3,3,3,1,3,3,3,3,3,21.04997705,20.8692861,21.1843664,19.87860247,21.30908653,22.60986313,21.31301829,22.18964847,21.391392,21.61329447,21.20139436,0.813635385,0.025009803,0.103148018,0.152344579,0.450587615,0,1,0,0,0,,,,
Unknown 255,3,1,3,3,3,1,3,3,3,3,3,22.07169716,20.9249545,21.44479245,22.59153511,21.21196791,21.0046613,22.15140396,20.95696005,22.10370272,21.97668279,20.82994012,0.263540706,0.120010927,0.263540706,0.120010927,0.120010927,0,0,0,0,0,,,,
Unknown 256,3,1,3,3,3,1,3,3,3,3,3,22.20294339,23.04605773,24.57955591,23.73644157,23.13250194,24.82186295,23.97874861,25.22736174,24.3842474,24.46979854,25.31291288,0.438483598,0.277215579,0.438483598,0.277215579,0.277215579,0,0,0,0,0,,,,
Unknown 257,3,1,3,3,3,1,3,3,3,3,3,23.38552135,23.64420302,24.26374873,23.65428282,23.71320399,17.59433555,24.05665645,23.36784155,24.15662381,24.12344339,24.6778984,0.749545373,0.29434865,2.06E-07,0.17912942,0.338814387,0,0,-1,0,0,,,,
Unknown 258,3,1,3,3,3,1,3,3,3,3,3,26.04918531,26.34556762,26.08554622,25.78916391,26.22762698,26.37307455,26.07669225,26.5716824,26.27530009,26.22985407,26.52623638,0.662019735,0.537546706,0.662019735,0.537546706,0.537546706,0,0,0,0,0,,,,
Unknown 259,3,1,3,3,3,1,3,3,3,3,3,22.46013421,23.1709257,23.94014884,23.33806464,23.04821727,16.85965932,23.60701644,22.87290246,23.97704577,24.04562002,24.30256153,0.382376009,0.297595562,1.02E-07,0.064778217,0.652601893,0,0,-1,0,0,,,,
Unknown 260,3,1,3,3,3,1,3,3,3,3,3,24.78187724,25.12455139,24.65993503,24.31726088,25.05846429,25.01174041,24.66906626,25.1464139,24.80373975,24.73828575,25.08095991,0.717198372,0.609149923,0.717198372,0.609149923,0.609149923,0,0,0,0,0,,,,
Unknown 261,3,1,3,3,3,1,3,3,3,3,3,20.10242118,21.04935516,22.34242983,21.39549585,21.10432724,22.64617106,21.69923707,22.95884221,22.01190822,22.03753665,22.98447064,0.434039224,0.272641743,0.434039224,0.272641743,0.272641743,0,0,0,0,0,,,,
Unknown 262,3,1,3,3,3,1,3,3,3,3,3,25.62347118,24.95271064,25.04189974,25.1637678,25.54003055,25.55765787,25.32470114,25.71317165,25.04064808,24.95610948,25.42084125,0.314562444,0.79339082,0.723540433,0.159638288,0.324151049,0,0,0,0,0,,,,
Unknown 263,3,1,3,3,3,1,3,3,3,3,3,23.30433848,23.60811783,23.38546783,23.08168848,23.49246187,23.66460245,23.3608231,23.88008777,23.57630842,23.49301633,23.79679568,0.644217469,0.514956429,0.644217469,0.514956429,0.514956429,0,0,0,0,0,,,,
Unknown 264,3,1,3,3,3,1,3,3,3,3,3,22.86036756,21.96421886,20.69520937,22.27017335,21.6898885,20.91460419,20.71020156,19.16987903,18.17117362,16.89304349,20.25323611,0.687207406,0.32258586,0.926665559,0.527093477,0.043636955,0,0,0,0,-1,,,,
Unknown 265,3,1,3,3,3,1,3,3,3,3,3,23.45648107,23.95849874,23.18172705,22.67970939,23.89845294,23.64019305,23.13817539,23.5987904,23.09677274,23.15924933,23.661267,0.717529024,0.609585671,0.717529024,0.609585671,0.609585671,0,0,0,0,0,,,,
Unknown 266,3,1,3,3,3,1,3,3,3,3,3,20.28536109,20.55482254,21.20161708,21.57571343,21.37026295,22.06861513,21.47595422,21.14322318,21.28086332,21.87827486,20.94797268,0.726625923,0.494564279,0.444917135,0.800449876,0.100033362,0,0,0,0,0,,,,
Unknown 267,3,1,3,3,3,1,3,3,3,3,3,22.04984688,22.48212269,22.0145464,21.58227058,22.39706429,22.65272809,22.22045228,22.58183673,22.14956091,22.2606364,22.69291222,0.666527528,0.543308517,0.666527528,0.543308517,0.543308517,0,0,0,0,0,,,,
Unknown 268,3,1,3,3,3,1,3,3,3,3,3,21.39905409,21.59536574,22.03814649,21.44342272,21.75358604,15.15307692,21.96373542,21.30658779,21.75139279,21.91715041,22.43960482,0.852953459,0.430986375,3.93E-06,0.554340189,0.488189898,0,0,-1,0,0,,,,
Unknown 269,3,1,3,3,3,1,3,3,3,3,3,21.83261273,22.34764977,21.57448819,21.05945116,22.2677611,22.27879367,21.76375664,22.17686433,21.66182729,21.71515491,22.23019195,0.706122364,0.594597118,0.706122364,0.594597118,0.594597118,0,0,0,0,0,,,,
Unknown 270,3,1,3,3,3,1,3,3,3,3,3,22.06735125,21.40774605,20.9781417,21.22867682,22.01365832,21.52136124,21.54772964,21.89123744,20.66997017,19.1632644,21.46752064,0.693926977,0.832326634,0.987420707,0.308891392,0.06372051,0,0,0,0,0,,,,
Unknown 271,3,1,3,3,3,1,3,3,3,3,3,22.88148028,23.32259598,23.18175627,22.74064057,23.22138663,23.63595733,23.19484163,23.71900015,23.27788445,23.26964506,23.71076076,0.566527936,0.419744472,0.566527936,0.419744472,0.419744472,0,0,0,0,0,,,,
Unknown 272,3,1,3,3,3,1,3,3,3,3,3,22.26443832,21.57027451,21.66873125,22.36289507,21.57780665,21.35813952,22.05230334,21.40802676,22.10219058,22.08503908,21.39087526,0.401485003,0.239987305,0.401485003,0.239987305,0.239987305,0,0,0,0,0,,,,
Unknown 273,3,1,3,3,3,1,3,3,3,3,3,20.18740566,19.19387341,19.30387932,19.30724865,20.14858103,20.37487936,19.64760799,20.41670859,18.89758242,17.93765281,19.95614412,0.471887007,0.997226706,0.597216656,0.129460738,0.04898391,0,0,0,0,-1,,,,
Unknown 274,3,1,3,3,3,1,3,3,3,3,3,24.83464509,24.31399212,24.52771463,24.58301002,24.76416398,24.80147801,24.67449458,24.98061293,24.53728807,24.3923057,24.88923236,0.296482728,0.87350541,0.796117322,0.211773581,0.163907019,0,0,0,0,0,,,,
Unknown 275,3,1,3,3,3,1,3,3,3,3,3,22.08405873,24.18091135,25.46603776,24.06049689,23.2066267,27.47009799,24.58543969,25.26216198,25.31544881,25.47645154,25.4093103,0.078876456,0.094356256,0.019567472,0.947358418,0.933702476,0,0,1,0,0,,,,
Unknown 276,3,1,3,3,3,1,3,3,3,3,3,24.92299222,26.99919948,28.22448413,26.88204637,26.05499221,30.26642496,27.3971039,28.08336954,28.12737099,28.25934442,28.27278181,0.078536481,0.105284223,0.018965302,0.95603418,0.9865668,0,0,1,0,0,,,,
Unknown 277,3,1,3,3,3,1,3,3,3,3,3,20.48810197,20.93315816,21.99669081,21.55163462,21.39544894,22.15582635,21.71077016,22.78171811,22.33666192,22.35597533,22.80103152,0.756364718,0.661260316,0.756364718,0.661260316,0.661260316,0,0,0,0,0,,,,
Unknown 278,3,1,3,3,3,1,3,3,3,3,3,21.5561915,22.59760933,22.80257542,21.336336,22.3817479,14.9243143,22.42854853,21.0877297,22.68164597,22.38167901,22.76311857,0.469874082,0.158837779,4.67E-05,0.127459227,0.706638234,0,0,-1,0,0,,,,
Unknown 279,3,1,3,3,3,1,3,3,3,3,3,21.95875752,21.58569171,21.67096698,22.0440328,21.95145468,21.87646741,22.24953322,21.86526014,22.23832595,21.80900064,21.43593483,0.553670206,0.404567562,0.553670206,0.404567562,0.404567562,0,0,0,0,0,,,,
Unknown 280,3,1,3,3,3,1,3,3,3,3,3,19.65281056,20.56917568,20.69810328,19.52217868,20.65007589,14.17528747,20.5906728,19.54264822,20.82953289,21.06147248,20.7883363,0.522144683,0.251555104,0.00023736,0.211194536,0.786321411,0,0,-1,0,0,,,,
Unknown 281,3,1,3,3,3,1,3,3,3,3,3,20.69523341,19.87357174,19.60226264,20.85017471,20.32249923,21.08481737,20.64520932,19.78454413,20.6702701,20.60784845,20.98827099,0.433227285,0.10225086,0.673094916,0.237449261,0.606073481,0,0,0,0,0,,,,
Unknown 282,3,1,3,3,3,1,3,3,3,3,3,18.92088256,22.50357928,22.66657933,22.02205179,21.67548088,22.50177916,22.16671774,22.19040608,22.55288371,22.73844852,22.73039263,0.064859255,0.62292458,0.856141932,0.781638854,0.995079465,0,0,0,0,0,,,,
Unknown 283,3,1,3,3,3,1,3,3,3,3,3,21.52849504,22.59760933,22.45136585,22.11045353,22.33752248,14.36729321,22.04714602,21.15703468,22.48952446,22.67680937,22.72788027,0.192181502,0.548810753,1.35E-08,0.028091733,0.928075986,0,0,-1,-1,0,,,,
Unknown 284,3,1,3,3,3,1,3,3,3,3,3,19.81159384,20.18353612,22.46029079,18.3299152,20.41095621,23.68838185,20.05100492,23.23508629,22.52522489,22.99036039,22.51587117,0.882303075,0.029869406,0.159216575,0.690027049,0.789535772,0,1,0,0,0,,,,
Unknown 285,3,1,3,3,3,1,3,3,3,3,3,20.97171906,23.28534398,23.90272501,22.90645565,22.10192708,23.94202763,23.4225683,24.08771044,23.98208436,24.1869882,24.13200137,0.059873327,0.237130313,0.657462549,0.898276487,0.946930698,0,0,0,0,0,,,,
Unknown 286,3,1,3,3,3,1,3,3,3,3,3,22.02001369,24.12577586,24.58622828,23.63404217,23.09746475,24.60221255,24.25975643,24.76418428,24.7370647,24.92486337,24.8027615,0.059914601,0.215439854,0.747792615,0.971231329,0.871057837,0,0,0,0,0,,,,
Unknown 287,3,1,3,3,3,1,3,3,3,3,3,23.65812258,23.20406243,22.30189249,22.75595264,23.39060958,22.68624846,23.14030862,22.85173282,23.30579297,23.47556108,23.02150092,0.418818019,0.257185672,0.418818019,0.257185672,0.257185672,0,0,0,0,0,,,,
Unknown 288,3,1,3,3,3,1,3,3,3,3,3,21.71770392,22.26489694,22.00990803,21.83974376,21.94845735,14.75519669,22.41327126,20.90112305,22.46326169,22.11838591,22.54430571,0.433373702,0.728609321,1.49E-09,0.004591051,0.389336454,0,0,-1,-1,0,,,,
Unknown 289,3,1,3,3,3,1,3,3,3,3,3,20.24649512,22.46690112,22.49510539,21.67765893,21.30548143,22.51749141,22.44603799,22.80640467,22.82651861,22.95006048,22.76515588,0.05865032,0.307113327,0.948915637,0.979650749,0.81475261,0,0,0,0,0,,,,
Unknown 290,3,1,3,3,3,1,3,3,3,3,3,25.20209874,25.09193063,24.84228979,24.81511598,25.08846996,24.6570671,25.26703288,25.02735697,25.34729062,25.39022863,25.18561823,0.727198021,0.902998001,0.065427339,0.162812556,0.364321195,0,0,0,0,0,,,,
Unknown 291,3,1,3,3,3,1,3,3,3,3,3,21.32260211,21.65733803,21.29511194,21.5567871,21.42264164,15.1489127,21.88654475,20.41168082,21.8537602,21.16514741,21.72197594,0.628248176,0.592717063,1.02E-08,0.007664953,0.261657002,0,0,-1,-1,0,,,,
Unknown 292,3,1,3,3,3,1,3,3,3,3,3,21.59959358,20.85395391,20.31825992,21.16448899,21.2359239,20.99367598,21.067636,21.05345551,20.75132027,20.10660696,20.73646098,0.245488654,0.069932255,0.906529117,0.500244987,0.168664697,0,0,0,0,0,,,,
Unknown 293,3,1,3,3,3,1,3,3,3,3,3,24.33722489,24.18766018,23.54389416,23.7187561,24.19130322,23.43540528,24.2843354,23.53079155,24.09195349,22.9665769,23.99396964,0.866929255,0.781891546,0.347452438,0.3790325,0.116039554,0,0,0,0,0,,,,
Unknown 294,3,1,3,3,3,1,3,3,3,3,3,17.71657395,23.80829028,22.99273353,21.19017205,19.66348469,22.6088099,21.96500439,24.57061214,23.5618388,23.75647648,24.58253487,0.002791968,0.16479745,0.718845799,0.428307503,0.515357917,-1,0,0,0,0,,,,
Unknown 295,3,1,3,3,3,1,3,3,3,3,3,25.58851957,25.20203358,24.57281878,25.17457827,25.29647023,24.62237138,25.36130955,24.83406068,25.11935164,24.27606978,24.90226424,0.533955942,0.17958623,0.241007294,0.516350562,0.163415936,0,0,0,0,0,,,,
Unknown 296,3,1,3,3,3,1,3,3,3,3,3,21.94491253,21.49744503,20.4673929,20.9148604,21.83196018,21.12646978,21.57393728,20.862785,21.3102525,21.86783083,21.42036332,0.487049301,0.328914265,0.487049301,0.328914265,0.328914265,0,0,0,0,0,,,,
Unknown 297,3,1,3,3,3,1,3,3,3,3,3,20.01841464,14.4263516,14.97183249,17.55577061,17.00658692,14.57950615,15.3478647,14.79593316,15.19097349,15.18626555,15.13033583,0.009138728,0.072442351,0.692972166,0.773824741,0.967508428,1,0,0,0,0,,,,
Unknown 298,3,1,3,3,3,1,3,3,3,3,3,20.9550923,20.70045112,20.96710906,21.22175024,20.54457862,21.25918687,21.51382805,21.68730145,21.94194263,22.49636599,22.24172481,0.646231914,0.517499244,0.646231914,0.517499244,0.517499244,0,0,0,0,0,,,,
Unknown 299,3,1,3,3,3,1,3,3,3,3,3,22.85945141,22.35937915,21.40043868,21.90051094,22.53335525,21.82230749,22.32237975,21.6674449,22.16751716,22.32570452,21.82563226,0.333090347,0.176562703,0.333090347,0.176562703,0.176562703,0,0,0,0,0,,,,
Unknown 300,3,1,3,3,3,1,3,3,3,3,3,22.0253201,21.18578735,19.77473045,21.31698087,21.32961308,20.12790474,21.18611458,20.16628846,20.69718362,19.5798125,19.99105448,0.300303406,0.012603574,0.195559292,0.352839561,0.469553036,0,-1,0,0,0,,,,
Unknown 301,3,1,3,3,3,1,3,3,3,3,3,16.7758264,18.75596206,21.00378616,16.884682,17.99289479,21.73688183,18.56319157,21.33318284,20.98747167,21.26042041,21.03471246,0.363696866,0.013408708,0.1525794,0.820605619,0.88225346,0,1,0,0,0,,,,
Unknown 302,3,1,3,3,3,1,3,3,3,3,3,20.77327458,17.76674889,16.05135984,19.44568994,18.60434022,17.08916972,17.44175165,16.86740616,16.28451114,16.2638947,16.273082,0.058328924,0.00466676,0.815263439,0.586181577,0.993125139,0,-1,0,0,0,,,,
Unknown 303,3,1,3,3,3,1,3,3,3,3,3,22.8491321,20.18815827,18.14180165,22.04920525,21.2746752,21.32672859,20.22308799,20.42426124,19.3522291,21.09438597,19.80377379,0.06383042,0.000670708,0.423464652,0.275305084,0.192317465,0,-1,0,0,0,,,,
Unknown 304,3,1,3,3,3,1,3,3,3,3,3,21.40771727,20.35158714,20.02553658,20.71071337,20.6573895,21.213861,20.41255898,20.80219727,20.37535015,21.22154778,20.09873531,0.163000447,0.198656064,0.284295379,0.416641406,0.042188143,0,0,0,0,1,,,,
Unknown 305,3,1,3,3,3,1,3,3,3,3,3,23.378193,23.72704851,23.60134584,24.22278797,23.51971325,24.27815664,23.91360475,23.80388045,23.92961041,23.87595555,23.27386117,0.595730027,0.190401068,0.579428526,0.78622231,0.2039182,0,0,0,0,0,,,,
Unknown 306,3,1,3,3,3,1,3,3,3,3,3,22.85097389,20.14226759,18.07861361,22.08784394,21.23016876,21.08774437,20.22878801,20.27061457,19.25195267,21.14326812,19.31686449,0.073347176,0.000877018,0.554012613,0.325240416,0.086489439,0,-1,0,0,0,,,,
Unknown 307,3,1,3,3,3,1,3,3,3,3,3,22.47199611,21.51273718,21.26252902,21.65897074,22.09740509,22.09676289,21.09146322,21.70367538,21.00170762,21.1092257,21.26256369,0.087540613,0.304932478,0.074478216,0.077860948,0.687762139,0,0,0,0,0,,,,
Unknown 308,3,1,3,3,3,1,3,3,3,3,3,21.82143892,20.45468025,20.71768638,21.70611888,21.09903717,21.81754902,20.95915338,20.85428976,21.06344951,21.37998463,21.77793399,0.088732914,0.082257633,0.273246945,0.701518236,0.468276784,0,0,0,0,0,,,,
Unknown 309,3,1,3,3,3,1,3,3,3,3,3,23.2642798,22.41106352,23.6663659,24.51958219,22.78496417,23.36569398,24.21891027,22.65353141,23.5067477,24.34329006,23.49007377,0.589808231,0.447662349,0.589808231,0.447662349,0.447662349,0,0,0,0,0,,,,
Unknown 310,3,1,3,3,3,1,3,3,3,3,3,22.8857734,17.06958667,17.71956141,20.11933699,19.69533485,17.2566671,18.45611843,17.58177163,17.83440755,17.87869239,17.81178931,0.036187035,0.203092717,0.646224001,0.890951307,0.971030383,1,0,0,0,0,,,,
Uracil,3,1,3,3,3,1,3,3,3,3,3,27.50605338,27.45508844,27.99931408,28.05027903,27.92818275,28.26789141,28.31885635,28.54449093,28.59545587,28.61402954,28.56306459,0.873209161,0.82150974,0.873209161,0.82150974,0.82150974,0,0,0,0,0,,,,
Uridine,3,1,3,3,3,1,3,3,3,3,3,26.25672347,26.17554096,26.73374611,26.81492862,26.63143314,26.99471696,27.07589947,27.24608246,27.32726497,27.3727117,27.29152919,0.813163685,0.738394623,0.813163685,0.738394623,0.738394623,0,0,0,0,0,,,,
