Name,Count_-6_pre,Count_-2_pre,Count_-6_2,Count_-2_2,Count_-2_4,Count_-6_4,Count_-6_6,Count_-2_6,Count_-6_8,Count_-2_8,Count_-2_10,Count_-6_10,Mean_-6_pre,Mean_-2_pre,Mean_-6_2,Mean_-2_2,Mean_-2_4,Mean_-6_4,Mean_-6_6,Mean_-2_6,Mean_-6_8,Mean_-2_8,Mean_-2_10,Mean_-6_10,P_value_A_-6_pre_vs_-2_pre,P_value_A_-6_2_vs_-2_2,P_value_A_-2_4_vs_-6_4,P_value_A_-6_6_vs_-2_6,P_value_A_-6_8_vs_-2_8,P_value_A_-2_10_vs_-6_10,Flag_A_-6_pre_vs_-2_pre,Flag_A_-6_2_vs_-2_2,Flag_A_-2_4_vs_-6_4,Flag_A_-6_6_vs_-2_6,Flag_A_-6_8_vs_-2_8,Flag_A_-2_10_vs_-6_10,,,,Negaive means -6 is significantly larger
2,2,6,6-Tetramethyl-4-piperidinol,3,3,3,3,3,3,3,3,3,3,3,3,27.50952963,26.82785477,26.49136359,26.50006416,26.83076348,27.43671229,26.93287501,26.59063141,27.09730834,26.53075501,27.04463585,26.93631194,0.032872083,0.977183202,0.055491294,0.266841396,0.072033739,0.722133905,1,0,0,0,0,0,
4-Guanidinobutanoic acid,3,3,3,3,3,3,3,3,3,3,3,3,22.91843699,22.52181419,21.28278067,20.88615787,21.71586489,22.11248769,21.26138242,20.86475962,21.43667723,21.04005443,20.13222695,20.52884975,0.637984082,0.637984082,0.637984082,0.637984082,0.637984082,0.637984082,0,0,0,0,0,0,,,,
Acetyl-L-carnitine,3,3,3,3,3,3,3,3,3,3,3,3,23.39266456,23.53333994,20.81016511,21.25539032,22.53075713,21.66997848,22.51729238,20.46515111,20.37441656,20.35602201,20.25689496,20.51665756,0.885605277,0.649518792,0.382448263,0.044434177,0.984987905,0.79061173,0,0,0,1,0,0,,,,
Adenine,3,3,3,3,3,3,3,3,3,3,3,3,28.2230797,27.24913497,26.01841551,26.02790232,26.45328515,26.63690373,26.19711257,25.98463579,26.39014465,26.28300461,26.38540533,26.50290011,0.003667235,0.975245139,0.549619721,0.489262507,0.726342477,0.701185931,1,0,0,0,0,0,,,,
Adenosine,3,3,3,3,3,3,3,3,3,3,3,3,30.08325921,29.68893023,29.37083184,29.63297713,29.98786246,29.87099067,29.54090068,29.89949587,29.89144509,29.99548757,29.84875795,30.09156188,0.20547106,0.39551347,0.703105154,0.248208297,0.734306436,0.430801245,0,0,0,0,0,0,,,,
Betaine,3,3,3,3,3,3,3,3,3,3,3,3,31.15047108,30.6600965,30.16556859,30.32467572,30.72712156,30.61878304,30.74152677,30.14747771,30.19396211,29.66937335,29.75156247,29.94943962,0.226882844,0.690949621,0.786427576,0.14603175,0.197076864,0.621311975,0,0,0,0,0,0,,,,
Bis(methylbenzylidene)sorbitol,3,3,3,3,3,3,3,3,3,3,3,3,22.32753889,22.36459869,22.17499652,22.21205632,22.27490105,22.23784125,22.21953118,22.25659097,22.28442441,22.32148421,22.26603226,22.22897246,0.94382629,0.94382629,0.94382629,0.94382629,0.94382629,0.94382629,0,0,0,0,0,0,,,,
Choline,3,3,3,3,3,3,3,3,3,3,3,3,29.85776739,29.67907361,29.50183118,29.63375745,29.61807042,29.66726711,29.56371712,29.56470595,29.59892885,29.46574992,29.52665861,29.72059231,0.132115481,0.261114961,0.671620947,0.993188658,0.256733465,0.103624509,0,0,0,0,0,0,,,,
Cytosine,3,3,3,3,3,3,3,3,3,3,3,3,27.14261012,26.46239773,25.64595183,25.51202697,25.92278288,25.69638682,25.63542736,25.74523203,25.31003988,25.55102071,25.45328551,25.62002739,0.078550421,0.720683966,0.546569352,0.769307966,0.521248305,0.656444662,0,0,0,0,0,0,,,,
DEET,3,3,3,3,3,3,3,3,3,3,3,3,22.16004742,22.31220205,21.83088996,21.02238173,21.31925078,22.01412112,21.9876602,21.76287156,22.13183676,21.26622891,21.59752548,20.26564852,0.877748924,0.416862482,0.484531876,0.820278475,0.385210269,0.1861819,0,0,0,0,0,0,,,,
Deoxyadenosine,3,3,3,3,3,3,3,3,3,3,3,3,27.31082533,26.62518668,26.0357692,25.70796932,26.17975184,26.28438229,26.238716,26.04362979,25.40435385,25.8623647,25.98437245,25.80815666,0.139676509,0.472244153,0.817643908,0.667691761,0.317683114,0.698067887,0,0,0,0,0,0,,,,
Deoxycarnitine,3,3,3,3,3,3,3,3,3,3,3,3,26.85534237,26.71433466,26.49584684,26.35483912,26.89038654,27.03139425,26.64776128,26.50675356,26.2872511,26.14624339,25.89264261,26.03365032,0.763472807,0.763472807,0.763472807,0.763472807,0.763472807,0.763472807,0,0,0,0,0,0,,,,
Diethanolamine,3,3,3,3,3,3,3,3,3,3,3,3,25.31223243,25.29314952,24.84518286,24.82609995,24.84700294,24.86608585,24.62946181,24.61037889,25.62266979,25.60358687,25.53714006,25.55622298,0.966497894,0.966497894,0.966497894,0.966497894,0.966497894,0.966497894,0,0,0,0,0,0,,,,
DL-?-Leucine,3,3,3,3,3,3,3,3,3,3,3,3,26.06485694,26.24957847,25.55110643,25.73582796,26.3297796,26.14505807,25.49443567,25.6791572,24.91632062,25.10104214,24.76409201,24.57937048,0.738527565,0.738527565,0.738527565,0.738527565,0.738527565,0.738527565,0,0,0,0,0,0,,,,
DL-Arginine,3,3,3,3,3,3,3,3,3,3,3,3,21.83544882,21.90937409,19.33732481,20.14318856,23.77413802,20.51375879,21.63323636,19.47706194,19.4871414,19.4026474,19.27250733,20.24841435,0.962243634,0.606831287,0.04550002,0.175733722,0.956851042,0.533694637,0,0,1,0,0,0,,,,
DL-Carnitine,3,3,3,3,3,3,3,3,3,3,3,3,28.14005317,28.25124305,26.83553608,27.76943116,28.29393554,28.23422557,27.96884531,27.55220888,27.46579407,26.88512178,27.02448643,27.07080405,0.796116745,0.038124495,0.889592307,0.337355534,0.185093759,0.914239294,0,-1,0,0,0,0,,,,
DL-Citrulline,3,3,3,3,3,3,3,3,3,3,3,3,23.14699515,21.69474644,20.12162808,22.41129804,23.3228309,22.06023621,22.11499876,20.98198986,20.73424541,19.88720202,20.51819478,20.44531049,0.149785037,0.027572311,0.208102627,0.257113084,0.394060918,0.941091207,0,-1,0,0,0,0,,,,
DL-Glutamine,3,3,3,3,3,3,3,3,3,3,3,3,24.43216423,24.33601292,22.88320261,23.99992223,24.86993866,23.99319996,24.19762477,23.09928636,22.94668015,22.7272909,22.46047956,23.18977262,0.888309548,0.112268919,0.207882624,0.117992606,0.748839391,0.292354183,0,0,0,0,0,0,,,,
DL-Isoleucine/Leucine,3,3,3,3,3,3,3,3,3,3,3,3,26.72982166,26.41926291,26.24421328,25.84995167,26.86918933,26.4341001,26.74784822,25.71658876,26.09487362,25.34029919,25.603771,25.42449887,0.621098843,0.530967239,0.489698513,0.109345729,0.23554041,0.775010559,0,0,0,0,0,0,,,,
DL-Proline,3,3,3,3,3,3,3,3,3,3,3,3,24.35706757,23.89720987,23.22893627,22.99524513,23.48529881,23.61891535,23.51961075,22.50197662,22.7625239,22.03563165,22.31903677,22.2933537,0.316106649,0.60761328,0.768647526,0.032768521,0.118640483,0.954872705,0,0,0,1,0,0,,,,
DL-Stachydrine,3,3,3,3,3,3,3,3,3,3,3,3,25.43102083,25.35853405,24.01590419,24.78478502,25.73415153,24.9890407,25.4601019,24.6522458,24.12898623,23.876662,23.70453237,24.08840718,0.910543186,0.240182394,0.254613226,0.217861057,0.696152786,0.553271903,0,0,0,0,0,0,,,,
Glycerophosphocholine,3,3,3,3,3,3,3,3,3,3,3,3,19.88728108,19.74020641,17.44354273,18.65335188,21.2193668,19.14841477,19.177796,18.53050393,17.82522968,17.50400036,17.87495225,17.19438884,0.907265949,0.342514363,0.110400137,0.6091204,0.799274586,0.590952818,0,0,0,0,0,0,,,,
HOTrE,3,3,3,3,3,3,3,3,3,3,3,3,23.97526845,23.71869452,23.23297246,22.64069005,23.37823379,23.21954279,23.36527871,22.31362707,22.5924128,22.52933241,22.73556875,22.64439827,0.459975808,0.095830088,0.646496897,0.005151401,0.855071312,0.79186763,0,0,0,1,0,0,,,,
Hypoxanthine,3,3,3,3,3,3,3,3,3,3,3,3,27.37858751,26.52863686,24.26676533,23.96046147,24.48830934,25.2812198,24.1440423,24.68643404,24.22025407,24.29772258,24.49054185,24.05342101,0.094066027,0.535756117,0.116928383,0.27693018,0.87507723,0.378836618,0,0,0,0,0,0,,,,
LL-2,6-Diaminheptanedioic acid,3,3,3,3,3,3,3,3,3,3,3,3,24.41966946,24.23845135,22.22192614,23.3740233,24.59662152,23.68970997,23.9590977,22.68773696,22.38844474,22.02392902,21.68030572,22.39469036,0.805400401,0.12635688,0.22455822,0.093314997,0.620890137,0.335897982,0,0,0,0,0,0,,,
L-Pyroglutamic acid,3,3,3,3,3,3,3,3,3,3,3,3,24.43216423,24.33601292,22.88320261,23.99992223,24.86993866,23.99319996,24.19762477,23.09928636,22.94668015,22.7272909,22.46047956,23.18977262,0.888309548,0.112268919,0.207882624,0.117992606,0.748839391,0.292354183,0,0,0,0,0,0,,,,
N-alpha-Acetyl-L-Lysine,3,3,3,3,3,3,3,3,3,3,3,3,28.69374207,28.83377544,27.41375447,28.70834707,29.35709482,28.46361995,28.83876735,28.42723793,28.07251813,27.76854157,27.93810598,26.7712515,0.801627377,0.027416205,0.118105807,0.46257096,0.586417357,0.044831229,0,-1,0,0,0,1,,,,
N-Methyl-D-Aspartic acid,3,3,3,3,3,3,3,3,3,3,3,3,25.29910603,25.42121563,23.85325193,24.2957401,25.49336692,24.76959679,24.89925893,24.31687578,24.49677434,24.25034998,24.36449168,24.75568792,0.801631607,0.366446854,0.145186635,0.237465604,0.61287589,0.423737013,0,0,0,0,0,0,,,,
Oleamide,3,3,3,3,3,3,3,3,3,3,3,3,22.683394,21.70936703,22.65226657,21.67823959,20.68339332,21.6574203,22.09791811,21.12389113,22.19028026,21.21625329,20.11334326,21.08737023,0.140724687,0.140724687,0.140724687,0.140724687,0.140724687,0.140724687,0,0,0,0,0,0,,,,
Senecionine,3,3,3,3,3,3,3,3,3,3,3,3,19.81785275,22.60592646,21.48289167,21.06934368,23.9051947,19.61141147,22.06877646,19.28867116,21.26410578,20.91695643,22.42251175,21.27384388,0.26989639,0.868365012,0.094791112,0.271232987,0.889341639,0.64591084,0,0,0,0,0,0,,,,
Sugars - Oligosaccharide (Tetraose),3,3,3,3,3,3,3,3,3,3,3,3,20.63942243,20.15059781,16.45375257,20.43629089,22.19931602,21.47088558,19.22313844,18.28666274,17.70844325,16.23335724,17.48081422,18.61504572,0.767167292,0.022460398,0.659420407,0.571510982,0.375159598,0.49382592,0,-1,0,0,0,0,,,,
Sugars - Trisaccharide1,3,3,3,3,3,3,3,3,3,3,3,3,24.79480817,25.08144926,23.20412024,24.43013765,24.98815997,24.35753372,24.58235845,23.89611527,23.95576491,23.58925111,24.20256463,23.19879411,0.638705504,0.053152906,0.305890318,0.266161128,0.548870399,0.108865812,0,0,0,0,0,0,,,,
Sugars - Trisaccharide2,3,3,3,3,3,3,3,3,3,3,3,3,23.30354112,23.68061237,19.39113413,22.76155916,24.22021623,22.47986798,22.24682311,21.34988142,20.538519,20.39150241,21.19889276,21.60314885,0.753679729,0.009107186,0.155906871,0.457583962,0.902540617,0.736598362,0,-1,0,0,0,0,,,,
Sugars-Monosaccharides-Hexoses,3,3,3,3,3,3,3,3,3,3,3,3,28.08725278,27.74370917,26.44287051,27.92460598,28.31507475,27.29464273,27.24537021,27.15421967,26.35852318,26.74699967,26.60945386,26.11351589,0.567021631,0.01950001,0.097545757,0.878891367,0.517831105,0.410334546,0,-1,0,0,0,0,,,,
Thymine,3,3,3,3,3,3,3,3,3,3,3,3,26.04049106,25.04157826,24.83135659,24.86636026,25.5275905,25.1773609,25.17616424,25.25899803,25.09914129,25.24183956,25.1496367,25.02089052,0.00174199,0.902787227,0.228758346,0.772712336,0.619396444,0.653894342,1,0,0,0,0,0,,,,
Unknown 001,3,3,3,3,3,3,3,3,3,3,3,3,19.36973443,20.45036217,19.90914894,18.50820677,18.96980666,19.32670591,18.54215148,19.19647915,18.11932268,19.85056364,18.01513182,18.95736442,0.466359049,0.34682218,0.808948002,0.658031901,0.247289346,0.524789137,0,0,0,0,0,0,,,,
Unknown 002,3,3,3,3,3,3,3,3,3,3,3,3,21.3368314,21.14346672,20.97628817,20.78292349,20.81376713,21.00713181,20.70379088,20.5104262,20.89290294,20.69953826,19.36082908,19.55419376,0.773719644,0.773719644,0.773719644,0.773719644,0.773719644,0.773719644,0,0,0,0,0,0,,,,
Unknown 003,3,3,3,3,3,3,3,3,3,3,3,3,21.94386838,21.80702071,21.58980994,21.45296227,21.1253495,21.26219717,21.08211299,20.94526532,20.63716842,20.50032075,19.7154676,19.85231527,0.845094832,0.845094832,0.845094832,0.845094832,0.845094832,0.845094832,0,0,0,0,0,0,,,,
Unknown 004,3,3,3,3,3,3,3,3,3,3,3,3,20.47063533,21.71768867,23.11068396,23.2538784,18.00231608,22.31962105,18.72804368,23.21738174,23.27846425,22.89060869,23.0529938,22.75566779,0.51598035,0.940281435,0.031615384,0.025973309,0.839259325,0.876408452,0,0,-1,-1,0,0,,,,
Unknown 005,3,3,3,3,3,3,3,3,3,3,3,3,17.9436666,18.64011312,17.42026909,18.13795589,17.94821364,18.30130136,17.50580646,18.8805773,17.62562385,18.81346329,17.59325229,18.56976236,0.577883733,0.566418485,0.777318914,0.276467796,0.345541457,0.436680747,0,0,0,0,0,0,,,,
Unknown 006,3,3,3,3,3,3,3,3,3,3,3,3,20.28966921,20.29998171,19.98066643,19.17861565,20.34926341,19.74574613,19.29689196,19.7641902,19.3323022,18.76008186,19.14661005,20.16165814,0.990964993,0.38233427,0.509473822,0.608855253,0.531486208,0.271186179,0,0,0,0,0,0,,,,
Unknown 007,3,3,3,3,3,3,3,3,3,3,3,3,22.18958048,22.39216883,22.54029933,22.22362001,22.22934094,22.3838576,22.52338547,22.32515179,22.35637785,22.30120284,22.37807247,22.09026061,0.431753944,0.223352991,0.547654753,0.441592369,0.829436395,0.267152931,0,0,0,0,0,0,,,,
Unknown 008,3,3,3,3,3,3,3,3,3,3,3,3,22.18958048,22.39216883,22.54029933,22.22362001,22.22934094,22.3838576,22.52338547,22.32515179,22.35637785,22.30120284,22.37807247,22.09026061,0.431753944,0.223352991,0.547654753,0.441592369,0.829436395,0.267152931,0,0,0,0,0,0,,,,
Unknown 009,3,3,3,3,3,3,3,3,3,3,3,3,22.76115868,23.07599141,23.16529689,22.77570518,22.76422552,23.01791182,22.94947232,23.1044613,23.23617008,23.02224882,23.06560093,22.67538725,0.147528663,0.076366481,0.239592394,0.46840355,0.319335649,0.07592798,0,0,0,0,0,0,,,,
Unknown 010,3,3,3,3,3,3,3,3,3,3,3,3,22.68523673,22.17489171,22.29047637,22.15511106,22.6712441,22.66777888,22.3370372,22.15352192,22.20872075,22.23627666,22.56673187,22.17995187,0.166943142,0.708713599,0.992358339,0.612965536,0.939293897,0.290782225,0,0,0,0,0,0,,,,
Unknown 011,3,3,3,3,3,3,3,3,3,3,3,3,22.02806648,22.0396042,22.57638622,22.0043148,22.30466192,22.50114492,22.46032259,22.18285922,22.12941191,22.13861785,22.03845793,21.76786693,0.969790282,0.06986361,0.520790394,0.366579054,0.975893475,0.378369483,0,0,0,0,0,0,,,,
Unknown 012,3,3,3,3,3,3,3,3,3,3,3,3,22.02806648,22.0396042,22.57638622,22.0043148,22.30466192,22.50114492,22.46032259,22.18285922,22.12941191,22.13861785,22.03845793,21.76786693,0.969790282,0.06986361,0.520790394,0.366579054,0.975893475,0.378369483,0,0,0,0,0,0,,,,
Unknown 013,3,3,3,3,3,3,3,3,3,3,3,3,22.20236371,21.24535134,21.28306252,21.35590703,20.19136945,19.05393121,21.38042744,20.5384239,21.4708549,20.57834348,21.18406261,20.52096038,0.421425924,0.950871018,0.34066153,0.478682303,0.452996252,0.576142626,0,0,0,0,0,0,,,,
Unknown 014,3,3,3,3,3,3,3,3,3,3,3,3,24.13208269,24.13089351,23.80370376,23.43047648,24.14962482,24.07631348,24.12333351,23.48964472,24.99982833,23.98059892,24.97586354,23.7877447,0.999033459,0.704233086,0.940473163,0.520424026,0.304573202,0.233217255,0,0,0,0,0,0,,,,
Unknown 015,3,3,3,3,3,3,3,3,3,3,3,3,23.61190383,24.09344383,24.1743163,23.42997223,24.16261814,23.81896977,24.02647527,23.61730045,24.35456215,23.69887941,23.85513945,23.04261167,0.325742746,0.134037204,0.480916938,0.402367599,0.184579058,0.103425714,0,0,0,0,0,0,,,,
Unknown 016,3,3,3,3,3,3,3,3,3,3,3,3,21.36574907,21.52103146,21.13756897,21.03194621,21.34224287,21.47230319,21.61921787,21.37386082,21.61857797,21.21543599,21.61896625,21.13663604,0.6153202,0.732135288,0.673601201,0.429040838,0.198709633,0.126879514,0,0,0,0,0,0,,,,
Unknown 017,3,3,3,3,3,3,3,3,3,3,3,3,22.70541881,22.84914199,22.44919316,22.59291634,23.01835557,22.87463239,22.62574629,22.76946947,22.73841407,22.88213725,22.66854103,22.52481785,0.793588148,0.793588148,0.793588148,0.793588148,0.793588148,0.793588148,0,0,0,0,0,0,,,,
Unknown 018,3,3,3,3,3,3,3,3,3,3,3,3,23.31533701,22.9991538,22.86011895,22.65290201,23.14663829,22.99422451,23.19649469,22.54884149,22.48414106,22.37075548,22.3087581,22.5160262,0.307412868,0.500869923,0.619761106,0.043073806,0.71170971,0.500765202,0,0,0,1,0,0,,,,
Unknown 019,3,3,3,3,3,3,3,3,3,3,3,3,23.34608728,23.10689399,22.81559078,22.22721853,22.69638259,22.76827498,22.68284641,22.16667556,22.13654884,21.96739012,22.33479097,22.2788197,0.378970233,0.037292973,0.789918493,0.064952097,0.532140657,0.835636628,0,1,0,0,0,0,,,,
Unknown 020,3,3,3,3,3,3,3,3,3,3,3,3,24.40418414,23.69076395,24.81606588,24.10264569,23.51144602,24.2248662,23.751236,23.03781581,23.37760891,22.66418872,22.43975838,23.15317857,0.396636744,0.396636744,0.396636744,0.396636744,0.396636744,0.396636744,0,0,0,0,0,0,,,,
Unknown 021,3,3,3,3,3,3,3,3,3,3,3,3,24.38143359,23.72714333,24.52218035,24.60841642,24.30476274,24.92038355,24.61751916,24.54539749,24.98461924,24.38199865,24.8767145,24.58378747,0.136307092,0.84072604,0.159923733,0.866509124,0.168566753,0.496763669,0,0,0,0,0,0,,,,
Unknown 022,3,3,3,3,3,3,3,3,3,3,3,3,21.17507362,20.18472348,19.8767058,18.88635566,20.87492005,21.86527019,19.76373574,18.7733856,20.38292179,19.39257165,19.50154788,20.49189802,0.408473751,0.408473751,0.408473751,0.408473751,0.408473751,0.408473751,0,0,0,0,0,0,,,,
Unknown 023,3,3,3,3,3,3,3,3,3,3,3,3,22.06506038,19.17823861,20.80216834,19.27688753,21.22718032,21.1657247,19.10262569,18.93387626,19.75158011,20.13296433,19.30605169,21.03428457,0.06295059,0.31313926,0.967230884,0.910195781,0.798896856,0.254518706,0,0,0,0,0,0,,,,
Unknown 024,3,3,3,3,3,3,3,3,3,3,3,3,21.8150948,22.39994991,23.38316779,23.35636659,20.08346028,22.6865377,20.81283507,23.88674997,24.0968644,24.24208851,24.27445854,23.82514145,0.701935028,0.985985871,0.097590913,0.052965917,0.924181082,0.768601243,0,0,0,0,0,0,,,,
Unknown 025,3,3,3,3,3,3,3,3,3,3,3,3,22.3939193,23.01914796,22.66202488,22.0753058,23.61825883,22.68916874,22.56148192,22.23406708,22.78408934,22.07013553,21.73377999,22.0621238,0.46348513,0.491181873,0.279214944,0.699864152,0.403310776,0.699056663,0,0,0,0,0,0,,,,
Unknown 026,3,3,3,3,3,3,3,3,3,3,3,3,23.23148478,23.26332881,22.69508463,22.72692865,23.59471327,23.56286925,23.14431437,23.17615839,23.09837422,23.13021824,23.35388089,23.32203687,0.949278325,0.949278325,0.949278325,0.949278325,0.949278325,0.949278325,0,0,0,0,0,0,,,,
Unknown 027,3,3,3,3,3,3,3,3,3,3,3,3,23.43184241,21.53271558,22.06948875,20.3873769,22.14980644,22.28709447,21.78473591,20.82011387,21.48332032,21.3360664,20.30614346,22.81344708,0.111863974,0.15673622,0.906017916,0.410107533,0.899233038,0.039372177,0,0,0,0,0,-1,,,,
Unknown 028,3,3,3,3,3,3,3,3,3,3,3,3,21.40864745,21.84114436,21.82417361,21.21910382,21.98558388,21.8387004,22.37344709,22.15716535,21.83675997,22.4013441,22.28938047,22.32866494,0.277734918,0.133326689,0.709349861,0.583764171,0.160054156,0.920483954,0,0,0,0,0,0,,,,
Unknown 029,3,3,3,3,3,3,3,3,3,3,3,3,22.56386587,21.95076771,22.51943334,23.38416865,23.92889893,22.81634935,23.17228758,22.3838768,22.58844246,22.24587316,21.88595628,22.24281337,0.208958416,0.081090166,0.027754908,0.109861781,0.477622243,0.459654353,0,0,1,0,0,0,,,,
Unknown 030,3,3,3,3,3,3,3,3,3,3,3,3,23.42373744,21.86314707,22.544739,21.91949968,23.23491289,22.7959015,22.91888549,21.78265078,22.61055822,21.81440306,22.36313873,23.54432763,0.038253838,0.388370147,0.543138111,0.123456474,0.274349582,0.109989026,1,0,0,0,0,0,,,,
Unknown 031,3,3,3,3,3,3,3,3,3,3,3,3,25.39653194,23.1258223,23.86875618,23.10527955,24.58340093,25.04172619,23.19436888,22.97749288,24.7093393,24.1014903,23.28576497,24.5794786,0.021362737,0.415861,0.623694374,0.816057859,0.51605986,0.173436868,1,0,0,0,0,0,,,,
Unknown 032,3,3,3,3,3,3,3,3,3,3,3,3,24.45615172,22.10467922,22.4489969,21.32481319,23.89868423,23.51929691,22.7894588,21.99005001,23.34738013,21.60405187,21.98997841,24.59968152,0.116183232,0.443473918,0.794821726,0.584640148,0.238682371,0.083017396,0,0,0,0,0,0,,,,
Unknown 033,3,3,3,3,3,3,3,3,3,3,3,3,23.36701889,23.60941507,23.23249418,23.47489036,23.64253024,23.40013406,23.77483161,24.0172278,22.83300053,23.07539671,23.24438641,23.00199023,0.82526584,0.82526584,0.82526584,0.82526584,0.82526584,0.82526584,0,0,0,0,0,0,,,,
Unknown 034,3,3,3,3,3,3,3,3,3,3,3,3,23.53879183,21.15598453,22.0089137,21.74024923,22.84525669,22.1644218,22.52526131,21.22068508,22.78793242,21.49590095,22.26685661,23.79397272,0.078226951,0.837432446,0.603968274,0.323894488,0.328474764,0.249958214,0,0,0,0,0,0,,,,
Unknown 035,3,3,3,3,3,3,3,3,3,3,3,3,21.70698954,21.96205865,21.86481432,21.53249287,22.0920212,22.20232465,22.9296573,21.91593214,22.36625602,21.74265764,22.11682706,22.14297738,0.657856714,0.564496799,0.847865301,0.087365783,0.283800593,0.963710276,0,0,0,0,0,0,,,,
Unknown 036,3,3,3,3,3,3,3,3,3,3,3,3,19.70784695,21.33656285,22.77338152,20.06867692,17.82022152,21.83012515,17.78040249,20.94665203,21.44313994,22.18859137,23.58639037,21.4922909,0.335825684,0.115947786,0.023558914,0.068248051,0.657089207,0.218799553,0,0,-1,0,0,0,,,,
Unknown 037,3,3,3,3,3,3,3,3,3,3,3,3,19.93178422,21.74869379,23.1457291,20.47912421,17.9816225,22.21464387,17.93437107,21.42682895,21.69011632,22.61405586,23.73387614,21.87588682,0.302139845,0.134781999,0.021628776,0.053907299,0.596718952,0.291585611,0,0,-1,0,0,0,,,,
Unknown 038,3,3,3,3,3,3,3,3,3,3,3,3,19.78905475,20.74414652,20.74050002,20.67755129,22.31856866,20.3720886,20.6612937,20.34842758,19.38277216,20.60684372,20.01669004,20.23247609,0.444870693,0.959592079,0.126487736,0.801308455,0.329397398,0.862157251,0,0,0,0,0,0,,,,
Unknown 039,3,3,3,3,3,3,3,3,3,3,3,3,23.94196835,24.37872683,22.8094985,23.87916974,24.65930901,23.26727949,23.6974533,22.99119662,23.9237369,23.30659647,23.71280793,23.99475653,0.539006524,0.139987256,0.058525716,0.323603206,0.387248814,0.691002195,0,0,0,0,0,0,,,,
Unknown 040,3,3,3,3,3,3,3,3,3,3,3,3,23.53650774,23.36443068,22.94971558,23.26476221,24.07679421,24.15226847,23.92477227,23.02348761,24.21215606,23.53717349,24.14081947,23.49519159,0.699381284,0.481189635,0.865334878,0.051761479,0.138353963,0.155540081,0,0,0,0,0,0,,,,
Unknown 041,3,3,3,3,3,3,3,3,3,3,3,3,28.91322697,28.47203805,28.04260171,28.56838873,29.0929961,29.25331066,28.97165864,28.32681483,29.18593831,28.5018912,29.24092915,28.75733907,0.18516958,0.11706244,0.624615153,0.057646732,0.044993645,0.14787522,0,0,0,0,1,0,,,,
Unknown 042,3,3,3,3,3,3,3,3,3,3,3,3,22.67678873,22.25787763,24.15787852,21.89672268,21.85083234,23.42638023,22.11751554,22.72197016,23.22313331,21.55818083,21.63930467,22.38855664,0.597526565,0.008082357,0.055527881,0.447615956,0.043932103,0.348106078,0,1,0,0,1,0,,,,
Unknown 043,3,3,3,3,3,3,3,3,3,3,3,3,24.28780263,22.14556393,21.8328249,20.34037695,20.79956061,21.81937887,21.03328588,20.09235891,21.77157333,18.98706438,18.90102931,22.69249673,0.09441634,0.236857943,0.415270656,0.451802071,0.032925812,0.005102259,0,0,0,0,1,-1,,,,
Unknown 044,3,3,3,3,3,3,3,3,3,3,3,3,22.23540199,22.67797149,21.30541873,21.65543305,21.15520606,22.61667664,22.94591298,20.03846138,20.41846075,19.48056542,21.587629,20.27566969,0.79564511,0.837666381,0.395707696,0.098221871,0.584039795,0.445135841,0,0,0,0,0,0,,,,
Unknown 045,3,3,3,3,3,3,3,3,3,3,3,3,25.76739816,27.42497268,27.72957452,27.45685591,24.00457125,27.39180992,23.76669517,27.66918076,25.60326008,27.75407382,27.80272235,27.6641739,0.282683988,0.858033344,0.034197689,0.016159842,0.166750887,0.927573765,0,0,-1,-1,0,0,,,,
Unknown 046,3,3,3,3,3,3,3,3,3,3,3,3,23.75254352,25.80262155,25.85878137,25.81774623,22.00441925,25.52735967,21.62265728,26.02649682,23.57532308,25.88908643,26.0182134,25.848185,0.225723218,0.980349493,0.043016432,0.013363869,0.17331895,0.91871979,0,0,-1,-1,0,0,,,,
Unknown 047,3,3,3,3,3,3,3,3,3,3,3,3,25.13610682,27.00833714,27.27270512,27.05832047,22.87736793,26.8555288,23.12221986,27.18412837,24.87524176,27.12832295,27.28678016,27.14656069,0.270774774,0.898369615,0.024766453,0.022169311,0.187540954,0.93341818,0,0,-1,-1,0,0,,,,
Unknown 048,3,3,3,3,3,3,3,3,3,3,3,3,23.68351622,24.45888181,26.03843754,25.8562828,21.67149396,24.90680011,22.72806152,25.96870088,26.3714949,26.23019438,26.1764581,26.02408942,0.608348916,0.903927485,0.040417299,0.040115975,0.925398359,0.919575083,0,0,-1,-1,0,0,,,,
Unknown 049,3,3,3,3,3,3,3,3,3,3,3,3,30.64422624,30.47551554,30.77514579,30.60643509,30.97008847,31.13879917,31.00928667,30.84057597,30.63436405,30.46565336,30.76081011,30.92952081,0.578472457,0.578472457,0.578472457,0.578472457,0.578472457,0.578472457,0,0,0,0,0,0,,,,
Unknown 050,3,3,3,3,3,3,3,3,3,3,3,3,27.55044627,27.36616453,27.68881487,27.48427489,27.51621586,27.64427476,27.68470606,27.41813433,27.45443494,27.51345276,27.54893045,27.30349096,0.473104944,0.426434865,0.617105367,0.302193431,0.817397387,0.341318154,0,0,0,0,0,0,,,,
Unknown 051,3,3,3,3,3,3,3,3,3,3,3,3,23.68842117,23.40743989,23.90168847,23.47992916,23.76214065,24.01326463,23.9955206,23.8388152,23.77605528,23.82028587,23.77326128,23.56017749,0.313753566,0.135550866,0.366917656,0.571399503,0.872681639,0.442828546,0,0,0,0,0,0,,,,
Unknown 052,3,3,3,3,3,3,3,3,3,3,3,3,28.17494496,28.24455642,28.05449158,28.12410303,28.31236045,28.24274899,28.19087333,28.26048478,28.13283362,28.20244507,28.17788961,28.10827815,0.870712033,0.870712033,0.870712033,0.870712033,0.870712033,0.870712033,0,0,0,0,0,0,,,,
Unknown 053,3,3,3,3,3,3,3,3,3,3,3,3,23.88968272,24.30677127,24.4105367,24.82762525,24.4082572,23.99116864,23.93974374,24.3568323,23.4644422,23.88153076,24.56206064,24.14497208,0.607609209,0.607609209,0.607609209,0.607609209,0.607609209,0.607609209,0,0,0,0,0,0,,,,
Unknown 054,3,3,3,3,3,3,3,3,3,3,3,3,25.64029748,25.89054442,25.26388134,25.51412828,25.40394198,25.15369504,24.91768927,25.16793621,24.85860857,25.10885551,24.77558506,24.52533812,0.60267862,0.60267862,0.60267862,0.60267862,0.60267862,0.60267862,0,0,0,0,0,0,,,,
Unknown 055,3,3,3,3,3,3,3,3,3,3,3,3,23.0468057,22.5887981,23.07274718,22.85556112,23.34667701,23.48106122,23.60993968,23.15444784,23.4405994,23.15845447,23.61221392,22.96804273,0.201345956,0.539170544,0.703283044,0.203748779,0.426285753,0.076998867,0,0,0,0,0,0,,,,
Unknown 056,3,3,3,3,3,3,3,3,3,3,3,3,23.15236085,23.48579497,23.80878118,24.14221531,23.7034398,23.37000568,23.11240707,23.4458412,22.96926061,23.30269473,23.91590075,23.58246663,0.609625706,0.609625706,0.609625706,0.609625706,0.609625706,0.609625706,0,0,0,0,0,0,,,,
Unknown 057,3,3,3,3,3,3,3,3,3,3,3,3,25.25279688,24.81701962,24.48087031,25.09667205,25.56577183,25.36213184,25.11323147,25.26055279,25.34914481,25.37438574,25.29007513,25.46279974,0.230007923,0.094584352,0.570271102,0.680830475,0.943718466,0.62985213,0,0,0,0,0,0,,,,
Unknown 058,3,3,3,3,3,3,3,3,3,3,3,3,26.26082889,25.83178094,25.32340162,24.89435367,26.04288447,26.47193243,25.77544424,25.34639629,26.31273802,25.88369007,25.25229668,25.68134463,0.581081951,0.581081951,0.581081951,0.581081951,0.581081951,0.581081951,0,0,0,0,0,0,,,,
Unknown 059,3,3,3,3,3,3,3,3,3,3,3,3,26.79446082,26.79006964,26.44824397,26.44385279,26.58318444,26.58757561,26.5938332,26.58944203,26.44061551,26.43622433,26.44393653,26.44832771,0.986766246,0.986766246,0.986766246,0.986766246,0.986766246,0.986766246,0,0,0,0,0,0,,,,
Unknown 060,3,3,3,3,3,3,3,3,3,3,3,3,31.01753199,30.98533145,30.64542904,30.61322849,30.7186796,30.75088014,30.60800566,30.57580511,30.72787565,30.6956751,30.61462894,30.64682949,0.880774021,0.880774021,0.880774021,0.880774021,0.880774021,0.880774021,0,0,0,0,0,0,,,,
Unknown 061,3,3,3,3,3,3,3,3,3,3,3,3,26.28468911,25.82352092,25.42593051,24.96476231,25.56779829,26.02896649,25.53921668,25.07804848,26.1218003,25.66063211,25.33773905,25.79890725,0.514425621,0.514425621,0.514425621,0.514425621,0.514425621,0.514425621,0,0,0,0,0,0,,,,
Unknown 062,3,3,3,3,3,3,3,3,3,3,3,3,22.9118067,23.08532452,21.62639269,22.43932129,21.78874784,23.07862102,22.16461757,22.53314263,22.34146182,22.23827711,22.27247062,22.15207321,0.642981805,0.037725411,0.001889573,0.328687691,0.782507824,0.7474466,0,-1,-1,0,0,0,,,,
Unknown 063,3,3,3,3,3,3,3,3,3,3,3,3,24.69292716,24.37395493,23.9736373,23.65466507,24.03759602,24.35656824,24.43311877,24.11414654,24.77841841,24.45944618,24.55231861,24.87129083,0.640041797,0.640041797,0.640041797,0.640041797,0.640041797,0.640041797,0,0,0,0,0,0,,,,
Unknown 064,3,3,3,3,3,3,3,3,3,3,3,3,21.0433303,20.89558336,18.55250758,20.46451649,20.5269854,22.73664711,20.6352541,19.33309517,24.00682578,20.77472657,22.95138189,21.25238204,0.951254825,0.43189008,0.364752,0.5911642,0.189184861,0.484328855,0,0,0,0,0,0,,,,
Unknown 065,3,3,3,3,3,3,3,3,3,3,3,3,25.15577314,24.78593451,25.03435309,24.49143286,24.15085641,25.43532822,25.37892504,23.39669268,25.3617893,25.17943039,25.42421142,25.11419658,0.667529075,0.52925065,0.143998233,0.028487975,0.832020634,0.718645527,0,0,0,1,0,0,,,,
Unknown 066,3,3,3,3,3,3,3,3,3,3,3,3,21.26805191,20.3541114,18.50533053,20.31150706,20.35960558,23.05314967,20.81969243,19.54049445,23.82130305,22.34180699,23.43298792,21.1499065,0.718145894,0.477411255,0.292463805,0.613895056,0.559899219,0.370661888,0,0,0,0,0,0,,,,
Unknown 067,3,3,3,3,3,3,3,3,3,3,3,3,26.54534231,24.77995338,25.72135116,26.3189423,26.7923724,26.84673642,26.84617357,26.07374225,26.7704604,26.15762706,26.69951858,26.44985996,0.011985583,0.36660694,0.933976868,0.245888075,0.354722889,0.704029149,1,0,0,0,0,0,,,,
Unknown 068,3,3,3,3,3,3,3,3,3,3,3,3,25.01761183,26.22152384,22.92221968,25.96523307,23.26562612,25.2340788,25.34088346,24.91339914,24.92355121,23.84454538,24.20573669,23.71705252,0.314220071,0.015766117,0.105781159,0.718303921,0.366060212,0.680196432,0,-1,0,0,0,0,,,,
Unknown 069,3,3,3,3,3,3,3,3,3,3,3,3,24.21208732,24.77594527,24.99732682,23.91560783,23.42762778,24.58991943,24.33204871,22.69812636,22.57670061,22.10074928,22.07590588,22.45840655,0.423779424,0.131579332,0.10643576,0.026855805,0.498730732,0.586032554,0,0,0,1,0,0,,,,
Unknown 070,3,3,3,3,3,3,3,3,3,3,3,3,27.218343,27.31660061,27.63786224,27.85702087,27.68618699,27.41806173,27.73868919,27.80294177,27.89752836,27.89463625,27.98154852,27.4441249,0.707315313,0.405096805,0.310144789,0.805888691,0.991169257,0.04855231,0,0,0,0,0,1,,,,
Unknown 071,3,3,3,3,3,3,3,3,3,3,3,3,22.67438877,22.30001193,23.93460248,22.78316104,21.2755245,22.00512049,23.48188328,24.00445507,22.03968739,23.92866769,23.79210293,23.01568196,0.75699479,0.345334112,0.54762315,0.666103935,0.127375632,0.522435669,0,0,0,0,0,0,,,,
Unknown 072,3,3,3,3,3,3,3,3,3,3,3,3,24.77825301,24.21561886,24.32416287,23.76152872,23.87641811,24.43905226,24.76414887,24.20151472,24.85490508,24.29227093,23.13274627,23.69538042,0.590407495,0.590407495,0.590407495,0.590407495,0.590407495,0.590407495,0,0,0,0,0,0,,,,
Unknown 073,3,3,3,3,3,3,3,3,3,3,3,3,26.43465799,24.76784668,24.56085969,25.95249685,26.69936234,25.6620371,25.88367261,25.88807791,26.73448524,26.1339021,26.66060653,26.22231082,0.085113104,0.146807967,0.274776643,0.996252119,0.523712782,0.641022403,0,0,0,0,0,0,,,,
Unknown 074,3,3,3,3,3,3,3,3,3,3,3,3,23.01389931,25.7374751,22.73335228,24.26148629,20.74519774,24.61438295,24.78208245,20.98338766,24.35743112,22.97880854,23.69316873,23.79427952,0.153789217,0.416731647,0.047159699,0.050998748,0.463195196,0.956847568,0,0,-1,0,0,0,,,,
Unknown 075,3,3,3,3,3,3,3,3,3,3,3,3,27.22683046,27.32224145,27.64308955,27.86272612,27.85044262,27.42591727,27.74412788,27.80867054,27.90283749,27.8990847,27.98568622,27.44882674,0.704894287,0.3863733,0.101044504,0.797637939,0.988096925,0.041272776,0,0,0,0,0,1,,,,
Unknown 076,3,3,3,3,3,3,3,3,3,3,3,3,17.64213774,17.21371448,18.13346325,19.46857549,16.14586111,17.76328385,17.79518773,20.04420079,15.26386262,16.73621597,15.32506622,18.14701502,0.834786384,0.517386823,0.433829454,0.279331685,0.475693993,0.17764382,0,0,0,0,0,0,,,,
Unknown 077,3,3,3,3,3,3,3,3,3,3,3,3,25.98076455,26.08951947,26.81411896,26.76113083,26.68981387,26.43543304,27.05693398,26.79359931,26.2010092,26.28286157,26.0524491,26.79228856,0.784471852,0.893928621,0.523820407,0.509444373,0.836859243,0.072086759,0,0,0,0,0,0,,,,
Unknown 078,3,3,3,3,3,3,3,3,3,3,3,3,26.34083918,25.67825138,25.80396307,25.14137527,25.10441707,25.76700487,25.28584612,24.62325832,24.93354582,24.27095802,23.96840309,24.63099089,0.607267295,0.607267295,0.607267295,0.607267295,0.607267295,0.607267295,0,0,0,0,0,0,,,,
Unknown 079,3,3,3,3,3,3,3,3,3,3,3,3,25.53228496,25.35391865,24.01935832,23.51045723,25.83290654,26.50651116,25.9906979,24.29623946,26.74097446,25.36305888,26.66051136,24.56779442,0.880763943,0.669200772,0.572275757,0.162715233,0.253017069,0.087950146,0,0,0,0,0,0,,,,
Unknown 080,3,3,3,3,3,3,3,3,3,3,3,3,21.24108548,19.35893392,21.25800326,18.50224538,20.04609182,23.84115573,18.84955485,20.16287275,16.44556833,17.50616268,17.58824938,17.58831797,0.221597342,0.078569069,0.01836872,0.38990619,0.486290541,0.999963884,0,0,-1,0,0,0,,,,
Unknown 081,3,3,3,3,3,3,3,3,3,3,3,3,19.22748271,17.4747042,22.53601414,20.78792841,19.83286633,17.21914563,19.50698772,20.34021291,18.40422592,18.87030008,16.56778539,20.38043639,0.465488248,0.466670295,0.279708292,0.727490551,0.845321978,0.119759681,0,0,0,0,0,0,,,,
Unknown 082,3,3,3,3,3,3,3,3,3,3,3,3,23.02671044,21.53881475,21.95121022,21.17632026,21.18919927,20.9039762,21.5921106,20.91805886,21.29805108,20.94836776,21.24109669,21.3539497,0.00531794,0.123547513,0.562353697,0.177764983,0.478311211,0.81815586,1,0,0,0,0,0,,,,
Unknown 083,3,3,3,3,3,3,3,3,3,3,3,3,20.05001567,19.34747173,22.9649688,22.26242486,18.42277638,19.12532031,20.94784299,20.24529905,19.04956277,18.34701883,17.88080035,18.58334429,0.772384389,0.772384389,0.772384389,0.772384389,0.772384389,0.772384389,0,0,0,0,0,0,,,,
Unknown 084,3,3,3,3,3,3,3,3,3,3,3,3,17.25205852,17.37676736,19.29698545,19.42169429,16.41872607,16.29401723,18.11507331,18.23978215,16.00446199,16.12917083,16.43271248,16.30800364,0.961592918,0.961592918,0.961592918,0.961592918,0.961592918,0.961592918,0,0,0,0,0,0,,,,
Unknown 085,3,3,3,3,3,3,3,3,3,3,3,3,19.27490735,17.90008179,21.17166752,21.65924619,18.92888466,18.02975316,18.20779041,21.5240629,16.39197592,19.13727715,16.21764945,19.94445625,0.664266704,0.877454672,0.776273632,0.299689088,0.388909454,0.245207549,0,0,0,0,0,0,,,,
Unknown 086,3,3,3,3,3,3,3,3,3,3,3,3,24.20961961,24.74032285,22.75123204,22.71100653,24.97847738,26.03841705,25.26056134,23.27435254,26.60950608,24.6603598,26.63185152,24.57679713,0.746089332,0.980397871,0.519202005,0.232129224,0.240699958,0.216823401,0,0,0,0,0,0,,,,
Unknown 087,3,3,3,3,3,3,3,3,3,3,3,3,20.76710639,22.41674871,22.22697121,22.52234571,19.06360469,22.88029168,19.0049457,22.77461513,22.08215845,23.44515604,24.76895596,23.86561562,0.323698445,0.858342122,0.028466664,0.030285777,0.413325273,0.586215049,0,0,-1,-1,0,0,,,,
Unknown 088,3,3,3,3,3,3,3,3,3,3,3,3,22.93779572,21.8860167,23.24398581,21.31207541,23.33512914,26.35096132,21.91647112,23.29778441,21.12066065,21.51577389,20.59873217,21.58581325,0.474775467,0.194797583,0.048165413,0.349768827,0.787353305,0.502095638,0,0,-1,0,0,0,,,,
Unknown 089,3,3,3,3,3,3,3,3,3,3,3,3,24.51161415,25.75846692,26.12890399,25.65045506,25.51631293,25.80160737,25.074624,24.82958504,25.91656137,26.02782441,26.20163469,24.93193119,0.03205486,0.391111807,0.607286898,0.658666967,0.840766025,0.029306516,-1,0,0,0,0,1,,,,
Unknown 090,3,3,3,3,3,3,3,3,3,3,3,3,18.36865928,17.28075381,22.05684953,21.60770349,18.2471065,17.78096582,19.84479704,19.73704175,16.34191364,18.31976514,15.89703595,19.39777001,0.655000331,0.853387321,0.847910479,0.964625149,0.418839276,0.158362003,0,0,0,0,0,0,,,,
Unknown 091,3,3,3,3,3,3,3,3,3,3,3,3,29.90126579,29.49329191,29.31904289,29.70141477,30.07565302,29.83634561,29.80641925,29.2423467,29.77429499,29.1954304,29.6770105,29.60849419,0.184538711,0.212615609,0.430771875,0.071041665,0.064412341,0.820467,0,0,0,0,0,0,,,,
Unknown 092,3,3,3,3,3,3,3,3,3,3,3,3,19.46762435,19.93891547,22.18168783,22.36968077,18.70957376,19.74171657,20.35294964,20.75083432,17.34262489,19.70984803,16.06360584,20.30878529,0.814348042,0.925336816,0.607860393,0.842826727,0.244718356,0.042854987,0,0,0,0,0,-1,,,,
Unknown 093,3,3,3,3,3,3,3,3,3,3,3,3,18.91111481,18.83008513,21.85199573,21.38726903,18.62705749,18.85132858,17.59494751,21.28940615,16.98412027,19.32995275,15.09627407,20.19718799,0.968646057,0.82173393,0.913377643,0.082689145,0.261529429,0.019639692,0,0,0,0,0,-1,,,,
Unknown 094,3,3,3,3,3,3,3,3,3,3,3,3,22.97230497,22.79745973,22.7026961,22.93585009,23.44750923,23.50706261,23.10562175,22.76241127,23.5107107,22.93706687,23.14153955,23.12565987,0.566898997,0.446332081,0.844892082,0.265637579,0.068832839,0.958380261,0,0,0,0,0,0,,,,
Unknown 095,3,3,3,3,3,3,3,3,3,3,3,3,20.01580564,22.35144931,22.89069476,22.3053376,19.99652314,21.605177,20.74807069,22.09529749,21.49167045,21.73822527,18.43873447,21.78217133,0.140755609,0.705994654,0.304559026,0.38830295,0.873595891,0.039250023,0,0,0,0,0,-1,,,,
Unknown 096,3,3,3,3,3,3,3,3,3,3,3,3,25.08123759,26.13136028,26.47939103,26.52453875,26.01336485,26.5053123,26.90759722,26.64014871,26.08696728,26.03126609,25.66671875,26.24942868,0.096233857,0.941282039,0.42530079,0.663205968,0.9275928,0.346282849,0,0,0,0,0,0,,,,
Unknown 097,3,3,3,3,3,3,3,3,3,3,3,3,19.89953172,21.67189738,22.5174958,22.3304324,20.92445962,20.33915554,21.01884793,21.89626822,20.15554954,21.26068616,17.47320115,22.07732699,0.304996929,0.912829954,0.732246152,0.60857691,0.519595742,0.011866308,0,0,0,0,0,-1,,,,
Unknown 098,3,3,3,3,3,3,3,3,3,3,3,3,21.52781927,22.16496814,22.72216642,22.1494623,20.53586252,21.79758088,19.91308582,21.87680157,19.10319572,20.83041455,17.00384041,22.58729756,0.719770936,0.747027083,0.47916588,0.274287458,0.334892117,0.004019623,0,0,0,0,0,-1,,,,
Unknown 099,3,3,3,3,3,3,3,3,3,3,3,3,23.4040209,23.9444553,20.73492155,22.83109409,21.7103134,23.48173329,21.95504815,21.96144415,22.41393757,24.16386088,21.34244516,23.40254797,0.592615404,0.04609751,0.088158846,0.994932244,0.091853258,0.049663197,0,-1,0,0,0,-1,,,,
Unknown 100,3,3,3,3,3,3,3,3,3,3,3,3,20.15744028,21.65409653,22.49621468,22.12549056,20.13844514,21.83183893,19.8390485,22.1424429,20.24239955,20.16000039,17.45934209,20.62705096,0.464987013,0.855621536,0.409139009,0.264420364,0.967730531,0.129151186,0,0,0,0,0,0,,,,
Unknown 101,3,3,3,3,3,3,3,3,3,3,3,3,20.04026203,18.67240348,21.75918103,21.4491988,20.98838573,20.97727612,18.95926554,20.67627242,20.54231793,19.36613497,17.70107232,20.70743293,0.446693046,0.862296596,0.99503847,0.3411733,0.512241078,0.101986219,0,0,0,0,0,0,,,,
Unknown 102,3,3,3,3,3,3,3,3,3,3,3,3,15.00833672,16.88791963,19.95062919,15.47438279,15.2523383,15.12451602,19.25505735,21.25229155,15.1100339,16.58117744,15.01403664,17.60723921,0.364593784,0.037602524,0.95040708,0.335884385,0.47645633,0.214494523,0,1,0,0,0,0,,,,
Unknown 103,3,3,3,3,3,3,3,3,3,3,3,3,22.39079168,22.76801421,22.31857305,23.5711524,22.27758221,22.96079286,21.90935504,22.36647128,22.23317003,23.17567672,21.73784817,22.57253634,0.717192075,0.235427107,0.513133824,0.660919455,0.368906121,0.425337894,0,0,0,0,0,0,,,,
Unknown 104,3,3,3,3,3,3,3,3,3,3,3,3,20.87490429,20.43040564,22.10536841,21.71270989,20.89163632,20.98477652,19.59361474,21.63297104,20.74743486,21.57509174,18.34706428,21.05321012,0.652160659,0.690350155,0.924594805,0.046975446,0.40376014,0.010425043,0,0,0,-1,0,-1,,,,
Unknown 105,3,3,3,3,3,3,3,3,3,3,3,3,22.00973229,22.44367755,21.33343971,22.29183505,22.51764518,22.97624079,21.57664483,21.47562358,21.90685296,23.05620442,21.39119715,23.25968648,0.596033573,0.247008492,0.575457492,0.901507519,0.167606932,0.029586842,0,0,0,0,0,-1,,,,
Unknown 106,3,3,3,3,3,3,3,3,3,3,3,3,23.86449378,23.04710639,23.36012106,22.54273367,22.78748386,23.60487125,22.80337807,21.98599068,22.77054785,21.95316046,22.99087031,23.8082577,0.241945279,0.241945279,0.241945279,0.241945279,0.241945279,0.241945279,0,0,0,0,0,0,,,,
Unknown 107,3,3,3,3,3,3,3,3,3,3,3,3,20.60547956,18.84009671,20.2447199,18.47933705,21.17280109,22.93818394,21.78800786,20.022625,23.4550786,21.68969575,21.567876,23.33325886,0.392340162,0.392340162,0.392340162,0.392340162,0.392340162,0.392340162,0,0,0,0,0,0,,,,
Unknown 108,3,3,3,3,3,3,3,3,3,3,3,3,21.0963442,21.26792011,21.94685688,21.62669976,21.79737945,21.63534097,21.77625778,21.82997528,20.96284697,21.38165398,18.51088965,21.17307779,0.841190545,0.708780659,0.849903542,0.949960168,0.625502185,0.004409019,0,0,0,0,0,-1,,,,
Unknown 109,3,3,3,3,3,3,3,3,3,3,3,3,24.53950027,24.81486939,25.1354432,24.37389081,24.93367083,25.04507612,25.6961039,24.56130215,25.30122988,24.99091559,26.0501187,25.66848389,0.680131381,0.259776835,0.867332274,0.098320013,0.642376394,0.568377108,0,0,0,0,0,0,,,,
Unknown 110,3,3,3,3,3,3,3,3,3,3,3,3,19.78213508,20.59991237,17.81713328,18.63491057,19.62076641,18.80298913,18.18725096,19.00502825,19.41746034,20.23523763,21.53264657,20.71486928,0.665112753,0.665112753,0.665112753,0.665112753,0.665112753,0.665112753,0,0,0,0,0,0,,,,
Unknown 111,3,3,3,3,3,3,3,3,3,3,3,3,25.06148661,24.58635537,24.59753864,22.63149663,25.30954158,22.9757746,24.53370499,24.58842962,25.34063399,24.78962987,24.74107193,24.99302264,0.720676463,0.147419937,0.088239067,0.967106518,0.678538011,0.849475657,0,0,0,0,0,0,,,,
Unknown 112,3,3,3,3,3,3,3,3,3,3,3,3,24.30335815,22.06414279,21.63950944,19.40029408,19.15013554,21.3893509,20.86652736,18.627312,21.25131357,19.01209821,19.12490232,21.36411768,0.154111271,0.154111271,0.154111271,0.154111271,0.154111271,0.154111271,0,0,0,0,0,0,,,,
Unknown 113,3,3,3,3,3,3,3,3,3,3,3,3,22.05351726,21.37869742,21.96999112,21.9087818,21.97749136,21.51751865,21.75382743,21.79774921,21.79660372,22.29518216,21.95586619,21.52109095,0.050174647,0.85319304,0.172645127,0.894346658,0.140674014,0.196462585,0,0,0,0,0,0,,,,
Unknown 114,3,3,3,3,3,3,3,3,3,3,3,3,18.85172796,20.68874655,20.35631736,20.1083721,21.56125472,19.53074522,20.03723763,18.93860013,19.80153017,19.67812638,20.27047739,20.63682197,0.252733416,0.875642003,0.207520418,0.490124221,0.937904243,0.817194013,0,0,0,0,0,0,,,,
Unknown 115,3,3,3,3,3,3,3,3,3,3,3,3,20.79958733,20.80939473,21.96199972,21.29717706,21.4708204,21.26048994,22.04454546,22.00936064,21.49655675,17.02366321,19.02939705,21.57732197,0.99405686,0.61456022,0.873115595,0.978681001,0.002175257,0.062276056,0,0,0,0,1,0,,,,
Unknown 116,3,3,3,3,3,3,3,3,3,3,3,3,23.74162149,23.65247715,23.25243365,24.33769348,23.38053461,23.42644178,23.27521283,23.69072438,21.74668393,22.37779942,20.88288461,22.39042702,0.925841834,0.263453989,0.96176726,0.664997884,0.511811565,0.124768283,0,0,0,0,0,0,,,,
Unknown 117,3,3,3,3,3,3,3,3,3,3,3,3,19.06170306,18.92688166,18.19768289,17.99967677,21.89353905,17.6315307,19.43954575,19.25900953,17.9240054,20.0021996,18.42491289,18.62645974,0.900329208,0.854086372,0.000525043,0.866826196,0.062810472,0.851509129,0,0,1,0,0,0,,,,
Unknown 118,3,3,3,3,3,3,3,3,3,3,3,3,21.48856151,20.86448103,21.92489569,21.69603401,21.72429784,21.7184945,21.33159275,21.80208964,21.52928443,21.82246903,21.28791685,21.25027257,0.133658606,0.574450826,0.98860174,0.253351057,0.472882509,0.926173114,0,0,0,0,0,0,,,,
Unknown 119,3,3,3,3,3,3,3,3,3,3,3,3,25.33119837,24.97906558,24.6492918,25.47544549,25.73798565,24.88369435,25.27964241,25.32611075,24.57125377,24.76713064,24.59914779,24.53734379,0.240834933,0.009441882,0.007538897,0.875227232,0.509882659,0.834603214,0,-1,1,0,0,0,,,,
Unknown 120,3,3,3,3,3,3,3,3,3,3,3,3,23.85123299,21.66552805,22.60410273,20.20821621,20.01393953,21.58660955,21.04869604,21.01738045,20.10589519,19.65095161,19.52300969,21.27643572,0.035108949,0.022049296,0.121141375,0.974737967,0.646219592,0.085807167,1,1,0,0,0,0,,,,
Unknown 121,3,3,3,3,3,3,3,3,3,3,3,3,23.0293072,21.83400356,22.0385315,20.34641703,20.33017633,20.71507192,20.8026073,19.32118503,19.80434102,18.88035091,18.90333043,18.369744,0.21287054,0.082574872,0.683935418,0.12581325,0.332405747,0.573122649,0,0,0,0,0,0,,,,
Unknown 122,3,3,3,3,3,3,3,3,3,3,3,3,23.37358908,23.0542605,22.30861986,22.82935767,23.47762767,23.47902947,23.57384769,22.79820069,23.09061225,22.41650294,22.91544005,22.8285919,0.317744191,0.109138576,0.996463223,0.020620884,0.041500019,0.783770808,0,0,0,1,1,0,,,,
Unknown 123,3,3,3,3,3,3,3,3,3,3,3,3,23.85231924,22.84297602,21.61206057,22.9724936,23.7902994,23.51528331,22.00542617,22.05143766,23.15391403,22.14391497,22.87065081,22.39808663,0.169986582,0.068579731,0.703279733,0.94911259,0.169720055,0.514044863,0,0,0,0,0,0,,,,
Unknown 124,3,3,3,3,3,3,3,3,3,3,3,3,23.56039254,23.6955527,23.49585594,21.3588423,24.50264914,23.7584205,23.88599229,23.8540632,23.36634698,23.64701276,23.74402641,23.22128621,0.902803113,0.06277873,0.503273809,0.976981711,0.79991505,0.637445066,0,0,0,0,0,0,,,,
Unknown 125,3,3,3,3,3,3,3,3,3,3,3,3,24.23137397,23.68615745,24.15880905,24.04383344,24.46624285,24.08882486,24.22924495,24.18556599,24.04741756,24.13157757,24.04758586,23.78336967,0.042314803,0.655141262,0.150668258,0.865024708,0.743481486,0.309019342,1,0,0,0,0,0,,,,
Unknown 126,3,3,3,3,3,3,3,3,3,3,3,3,23.63203873,22.29590736,22.44629347,22.3581892,23.88684619,22.95430022,24.56703178,21.51675351,21.93382238,20.91377165,21.60415981,20.18681296,0.067825456,0.90069798,0.194471825,0.000208277,0.15724813,0.053723899,0,0,0,1,0,0,,,,
Unknown 127,3,3,3,3,3,3,3,3,3,3,3,3,19.99041827,18.92100629,18.95767537,17.0468264,20.9206468,20.75387103,21.85541328,20.00677648,22.94481784,19.7492709,22.78160305,21.3902155,0.556782707,0.297531064,0.926722587,0.313186435,0.087607871,0.445684329,0,0,0,0,0,0,,,,
Unknown 128,3,3,3,3,3,3,3,3,3,3,3,3,23.06674605,22.34993996,22.02645169,22.63670887,23.32537867,23.16014542,23.07487914,22.17434223,22.96408296,22.13576231,23.04442752,22.69373023,0.080217008,0.133004413,0.677453055,0.030788113,0.045394019,0.380363088,0,0,0,1,1,0,,,,
Unknown 129,3,3,3,3,3,3,3,3,3,3,3,3,20.8961107,22.24789674,22.52889509,21.27503758,22.95587139,20.70112755,21.87567559,20.54804822,20.946465,21.025538,21.57536103,20.61585773,0.361961282,0.397205543,0.134197281,0.370456765,0.957096324,0.515754897,0,0,0,0,0,0,,,,
Unknown 130,3,3,3,3,3,3,3,3,3,3,3,3,25.23789508,28.25332725,27.75194994,26.21649997,25.43032533,27.94494626,25.55758957,25.89414411,28.20990165,26.34891041,26.36878162,23.7721337,0.126805775,0.428494731,0.199610946,0.861354141,0.338721377,0.185832453,0,0,0,0,0,0,,,,
Unknown 131,3,3,3,3,3,3,3,3,3,3,3,3,23.83844667,23.47621348,23.15274507,22.83816437,23.86244419,23.75431836,23.83009614,23.37324626,25.0734114,23.44415723,25.10835008,23.66893806,0.75162311,0.783365894,0.924659586,0.689951228,0.162789575,0.215491966,0,0,0,0,0,0,,,,
Unknown 132,3,3,3,3,3,3,3,3,3,3,3,3,22.68988722,23.57752925,23.65144398,24.53908602,23.92014504,23.03250301,23.08850395,23.97614598,22.21755426,23.1051963,23.76826604,22.880624,0.580059058,0.580059058,0.580059058,0.580059058,0.580059058,0.580059058,0,0,0,0,0,0,,,,
Unknown 133,3,3,3,3,3,3,3,3,3,3,3,3,24.15100681,23.45945899,22.37045103,22.12348699,23.85457398,23.22671663,24.09358339,22.537654,23.22242516,22.28515482,23.48146593,22.01119121,0.361149663,0.742429009,0.406340322,0.046944908,0.219168268,0.059368833,0,0,0,1,0,0,,,,
Unknown 134,3,3,3,3,3,3,3,3,3,3,3,3,19.33655536,17.14227493,17.41821259,21.6451418,20.70729031,19.61149154,17.50366832,18.70526659,17.9324723,18.12907001,22.02993521,17.99632094,0.254626756,0.034013325,0.565432642,0.528797181,0.917586871,0.042243105,0,-1,0,0,0,1,,,,
Unknown 135,3,3,3,3,3,3,3,3,3,3,3,3,21.03650178,20.56535644,19.32191346,18.85076812,20.19452894,20.66567428,19.81228277,19.34113743,19.89400099,19.42285565,18.57061291,19.04175824,0.752866197,0.752866197,0.752866197,0.752866197,0.752866197,0.752866197,0,0,0,0,0,0,,,,
Unknown 136,3,3,3,3,3,3,3,3,3,3,3,3,18.17492115,19.65166238,18.98353792,19.07020918,18.36610558,20.83270665,19.29331673,19.47940933,21.02518821,19.6075559,21.25880867,19.94219633,0.113645168,0.924029852,0.011341997,0.83782646,0.128069134,0.156200379,0,0,-1,0,0,0,,,,
Unknown 137,3,3,3,3,3,3,3,3,3,3,3,3,23.36850238,22.17433836,20.80553532,21.17712425,22.44422469,21.91611486,22.19882693,20.83367939,21.03445661,19.95837136,20.37551848,20.47641152,0.076722986,0.570281149,0.421418873,0.045055592,0.108569677,0.877126928,0,0,0,1,0,0,,,,
Unknown 138,3,3,3,3,3,3,3,3,3,3,3,3,19.12386921,20.00403776,20.50873092,21.38889946,20.65403904,19.7738705,19.72579012,20.60595866,19.31906249,20.19923103,21.06920837,20.18903983,0.58416415,0.58416415,0.58416415,0.58416415,0.58416415,0.58416415,0,0,0,0,0,0,,,,
Unknown 139,3,3,3,3,3,3,3,3,3,3,3,3,26.90855381,26.5254213,25.70803771,25.86369676,26.46522177,26.16854329,26.61418977,25.56158446,25.40953963,24.91214394,24.79213198,25.13414174,0.548291807,0.806705866,0.64152441,0.107323391,0.436958361,0.591749964,0,0,0,0,0,0,,,,
Unknown 140,3,3,3,3,3,3,3,3,3,3,3,3,22.85902197,22.1891672,22.09837298,21.42851821,20.59391724,21.26377201,20.88557171,20.21571694,20.23485412,19.56499934,19.77897698,20.44883175,0.278493933,0.278493933,0.278493933,0.278493933,0.278493933,0.278493933,0,0,0,0,0,0,,,,
Unknown 141,3,3,3,3,3,3,3,3,3,3,3,3,25.4087978,25.03502942,24.92806209,24.55429371,24.60511807,24.97888646,24.73811082,24.36434243,24.73694966,24.36318128,24.3910491,24.76481748,0.270139314,0.270139314,0.270139314,0.270139314,0.270139314,0.270139314,0,0,0,0,0,0,,,,
Unknown 142,3,3,3,3,3,3,3,3,3,3,3,3,21.64909907,22.25233891,21.27057798,20.50452051,21.46795065,21.62748621,22.7719222,20.98778535,21.86446048,21.13169931,22.18483981,21.57188017,0.444821514,0.333700694,0.838948282,0.030601559,0.354737062,0.43761122,0,0,0,1,0,0,,,,
Unknown 143,3,3,3,3,3,3,3,3,3,3,3,3,23.87906988,23.44799029,23.47489327,23.59881285,25.03925547,23.97656437,24.32024504,24.06793798,23.80019334,23.96965163,23.75064023,23.59987861,0.304935361,0.765741079,0.016271247,0.545270995,0.683926908,0.717108781,0,0,1,0,0,0,,,,
Unknown 144,3,3,3,3,3,3,3,3,3,3,3,3,22.40940541,21.95599334,21.14005968,22.0555155,23.09329279,22.00189721,22.41089969,21.88873546,21.69999274,21.59733967,22.12289067,21.32410402,0.312810298,0.048209033,0.020468346,0.246706455,0.817411489,0.081825505,0,-1,1,0,0,0,,,,
Unknown 145,3,3,3,3,3,3,3,3,3,3,3,3,20.96076862,21.44731035,22.30021397,22.57731648,21.76520097,22.13705254,21.88240009,22.96035518,22.50129601,22.53733224,22.01540529,22.14251543,0.381102657,0.615963443,0.501801513,0.059652804,0.947855513,0.817652653,0,0,0,0,0,0,,,,
Unknown 146,3,3,3,3,3,3,3,3,3,3,3,3,18.99419796,17.83918922,16.1028555,16.70728595,21.01115991,17.37672279,19.55385439,16.19109654,16.08641707,15.91528449,15.86496879,16.02068914,0.509915485,0.729342349,0.045949311,0.063253178,0.921870638,0.928886152,0,0,1,0,0,0,,,,
Unknown 147,3,3,3,3,3,3,3,3,3,3,3,3,21.99956167,22.01364123,21.93200225,21.94608182,21.25743791,21.24335834,21.78705629,21.80113586,21.77120405,21.78528362,21.87887311,21.86479354,0.985426706,0.985426706,0.985426706,0.985426706,0.985426706,0.985426706,0,0,0,0,0,0,,,,
Unknown 148,3,3,3,3,3,3,3,3,3,3,3,3,24.87077462,23.12224609,20.7267933,21.22113436,25.05178597,22.77896912,24.74938958,20.81899333,20.54851394,18.97602669,19.38711251,19.8679395,0.399664772,0.810511555,0.276066156,0.065839164,0.448147575,0.815591213,0,0,0,0,0,0,,,,
Unknown 149,3,3,3,3,3,3,3,3,3,3,3,3,27.44122575,27.08414875,25.4429459,25.36120271,26.83844398,26.81463765,27.23945509,25.07698665,26.20806167,25.0972973,25.66262543,25.60386466,0.687234773,0.926446112,0.978549044,0.021102221,0.217069111,0.947087497,0,0,0,1,0,0,,,,
Unknown 150,3,3,3,3,3,3,3,3,3,3,3,3,23.54597285,23.64400253,23.1503392,22.51386958,21.61109727,23.71632023,23.01428829,23.11266909,22.33975732,22.71941283,22.23974117,23.17319424,0.9082555,0.456921563,0.019607718,0.907928442,0.656008796,0.278433325,0,0,-1,0,0,0,,,,
Unknown 151,3,3,3,3,3,3,3,3,3,3,3,3,19.50901394,17.74294472,16.24192476,16.30799245,21.83346644,17.4086827,20.09242012,16.19502,16.16307523,16.07166348,16.04810926,16.20939652,0.362349436,0.972576048,0.028757862,0.051523548,0.962063279,0.933120957,0,0,1,0,0,0,,,,
Unknown 152,3,3,3,3,3,3,3,3,3,3,3,3,22.63778078,23.94628217,23.71879844,23.42870803,21.00950825,24.58539278,20.30559889,23.2651033,21.87385902,23.61555635,23.94491741,24.69355171,0.401233908,0.851327352,0.028210487,0.065138193,0.266558685,0.629328257,0,0,-1,0,0,0,,,,
Unknown 153,3,3,3,3,3,3,3,3,3,3,3,3,19.56836202,20.29650717,17.87661336,18.6704568,21.08110294,20.03541836,21.98766513,18.69036439,18.8835144,17.67901584,18.35605152,18.27742567,0.586158897,0.553059702,0.43583527,0.019700707,0.370396799,0.952976813,0,0,0,1,0,0,,,,
Unknown 154,3,3,3,3,3,3,3,3,3,3,3,3,22.60900301,22.36948461,23.52793674,22.83582426,20.07733851,23.74433406,21.63335539,22.85787395,24.19121713,23.61206487,23.86889665,24.73819384,0.877360316,0.656255439,0.025167306,0.433043478,0.70938681,0.576598521,0,0,-1,0,0,0,,,,
Unknown 155,3,3,3,3,3,3,3,3,3,3,3,3,26.37979362,26.19098464,24.77493441,26.06902499,27.38949023,25.60327581,26.23548808,25.21262444,24.70958927,24.72454737,24.78960378,24.46507908,0.80174944,0.094651929,0.024411893,0.181713137,0.984119213,0.666467698,0,0,1,0,0,0,,,,
Unknown 156,3,3,3,3,3,3,3,3,3,3,3,3,22.57035219,22.66320672,19.71365102,21.17349194,23.95380398,21.53639778,22.53893823,20.30821778,20.272772,19.86673145,20.18620306,19.6979966,0.937510146,0.224946586,0.050134871,0.069062387,0.732029098,0.680710679,0,0,0,0,0,0,,,,
Unknown 157,3,3,3,3,3,3,3,3,3,3,3,3,20.73883148,21.37075274,18.55037003,20.18626115,22.13393733,20.8348104,21.26833122,19.54736139,18.70951688,18.63389975,18.25990043,18.46235537,0.586590307,0.166481415,0.268331363,0.146361927,0.947957512,0.861308836,0,0,0,0,0,0,,,,
Unknown 158,3,3,3,3,3,3,3,3,3,3,3,3,20.48949088,20.59861841,17.70766169,19.01315347,21.84233598,19.43992477,20.50101515,17.69826805,16.93995601,17.30054177,18.13433259,16.8850055,0.943615635,0.401006159,0.128717742,0.078840356,0.815314784,0.421283672,0,0,0,0,0,0,,,,
Unknown 159,3,3,3,3,3,3,3,3,3,3,3,3,25.19829451,24.69480575,23.88928389,24.48221375,26.17298757,24.3261807,24.91287929,23.78997978,22.6969131,23.4023363,23.07369781,22.71418042,0.588870739,0.524954267,0.055864014,0.23365543,0.450244696,0.699118033,0,0,0,0,0,0,,,,
Unknown 160,3,3,3,3,3,3,3,3,3,3,3,3,25.20130283,24.84082619,23.99061087,24.81439702,26.33314583,25.02482366,25.49974079,24.72528085,24.33630846,24.4374713,23.92609031,24.01965013,0.588951517,0.22275739,0.058350964,0.250850298,0.879126426,0.888144711,0,0,0,0,0,0,,,,
Unknown 161,3,3,3,3,3,3,3,3,3,3,3,3,19.74992756,19.45391258,16.60282722,19.04549008,21.28326355,18.28291287,18.99112204,17.24331862,16.57123357,16.47941817,16.3094418,16.17340465,0.830823348,0.087360305,0.038543895,0.214416918,0.947142341,0.921756918,0,0,1,0,0,0,,,,
Unknown 162,3,3,3,3,3,3,3,3,3,3,3,3,25.95989472,26.20807081,24.4666152,26.36688198,26.58441604,25.72216684,26.2781263,25.23265994,25.37116287,24.81707845,25.52076905,24.5977488,0.747598803,0.01998115,0.269225003,0.182955688,0.474382355,0.23778843,0,-1,0,0,0,0,,,,
Unknown 163,3,3,3,3,3,3,3,3,3,3,3,3,18.21762843,17.39796166,15.84546213,16.19644295,21.09212579,16.86499473,19.23582443,15.94732351,15.62862026,15.72199932,15.66176951,15.98332339,0.64409935,0.842901803,0.023828636,0.072714604,0.957933199,0.855912993,0,0,1,0,0,0,,,,
Unknown 164,3,3,3,3,3,3,3,3,3,3,3,3,22.32259043,22.93364271,20.06509219,21.59962394,23.41823855,22.02262851,22.88548783,21.31483738,21.5153706,20.30296676,21.48023448,19.36622582,0.587908103,0.180511752,0.221755602,0.170844848,0.286631008,0.069485957,0,0,0,0,0,0,,,,
Unknown 165,3,3,3,3,3,3,3,3,3,3,3,3,23.97049719,22.03672615,22.19214561,22.47033099,21.93607026,22.60427352,21.42324031,22.30751376,22.57147925,22.46726513,22.40432972,22.57514772,0.015360492,0.710634811,0.376126126,0.244375822,0.889323533,0.81963108,1,0,0,0,0,0,,,,
Unknown 166,3,3,3,3,3,3,3,3,3,3,3,3,18.56318571,20.55162543,17.61180282,20.22343306,20.94475439,18.08184089,19.55056038,18.86582058,19.89802455,18.49175112,18.4843883,17.27929127,0.281006188,0.160400538,0.125389322,0.707436949,0.443015788,0.510246208,0,0,0,0,0,0,,,,
Unknown 167,3,3,3,3,3,3,3,3,3,3,3,3,25.22180221,25.4625023,23.49581981,24.21607784,25.02744708,24.61855013,25.08087706,23.87469928,24.05288813,23.20282681,23.60321195,22.97463831,0.724549433,0.296632108,0.55040701,0.086628649,0.220076789,0.361078848,0,0,0,0,0,0,,,,
Unknown 168,3,3,3,3,3,3,3,3,3,3,3,3,25.33118456,25.13039043,24.27494644,25.05256418,25.79278967,24.73419076,25.31338846,24.7657696,24.66853929,24.39632905,24.60279084,23.93154713,0.660104656,0.097483522,0.027476758,0.236405882,0.551734343,0.149626247,0,0,1,0,0,0,,,,
Unknown 169,3,3,3,3,3,3,3,3,3,3,3,3,21.94238695,22.42572959,23.81217404,24.00836847,19.72920354,22.93017269,21.68938384,23.78187799,24.21520247,24.08134028,24.13675176,23.75421392,0.760693785,0.901529038,0.052485718,0.194834495,0.932716529,0.809448179,0,0,0,0,0,0,,,,
Unknown 170,3,3,3,3,3,3,3,3,3,3,3,3,22.51603246,22.5768545,22.0142588,22.43865527,23.36964083,22.06549703,22.42762303,22.82192993,22.33766886,22.33932654,21.88720533,21.64173821,0.918138344,0.47561421,0.035578245,0.507149697,0.997764724,0.678807464,0,0,1,0,0,0,,,,
Unknown 171,3,3,3,3,3,3,3,3,3,3,3,3,26.02050452,25.6508802,25.27212831,24.97107466,25.53990606,25.55493309,25.92487803,24.62941285,24.8872946,24.0191468,23.90704891,24.137891,0.564685385,0.638631645,0.981255122,0.051786688,0.182875129,0.718520791,0,0,0,0,0,0,,,,
Unknown 172,3,3,3,3,3,3,3,3,3,3,3,3,23.20504241,24.02380024,20.51390493,23.34743501,24.41698817,22.98547465,23.53957988,22.05546011,21.07757086,19.84455236,19.39511922,18.57900762,0.551619651,0.047415708,0.301598964,0.28458286,0.372207225,0.55289672,0,-1,0,0,0,0,,,,
Unknown 173,3,3,3,3,3,3,3,3,3,3,3,3,23.9722245,24.88906337,21.47605538,24.74159817,25.39816972,23.58551457,24.32861837,24.09524091,22.44538024,21.46640621,21.95332478,20.33566752,0.462998538,0.013812928,0.153316297,0.851020045,0.433606166,0.200614302,0,-1,0,0,0,0,,,,
Unknown 174,3,3,3,3,3,3,3,3,3,3,3,3,24.41516475,24.619036,22.88061649,24.26719914,24.93033077,24.02612034,24.77018108,23.96634148,23.9433674,23.49652143,24.10475441,22.55039161,0.745518882,0.035137727,0.158308155,0.207804292,0.478715905,0.019515883,0,-1,0,0,0,1,,,,
Unknown 175,3,3,3,3,3,3,3,3,3,3,3,3,27.81278555,27.70936686,26.31193102,27.43383619,28.16309237,27.67827502,27.87264167,26.85140094,26.89139982,26.05328062,26.16256582,25.50179163,0.881548277,0.115360924,0.486980231,0.1499916,0.234132121,0.345522895,0,0,0,0,0,0,,,,
Unknown 176,3,3,3,3,3,3,3,3,3,3,3,3,18.15480065,18.08390096,15.67674857,15.72151403,20.69557061,17.15581376,19.47132406,15.68369717,15.67842184,15.7201569,15.71349738,15.7249023,0.970546883,0.981400853,0.07478693,0.057731387,0.982659703,0.995261056,0,0,0,0,0,0,,,,
Unknown 177,3,3,3,3,3,3,3,3,3,3,3,3,18.72951094,18.93896692,16.08292261,16.92421461,21.59420842,18.10760743,20.28430252,16.70000143,16.23314949,16.2364708,16.09481489,16.12703431,0.921064915,0.691083053,0.108527082,0.099484239,0.998746161,0.987837226,0,0,0,0,0,0,,,,
Unknown 178,3,3,3,3,3,3,3,3,3,3,3,3,21.46343805,22.61829432,21.05480826,21.79255772,19.97526018,21.98308881,20.91749349,22.29298724,21.5901037,21.62879869,21.93744369,20.02941908,0.171659663,0.377008084,0.021973407,0.106285145,0.9627361,0.028670901,0,0,-1,0,0,1,,,,
Unknown 179,3,3,3,3,3,3,3,3,3,3,3,3,24.73334136,24.71170243,23.3597154,24.65162393,25.30394493,24.38276671,24.78723573,24.37876901,23.99182583,23.74978871,23.93537809,22.81744426,0.969789059,0.031457999,0.116335168,0.477029047,0.672425275,0.059622249,0,-1,0,0,0,0,,,,
Unknown 180,3,3,3,3,3,3,3,3,3,3,3,3,20.18652556,20.6651734,15.63112344,18.78290582,23.44663831,19.42497565,21.10470482,18.41226639,17.16550011,16.45611146,16.36811241,15.43981351,0.839998965,0.19154024,0.0992598,0.262258405,0.764888604,0.695728438,0,0,0,0,0,0,,,,
Unknown 181,3,3,3,3,3,3,3,3,3,3,3,3,20.72873673,22.2262499,18.33304779,20.22343306,21.03377525,20.82514853,21.66271495,19.80498156,19.89802455,18.49175112,18.4843883,18.11905873,0.347755819,0.238450378,0.894970225,0.246423429,0.377394738,0.817244655,0,0,0,0,0,0,,,,
Unknown 182,3,3,3,3,3,3,3,3,3,3,3,3,18.17469639,16.55908598,15.41584772,15.41259026,20.08604753,16.22538433,18.1519839,15.41866216,15.36935155,15.47600549,15.42756099,15.45186063,0.412912284,0.998673394,0.057963432,0.171446707,0.956587775,0.990104193,0,0,0,0,0,0,,,,
Unknown 183,3,3,3,3,3,3,3,3,3,3,3,3,23.93163639,23.22325699,23.18221202,22.47383262,21.61048775,22.31886714,22.37020177,21.66182237,21.20157239,20.493193,19.90590539,20.61428479,0.506865813,0.506865813,0.506865813,0.506865813,0.506865813,0.506865813,0,0,0,0,0,0,,,,
Unknown 184,3,3,3,3,3,3,3,3,3,3,3,3,20.24748356,22.11695697,18.005268,20.35782394,20.66574282,20.65686813,21.38290885,19.35920158,19.62539091,18.30641865,17.55313511,17.78848831,0.233742124,0.137323935,0.995421117,0.198523133,0.397304696,0.879065733,0,0,0,0,0,0,,,,
Unknown 185,3,3,3,3,3,3,3,3,3,3,3,3,24.39249171,23.83382871,22.49622895,23.4670818,24.521997,24.1154681,24.07121587,23.22064731,23.22192525,22.37242698,22.42883984,22.27072073,0.461354401,0.20561768,0.590942034,0.265619731,0.266206156,0.83398525,0,0,0,0,0,0,,,,
Unknown 186,3,3,3,3,3,3,3,3,3,3,3,3,22.10597159,22.54112147,21.62903327,22.06418315,22.82042202,22.38527214,22.10291434,22.53806422,21.97197207,22.40712195,21.73636138,21.30121151,0.462870509,0.462870509,0.462870509,0.462870509,0.462870509,0.462870509,0,0,0,0,0,0,,,,
Unknown 187,3,3,3,3,3,3,3,3,3,3,3,3,17.95982504,16.59329146,15.27946527,15.24256986,20.35210513,16.17678454,18.30704114,15.2205935,15.23050593,15.3288346,15.29738731,15.34352376,0.499433693,0.985380988,0.046875151,0.13450174,0.961053531,0.981720043,0,0,1,0,0,0,,,,
Unknown 188,3,3,3,3,3,3,3,3,3,3,3,3,25.75007878,25.3320221,24.83120195,24.7246219,25.45439946,25.4526293,25.81750224,24.44560786,24.86539329,23.94120272,23.87839452,24.18956653,0.487831623,0.858946584,0.997644166,0.029656188,0.132399085,0.604765317,0,0,0,1,0,0,,,,
Unknown 189,3,3,3,3,3,3,3,3,3,3,3,3,25.00051807,24.30987143,24.30152827,24.56904261,24.75906784,24.69051961,24.57717257,24.43251085,24.32775704,24.28418448,24.2739829,24.73275663,0.002538005,0.204159813,0.740925074,0.487065933,0.833426881,0.034723466,1,0,0,0,0,-1,,,,
Unknown 190,3,3,3,3,3,3,3,3,3,3,3,3,24.04773354,24.8867513,22.2155868,23.05460456,23.05343316,22.2144154,21.23063351,22.06965128,20.1662402,21.00525796,20.15288624,19.31386848,0.435929034,0.435929034,0.435929034,0.435929034,0.435929034,0.435929034,0,0,0,0,0,0,,,,
Unknown 191,3,3,3,3,3,3,3,3,3,3,3,3,25.72905016,25.35773319,24.55479516,24.44997152,25.24336809,25.3894636,25.69133329,24.06353778,24.70646172,23.59383497,23.76726416,23.71111671,0.594463788,0.880206056,0.833669112,0.026432757,0.118993581,0.935649768,0,0,0,1,0,0,,,,
Unknown 192,3,3,3,3,3,3,3,3,3,3,3,3,26.13627405,26.23356845,24.12820275,25.52750531,27.02616257,25.84694305,26.37208585,25.2817049,24.91980716,24.00850162,24.03156189,23.1551442,0.913171595,0.12609446,0.194219624,0.228803237,0.312299815,0.330798942,0,0,0,0,0,0,,,,
Unknown 193,3,3,3,3,3,3,3,3,3,3,3,3,24.14457639,24.76592768,22.08678584,23.86377436,25.32297109,24.36060356,24.58818802,23.24329997,23.34618674,21.9856188,21.91663355,21.21915064,0.533936383,0.083655934,0.338084687,0.184603568,0.179722825,0.485501392,0,0,0,0,0,0,,,,
Unknown 194,3,3,3,3,3,3,3,3,3,3,3,3,23.04292493,23.05417274,21.69272661,22.36765354,23.19874873,22.47965618,22.91955178,21.63827933,21.45608725,21.00798471,20.67745593,20.46558616,0.988716582,0.399658161,0.370015218,0.116617135,0.574436729,0.790093346,0,0,0,0,0,0,,,,
Unknown 195,3,3,3,3,3,3,3,3,3,3,3,3,22.43825931,22.40503528,20.06333424,21.81978265,22.53586443,21.83241395,22.17275795,21.06684367,21.00943958,20.0480121,20.26457696,19.91676589,0.96787268,0.04170309,0.397373342,0.188121964,0.250451041,0.673859511,0,-1,0,0,0,0,,,,
Unknown 196,3,3,3,3,3,3,3,3,3,3,3,3,22.85728557,23.67489174,20.18974499,22.56832743,24.1700513,23.39770535,23.52815809,22.76220567,22.04703865,19.91676284,19.99613473,18.60781986,0.522166993,0.070950362,0.545271462,0.548578267,0.103525249,0.28100297,0,0,0,0,0,0,,,,
Unknown 197,3,3,3,3,3,3,3,3,3,3,3,3,20.73282597,22.22322721,17.64131369,20.61124252,22.11123135,21.69104265,21.32953666,20.37776352,19.48268235,17.54566085,17.51410647,16.41399378,0.31723394,0.052994079,0.77583915,0.520412176,0.196824985,0.458210049,0,0,0,0,0,0,,,,
Unknown 198,3,3,3,3,3,3,3,3,3,3,3,3,23.53086853,24.01147763,22.07364143,23.63965362,23.87752953,23.13703368,23.81945088,23.44912462,23.27375107,21.94614442,21.89012118,21.79856956,0.482113532,0.028759415,0.282204085,0.587292105,0.060202601,0.892947336,0,-1,0,0,0,0,,,,
Unknown 199,3,3,3,3,3,3,3,3,3,3,3,3,22.25021793,22.34953992,21.6031686,22.59710594,23.42532078,22.28549628,22.77284495,22.42171881,22.0814782,22.03873504,21.99999726,21.11715779,0.840764947,0.053308015,0.028490066,0.479674451,0.931073841,0.08358375,0,0,1,0,0,0,,,,
Unknown 200,3,3,3,3,3,3,3,3,3,3,3,3,23.45763787,23.8695821,22.87323062,23.93347194,24.25125501,23.31287026,23.59257526,23.60646287,23.08410022,23.24395758,22.99045634,22.54161448,0.328287413,0.016867359,0.032255396,0.973441428,0.701992996,0.28771586,0,-1,1,0,0,0,,,,
Unknown 201,3,3,3,3,3,3,3,3,3,3,3,3,23.74811391,23.74167343,23.17606408,23.98194284,24.87807044,23.72323783,24.03974317,23.81096995,23.49338185,23.53479486,23.53318653,22.76108287,0.98815107,0.072625243,0.012773535,0.598903076,0.923930114,0.084604111,0,0,1,0,0,0,,,,
Unknown 202,3,3,3,3,3,3,3,3,3,3,3,3,23.20835565,23.02712512,21.46977213,21.65342363,22.97651489,22.11284252,22.47418109,21.14760982,21.42827449,20.82685407,20.87070471,21.39890584,0.786583188,0.783807007,0.204331652,0.056465638,0.372592346,0.432702379,0,0,0,0,0,0,,,,
Unknown 203,3,3,3,3,3,3,3,3,3,3,3,3,19.08225816,22.69321823,18.57427002,20.99246268,19.22326206,21.54683571,19.59148439,20.42878306,20.4745217,18.84358302,18.59601853,18.71699843,0.016893186,0.098395859,0.111514161,0.557164263,0.257574544,0.932160133,-1,0,0,0,0,0,,,,
Unknown 204,3,3,3,3,3,3,3,3,3,3,3,3,20.2239957,20.27285777,17.49104143,19.37257483,21.4535386,19.33139922,20.77847213,18.51716299,18.73282457,17.73993247,18.20180601,16.6492764,0.969924648,0.155347161,0.111017487,0.090604419,0.446393742,0.237867852,0,0,0,0,0,0,,,,
Unknown 205,3,3,3,3,3,3,3,3,3,3,3,3,22.98678268,21.64649864,21.96060197,22.03930601,23.39525814,23.72087193,23.43085252,21.42778639,22.73999044,21.61451277,22.00827541,23.06103696,0.081669336,0.915898982,0.66279117,0.012053977,0.14005803,0.166320223,0,0,0,1,0,0,,,,
Unknown 206,3,3,3,3,3,3,3,3,3,3,3,3,20.56458601,20.50457645,18.11769124,19.559947,22.00572583,20.29557445,20.07646046,19.3044369,19.86402686,18.39645657,18.64284694,18.72183213,0.950706742,0.146304617,0.087702236,0.429479774,0.139656262,0.935151881,0,0,0,0,0,0,,,,
Unknown 207,3,3,3,3,3,3,3,3,3,3,3,3,21.00810457,20.32394464,18.82184425,19.673066,22.64109445,20.36447592,20.43648606,19.41561393,18.99584205,18.33924015,18.13270379,18.33605142,0.541247626,0.448166303,0.05015759,0.364277769,0.557538595,0.855396151,0,0,0,0,0,0,,,,
Unknown 208,3,3,3,3,3,3,3,3,3,3,3,3,24.48861323,24.53644022,23.71131962,24.60157425,25.09750114,24.31444324,24.86483102,24.37177176,24.12454109,23.91258538,24.15577584,23.17470522,0.935793935,0.14275681,0.195099406,0.409618927,0.721427721,0.107936384,0,0,0,0,0,0,,,,
Unknown 209,3,3,3,3,3,3,3,3,3,3,3,3,25.49753667,25.0195477,24.05126899,24.25633152,25.3096569,25.30380276,25.60073788,23.90613448,24.63381489,23.43418987,23.61542532,23.79866855,0.503407132,0.773207766,0.993430079,0.02405585,0.101102833,0.7967436,0,0,0,1,0,0,,,,
Unknown 210,3,3,3,3,3,3,3,3,3,3,3,3,26.75349995,27.15730044,25.68141972,26.93488188,27.08523905,27.19514631,26.74640901,26.82973196,26.28577893,25.77065578,25.39637416,25.63848192,0.415383233,0.016700633,0.823434027,0.865641168,0.300904728,0.623761911,0,-1,0,0,0,0,,,,
Unknown 211,3,3,3,3,3,3,3,3,3,3,3,3,22.42857414,22.91934853,21.44441397,22.75587702,22.44797393,23.00090663,22.54868047,22.62453623,22.09233594,21.57041133,21.16269639,21.50397128,0.311373348,0.010805627,0.255415705,0.874343008,0.282332302,0.47900513,0,-1,0,0,0,0,,,,
Unknown 212,3,3,3,3,3,3,3,3,3,3,3,3,17.61201743,16.40256785,14.77639179,14.74564295,20.5328199,16.05449727,18.9289195,14.71596912,14.95877494,14.80829847,14.78065211,14.83596086,0.571407865,0.98848029,0.044093896,0.057062893,0.943673431,0.979280903,0,0,1,0,0,0,,,,
Unknown 213,3,3,3,3,3,3,3,3,3,3,3,3,20.06949708,20.46982961,21.41238866,21.12074151,17.93885181,20.86884768,20.05430587,21.22864128,22.14040935,21.78091703,22.02525768,22.47242639,0.795152131,0.849932734,0.066629012,0.448749229,0.815627489,0.771854913,0,0,0,0,0,0,,,,
Unknown 214,3,3,3,3,3,3,3,3,3,3,3,3,16.73984898,15.4304229,14.65870076,14.60919291,19.18182968,15.50761042,17.19057677,14.59596197,14.61170086,14.69006949,14.66386686,14.70135103,0.434042549,0.976250361,0.035170391,0.127991373,0.962414313,0.982017093,0,0,1,0,0,0,,,,
Unknown 215,3,3,3,3,3,3,3,3,3,3,3,3,23.14276451,23.94344867,19.09095419,23.11571187,24.89358741,23.33238012,23.126275,22.35356129,21.46053333,19.5003944,19.51868243,18.16738261,0.61387444,0.016816015,0.328815504,0.626247676,0.222818787,0.39680843,0,-1,0,0,0,0,,,,
Unknown 216,3,3,3,3,3,3,3,3,3,3,3,3,20.33568082,22.36646893,21.39046387,21.11211595,18.11261392,21.88682415,17.92374242,21.8161363,20.20524415,21.86300994,21.93298669,22.39025231,0.214349966,0.862686397,0.026142962,0.02221717,0.308163162,0.776428889,0,0,-1,-1,0,0,,,,
Unknown 217,3,3,3,3,3,3,3,3,3,3,3,3,26.37116294,26.58292459,23.9994209,25.71224444,27.22789376,26.2253005,26.58869098,25.38263385,25.3967628,24.12921386,24.43614532,23.37635421,0.822697498,0.079332045,0.294128294,0.209259796,0.187713014,0.268090968,0,0,0,0,0,0,,,,
Unknown 218,3,3,3,3,3,3,3,3,3,3,3,3,20.47611174,22.1780202,16.82381453,20.66857335,22.68198138,21.21893562,20.86648738,19.64305797,18.52456435,17.15617412,16.68906731,15.64256032,0.334536825,0.035752624,0.405580186,0.485797993,0.436217534,0.55048567,0,-1,0,0,0,0,,,,
Unknown 219,3,3,3,3,3,3,3,3,3,3,3,3,22.82082018,23.11342883,21.985265,22.91071955,23.82530815,22.895195,23.16130063,22.73915528,22.88487421,22.45462673,22.55617043,21.75614235,0.611016485,0.116164959,0.114431895,0.464391602,0.455960988,0.171643999,0,0,0,0,0,0,,,,
Unknown 220,3,3,3,3,3,3,3,3,3,3,3,3,21.27731726,21.44080342,20.22160652,21.49824308,22.55277238,21.40758268,21.70771825,21.22380432,21.06326772,20.84657454,20.923887,20.05516855,0.787918872,0.04414309,0.068752309,0.428595045,0.721571813,0.161239973,0,-1,0,0,0,0,,,,
Unknown 221,3,3,3,3,3,3,3,3,3,3,3,3,22.51532687,22.7719078,19.53642641,22.38405571,24.43068103,22.16158621,22.43957913,21.76152044,20.7083029,20.56665249,21.07973673,20.20254968,0.807699409,0.011639436,0.039596107,0.521641125,0.893062933,0.408459089,0,-1,1,0,0,0,,,,
Unknown 222,3,3,3,3,3,3,3,3,3,3,3,3,22.81051494,22.03904398,19.75122303,21.01559627,22.3303307,21.58390912,22.02746319,21.20499634,21.54386633,21.31943751,23.26309189,21.51741215,0.466101596,0.236622805,0.48054673,0.437499654,0.831231284,0.106739482,0,0,0,0,0,0,,,,
Unknown 223,3,3,3,3,3,3,3,3,3,3,3,3,16.97887057,21.03302436,15.82872997,19.6416166,18.66088107,19.43109669,18.56289981,18.71566419,18.16124463,16.62922129,16.22849959,16.06609677,0.013189971,0.018903707,0.61572041,0.920497152,0.32185701,0.915500437,-1,-1,0,0,0,0,,,,
Unknown 224,3,3,3,3,3,3,3,3,3,3,3,3,22.36148259,22.45056161,21.74777636,21.83685538,22.47110138,22.38202236,21.92408459,22.01316361,21.25497897,21.34405799,20.91223019,20.82315117,0.872430177,0.872430177,0.872430177,0.872430177,0.872430177,0.872430177,0,0,0,0,0,0,,,,
Unknown 225,3,3,3,3,3,3,3,3,3,3,3,3,21.31531831,21.72558756,20.07916324,20.84583018,21.77753653,21.22496551,21.33651485,20.44221816,20.52440561,20.33151933,20.30871091,20.68738419,0.370603656,0.101088273,0.231007669,0.058222348,0.671758621,0.407998427,0,0,0,0,0,0,,,,
Unknown 226,3,3,3,3,3,3,3,3,3,3,3,3,23.52435447,23.51796782,22.15594445,23.28359923,24.21298557,23.35754982,23.68479754,23.020037,22.90118919,22.6779512,23.0047616,21.84576085,0.992493208,0.10620596,0.215079254,0.332268736,0.742542974,0.097337032,0,0,0,0,0,0,,,,
Unknown 227,3,3,3,3,3,3,3,3,3,3,3,3,21.27308376,21.37111598,19.76389249,20.81832505,22.14940046,21.4759638,20.98773676,20.52220809,19.88696917,19.39132738,18.98190082,19.60415058,0.901859722,0.192652328,0.400406479,0.559516786,0.534593234,0.436672005,0,0,0,0,0,0,,,,
Unknown 228,3,3,3,3,3,3,3,3,3,3,3,3,24.42918511,24.06529209,22.26407838,24.27946071,25.1363284,23.71561086,24.57815831,23.91101829,22.32688538,21.84221463,21.90279288,21.5704355,0.749428513,0.086183044,0.219289201,0.559171919,0.670803005,0.770465494,0,0,0,0,0,0,,,,
Unknown 229,3,3,3,3,3,3,3,3,3,3,3,3,21.60199245,21.82958133,20.24462894,21.97162867,22.6552148,21.26247484,21.91007131,21.56536122,20.37640216,20.59865763,20.643494,20.15896696,0.783316478,0.045443416,0.101703935,0.677345047,0.788264295,0.559343477,0,-1,0,0,0,0,,,,
Unknown 230,3,3,3,3,3,3,3,3,3,3,3,3,22.86277728,23.31421889,21.48872509,23.06204065,23.6259766,23.12570199,22.89009617,22.57386879,21.99101401,21.74515169,21.46959659,21.33729965,0.462207816,0.015562258,0.41582132,0.605500059,0.687665125,0.828527252,0,-1,0,0,0,0,,,,
Unknown 231,3,3,3,3,3,3,3,3,3,3,3,3,25.32195554,25.3302139,22.91256375,25.05654194,26.03713245,24.77799053,24.83388691,24.35872186,23.97048633,23.38411685,23.11869063,22.52356731,0.991107472,0.007432425,0.098838678,0.52314297,0.431762581,0.425009731,0,-1,0,0,0,0,,,,
Unknown 232,3,3,3,3,3,3,3,3,3,3,3,3,24.13803641,24.09506405,22.39276374,24.4778684,25.49587189,23.83464156,23.00244186,24.51547756,22.55904719,23.44149972,22.31987587,22.48614986,0.967182895,0.054991064,0.12110175,0.156232282,0.401701335,0.873550018,0,0,0,0,0,0,,,,
Unknown 233,3,3,3,3,3,3,3,3,3,3,3,3,23.75821346,23.69442765,22.16015936,23.13704691,24.10857694,23.63154027,23.42179754,22.80415485,22.4134227,22.21199008,21.73332202,22.01175807,0.912832128,0.103154832,0.416190499,0.294730329,0.729869863,0.633538709,0,0,0,0,0,0,,,,
Unknown 234,3,3,3,3,3,3,3,3,3,3,3,3,21.30803592,21.95253814,20.1790888,22.42275906,21.80081327,21.11819943,20.29252017,21.09181464,18.57114511,19.94208314,18.41129984,18.9397447,0.600377081,0.076942014,0.579140734,0.516554372,0.269949118,0.667243429,0,0,0,0,0,0,,,,
Unknown 235,3,3,3,3,3,3,3,3,3,3,3,3,22.26261638,22.28846892,20.58312068,22.56338848,23.40833714,22.29744595,21.27542936,22.51059133,20.79433153,20.92963329,19.93484371,20.65281389,0.980853075,0.075541394,0.307766157,0.258004381,0.900062,0.507072204,0,0,0,0,0,0,,,,
Unknown 236,3,3,3,3,3,3,3,3,3,3,3,3,22.15174545,22.62116336,24.56256783,24.53110558,19.09969343,23.44283175,21.76261414,24.31344216,24.34075209,24.58784773,24.56593575,24.1858258,0.815258182,0.987498419,0.038832888,0.211508985,0.90207475,0.849909712,0,0,-1,0,0,0,,,,
Unknown 237,3,3,3,3,3,3,3,3,3,3,3,3,22.35920014,24.13956641,24.16740475,24.73557794,19.19595639,24.18665583,19.68855739,24.51564029,22.63743709,24.35068306,24.21342527,23.82633181,0.332018287,0.754761913,0.010513414,0.012962837,0.350218348,0.831380265,0,0,-1,-1,0,0,,,,
Unknown 238,3,3,3,3,3,3,3,3,3,3,3,3,26.54734177,26.44649733,26.25342062,26.15257618,26.34934879,26.45019322,26.08169786,25.98085343,25.62819734,25.5273529,25.11576769,25.21661212,0.881531062,0.881531062,0.881531062,0.881531062,0.881531062,0.881531062,0,0,0,0,0,0,,,,
Unknown 239,3,3,3,3,3,3,3,3,3,3,3,3,24.14450575,23.81960546,22.29187166,24.01881011,24.44734043,23.28127468,23.2365278,23.18331829,22.1657004,22.62587527,22.22657364,21.89044955,0.623646642,0.014271584,0.087063206,0.93579114,0.488170153,0.611769646,0,-1,0,0,0,0,,,,
Unknown 240,3,3,3,3,3,3,3,3,3,3,3,3,23.54303048,22.59975278,22.73963633,22.46920829,22.74434352,22.84273503,22.53615023,22.55721319,22.80986278,22.84314721,22.54686987,22.91959633,0.010170831,0.431694205,0.773564863,0.950846646,0.922404355,0.281263865,1,0,0,0,0,0,,,,
Unknown 241,3,3,3,3,3,3,3,3,3,3,3,3,22.18213483,21.86138739,20.63637178,22.08103002,22.43878349,21.50068516,21.39033757,21.34594756,20.46741726,20.73655231,20.5521162,20.64507769,0.57165109,0.016318831,0.106464189,0.937398101,0.634729352,0.869382373,0,-1,0,0,0,0,,,,
Unknown 242,3,3,3,3,3,3,3,3,3,3,3,3,19.03348292,18.55727132,20.27409571,16.93284005,17.92003044,19.69250163,19.58768806,19.54418534,22.06502001,20.6823371,22.1630067,21.22466461,0.761893507,0.041821445,0.265262231,0.977896764,0.382393899,0.551596884,0,1,0,0,0,0,,,,
Unknown 243,3,3,3,3,3,3,3,3,3,3,3,3,24.86274056,24.84201441,23.44873457,24.50054105,25.43129172,24.3624534,24.32593037,24.20519862,23.3252553,23.12864562,22.95739132,23.03817721,0.978656283,0.182781341,0.176054638,0.876188222,0.799792917,0.916956524,0,0,0,0,0,0,,,,
Unknown 244,3,3,3,3,3,3,3,3,3,3,3,3,27.54058588,27.33026698,27.26580549,27.1612921,26.93006884,27.38326586,27.4548005,27.2643441,27.50532048,27.63827154,27.98605536,27.22736256,0.674119066,0.834249841,0.368109945,0.703264357,0.790150574,0.137703671,0,0,0,0,0,0,,,,
Unknown 245,3,3,3,3,3,3,3,3,3,3,3,3,20.83393054,20.22516642,22.81518651,21.4040652,18.16958251,21.44978496,20.95038406,22.28365659,23.36991665,22.89928165,23.18598088,22.48134445,0.707545546,0.387571757,0.051900218,0.413900118,0.771658982,0.664276085,0,0,0,0,0,0,,,,
Unknown 246,3,3,3,3,3,3,3,3,3,3,3,3,23.05864272,21.69474644,20.12162808,22.41129804,23.3228309,22.06023621,22.11499876,20.98198986,20.83453558,19.88720202,20.61111354,20.48107767,0.182382313,0.03010434,0.215835431,0.265232527,0.349693214,0.896927047,0,-1,0,0,0,0,,,,
Unknown 247,3,3,3,3,3,3,3,3,3,3,3,3,23.96011997,23.92364922,19.84985572,22.94879895,25.11694866,21.1716848,21.92282531,22.49134287,20.92983633,21.70766448,22.08031629,19.92147324,0.979754378,0.039389555,0.010548083,0.692893613,0.589501782,0.142106431,0,-1,1,0,0,0,,,,
Unknown 248,3,3,3,3,3,3,3,3,3,3,3,3,21.01991032,20.49684305,22.46963484,19.19425155,19.41320898,21.57279398,21.21721502,21.29076963,23.01755921,22.15593047,22.64942539,22.09429346,0.737855834,0.044514353,0.17490851,0.962417524,0.582172601,0.722471158,0,1,0,0,0,0,,,,
Unknown 249,3,3,3,3,3,3,3,3,3,3,3,3,21.65352114,21.08749883,20.03990463,21.6610009,21.93286122,20.49877062,20.81418882,20.8174114,20.60355497,20.40036019,21.08185137,20.01668271,0.376203443,0.016343354,0.031483816,0.995946564,0.74898376,0.102674454,0,-1,1,0,0,0,,,,
Unknown 250,3,3,3,3,3,3,3,3,3,3,3,3,23.11547334,23.69774881,23.14173047,22.6060436,23.29455847,23.90719302,23.98418259,23.55943775,24.1554737,23.51306293,23.89831979,23.09215413,0.389618469,0.4281151,0.365775665,0.52878885,0.343351166,0.236905265,0,0,0,0,0,0,,,,
Unknown 251,3,3,3,3,3,3,3,3,3,3,3,3,21.6401553,22.20363991,21.53620137,21.14173506,21.96473648,22.46835301,22.58178121,22.01260586,22.58968203,21.83161588,22.1867366,21.46769612,0.406470484,0.559701553,0.457477653,0.4018166,0.266862372,0.291646002,0,0,0,0,0,0,,,,
Unknown 252,3,3,3,3,3,3,3,3,3,3,3,3,22.4974074,23.04857322,23.15049196,21.77759216,22.49896141,23.52751697,23.60780164,23.24248404,24.22258099,23.42578191,24.10010878,23.12954505,0.552688936,0.146650682,0.272216938,0.693317316,0.392610364,0.299504678,0,0,0,0,0,0,,,,
Unknown 253,3,3,3,3,3,3,3,3,3,3,3,3,19.92283654,20.04886193,20.36983161,18.83686721,20.06728709,20.67595679,21.12976901,20.36273692,21.47978669,20.41916617,21.20987653,20.45997867,0.891666488,0.107046494,0.51251219,0.410423158,0.258082166,0.420811355,0,0,0,0,0,0,,,,
Unknown 254,3,3,3,3,3,3,3,3,3,3,3,3,20.22504038,21.4429479,20.94556162,19.9723748,21.1950404,21.6704181,21.70375357,21.26729781,22.05223002,21.00014341,21.1974824,20.85860009,0.095697362,0.178551515,0.504924047,0.540126754,0.147132504,0.633779111,0,0,0,0,0,0,,,,
Unknown 255,3,3,3,3,3,3,3,3,3,3,3,3,22.68104971,22.34660932,21.08671308,22.80458203,24.43235253,21.57329949,22.22468221,21.95283112,20.8820194,21.64997632,21.77498499,20.27303157,0.715865115,0.070633094,0.00434775,0.767221049,0.406047005,0.111129966,0,0,1,0,0,0,,,,
Unknown 256,3,3,3,3,3,3,3,3,3,3,3,3,21.01952472,22.38068102,24.52776252,23.6432025,18.49121943,23.49383351,21.75836528,23.96685166,24.928992,24.1539501,24.26145627,24.76264881,0.508038925,0.66625648,0.021028562,0.286438038,0.705381827,0.806690812,0,0,-1,0,0,0,,,,
Unknown 257,3,3,3,3,3,3,3,3,3,3,3,3,21.1120617,23.7784922,24.02494395,23.74805515,19.3185583,24.07453557,19.29313423,24.01093597,23.23042309,23.76537522,23.70763131,24.33510413,0.131350841,0.872495031,0.010250559,0.010795353,0.756684358,0.716391302,0,0,-1,-1,0,0,,,,
Unknown 258,3,3,3,3,3,3,3,3,3,3,3,3,25.66360925,26.60533458,25.83937039,25.8903073,26.26762214,26.58895856,26.11425444,26.08545671,26.58421468,25.73410076,25.73895832,26.25852578,0.106020273,0.928370101,0.571911979,0.959463814,0.142542291,0.363342045,0,0,0,0,0,0,,,,
Unknown 259,3,3,3,3,3,3,3,3,3,3,3,3,21.14016246,22.85310506,23.70134406,23.43183698,19.01257249,23.40954885,19.05242009,23.56129597,22.735484,23.58579718,23.62980795,23.95976726,0.296846698,0.868158072,0.011476582,0.009767592,0.601408944,0.838975925,0,0,-1,-1,0,0,,,,
Unknown 260,3,3,3,3,3,3,3,3,3,3,3,3,24.0446423,25.34724726,24.41104082,24.42112264,24.82254903,25.41979587,24.61674209,24.74572253,25.23283925,24.18864735,24.24145213,24.81918718,0.107659142,0.989786435,0.450981574,0.869948717,0.192885154,0.465736149,0,0,0,0,0,0,,,,
Unknown 261,3,3,3,3,3,3,3,3,3,3,3,3,19.05903791,20.30179164,22.19858229,21.39431094,17.09200334,21.46565882,20.12930572,21.72293482,22.72687366,21.71520972,21.74631391,22.51708703,0.474582216,0.642497016,0.017315632,0.36083679,0.559797922,0.656349751,0,0,-1,0,0,0,,,,
Unknown 262,3,3,3,3,3,3,3,3,3,3,3,3,25.06941552,26.01644203,24.80309495,25.25754014,26.11496802,25.90136212,25.58364662,25.27898067,25.57575319,24.64939949,24.5402974,25.07804698,0.157166787,0.490189841,0.744722661,0.642738241,0.166046874,0.415151627,0,0,0,0,0,0,,,,
Unknown 263,3,3,3,3,3,3,3,3,3,3,3,3,22.91351079,23.86201108,23.14920904,23.17291482,23.53913727,23.85379344,23.39422844,23.3737525,23.9108583,23.01687084,23.0245876,23.50661806,0.100439671,0.966292869,0.576118385,0.970883025,0.120398084,0.393838408,0,0,0,0,0,0,,,,
Unknown 264,3,3,3,3,3,3,3,3,3,3,3,3,20.15897521,23.25333841,20.45640459,22.36394568,21.26308276,22.05122008,21.49243497,20.66448109,19.03246058,17.77992503,16.47723142,19.91044184,0.112468491,0.319917244,0.678478751,0.663271773,0.511189775,0.080006161,0,0,0,0,0,0,,,,
Unknown 265,3,3,3,3,3,3,3,3,3,3,3,3,21.31900989,24.04840822,22.88412717,22.83227682,23.2457611,24.25978451,22.98845097,23.338162,23.90375266,22.26314343,22.68235948,23.3795505,0.053388146,0.969530394,0.457685716,0.796832033,0.233842124,0.608518497,0,0,0,0,0,0,,,,
Unknown 266,3,3,3,3,3,3,3,3,3,3,3,3,21.48517385,20.67833193,20.9628123,21.66948576,21.29000824,21.73159452,21.91377138,21.43023374,21.00580472,20.88961473,21.46246278,20.60517841,0.14085711,0.194784194,0.412794696,0.370499906,0.828267739,0.118712115,0,0,0,0,0,0,,,,
Unknown 267,3,3,3,3,3,3,3,3,3,3,3,3,21.35426402,22.68135259,21.76492307,21.68686147,22.92114499,22.75839587,22.49930432,22.16165179,22.72142109,21.4813095,21.88555373,22.30938853,0.18975545,0.937386553,0.869934217,0.734312677,0.219395479,0.670309872,0,0,0,0,0,0,,,,
Unknown 268,3,3,3,3,3,3,3,3,3,3,3,3,18.81260847,21.79202494,21.79934171,21.53719506,17.48163367,22.11491762,17.57345793,21.91801494,21.16916934,21.3601442,21.50133833,22.09681055,0.0729256,0.870304753,0.007556365,0.011540249,0.905307349,0.711054541,0,0,-1,-1,0,0,,,,
Unknown 269,3,3,3,3,3,3,3,3,3,3,3,3,20.11728504,22.46012659,21.2828023,21.2061046,22.3781914,22.62909267,21.92698479,21.80598687,22.42355024,20.88647434,21.30807237,21.87866814,0.10827495,0.956900023,0.85971145,0.932058031,0.284619001,0.688133378,0,0,0,0,0,0,,,,
Unknown 270,3,3,3,3,3,3,3,3,3,3,3,3,19.86541972,22.46032209,20.73933691,21.32244915,22.15509609,22.3749899,21.54368553,21.50200916,21.75381898,20.27872158,18.74745232,21.12472637,0.091252235,0.696066438,0.882725727,0.977690366,0.327214901,0.120069089,0,0,0,0,0,0,,,,
Unknown 271,3,3,3,3,3,3,3,3,3,3,3,3,23.12720208,23.51636511,22.91405502,22.86330936,23.98456714,23.58271821,23.63026341,23.06381443,23.77705554,22.69116201,22.8638031,23.35799636,0.572348813,0.941116473,0.559980512,0.412937941,0.123284759,0.474298684,0,0,0,0,0,0,,,,
Unknown 272,3,3,3,3,3,3,3,3,3,3,3,3,21.94665306,22.51971777,21.56332089,22.32327299,23.42532593,21.93913823,22.2033587,21.97155657,21.16362733,21.81792296,21.86835813,20.84894986,0.470790201,0.340866485,0.069459546,0.769470015,0.41104333,0.2047639,0,0,0,0,0,0,,,,
Unknown 273,3,3,3,3,3,3,3,3,3,3,3,3,18.94061421,20.58037651,19.06507454,19.40102099,21.02433643,20.5099126,20.19699128,19.60188751,20.27929014,18.50633383,17.52184073,19.61334984,0.220085537,0.79863046,0.696318037,0.651800746,0.186024085,0.121344018,0,0,0,0,0,0,,,,
Unknown 274,3,3,3,3,3,3,3,3,3,3,3,3,24.4388321,25.22761594,24.28890984,24.67678235,25.37663902,25.12549556,24.90040413,24.6287741,24.84319448,24.14603947,23.97649363,24.54643809,0.139238048,0.45932587,0.630709368,0.603253255,0.189060486,0.280076274,0,0,0,0,0,0,,,,
Unknown 275,3,3,3,3,3,3,3,3,3,3,3,3,22.14619234,22.47702957,25.22723298,24.15426922,19.42873732,23.56795827,23.10430106,24.53971921,25.12474352,24.92420022,25.06063946,25.06651603,0.873813036,0.607413601,0.05598668,0.492827986,0.923293233,0.997748552,0,0,0,0,0,0,,,,
Unknown 276,3,3,3,3,3,3,3,3,3,3,3,3,24.2934454,25.31596307,27.98567934,26.97581871,20.66838792,26.41632378,25.35275303,27.35138343,27.94595109,27.7361224,27.84353234,27.92998754,0.687105525,0.690764964,0.030987758,0.433320124,0.934017561,0.972785995,0,0,-1,0,0,0,,,,
Unknown 277,3,3,3,3,3,3,3,3,3,3,3,3,19.76954784,20.56629063,22.15863405,21.24465893,17.37241784,21.75678051,19.27998201,21.74501795,22.20854199,22.381171,22.13996753,22.25843299,0.701369504,0.660168552,0.043117865,0.241579883,0.933684625,0.954461993,0,0,-1,0,0,0,,,,
Unknown 278,3,3,3,3,3,3,3,3,3,3,3,3,19.659024,21.94916235,22.56377064,21.43010833,18.04418043,22.74307948,17.10460181,22.38282805,20.95031124,22.29039738,21.96586693,22.4203243,0.275390551,0.585690212,0.031097275,0.016707229,0.519870561,0.826578068,0,0,-1,-1,0,0,,,,
Unknown 279,3,3,3,3,3,3,3,3,3,3,3,3,21.71301891,22.11939828,21.58179398,21.98817335,22.72514997,22.31877059,21.98864206,22.39502143,21.58426984,21.99064921,21.44635425,21.03997488,0.610520394,0.610520394,0.610520394,0.610520394,0.610520394,0.610520394,0,0,0,0,0,0,,,,
Unknown 280,3,3,3,3,3,3,3,3,3,3,3,3,18.4084688,20.04578141,20.4592985,19.61595101,16.64974208,21.01140746,15.93982388,20.54495232,19.40522977,20.4382843,20.64566041,20.44554203,0.369081182,0.641533809,0.022518124,0.016626784,0.568930138,0.911844934,0,0,-1,-1,0,0,,,,
Unknown 281,3,3,3,3,3,3,3,3,3,3,3,3,21.15035897,21.08820426,19.36345786,20.94394705,22.07084569,20.68383081,20.63309195,20.59948884,19.64712567,20.27902151,20.19203638,20.64547672,0.944987388,0.088908302,0.132790238,0.970240402,0.485218549,0.615610783,0,0,0,0,0,0,,,,
Unknown 282,3,3,3,3,3,3,3,3,3,3,3,3,19.81485245,19.31385341,22.42777455,22.11582412,17.15401395,22.03681246,19.54089362,22.12099726,22.05298762,22.16163511,22.32263645,22.38759835,0.827047138,0.891752834,0.041599005,0.266533613,0.962190429,0.977387324,0,0,-1,0,0,0,,,,
Unknown 283,3,3,3,3,3,3,3,3,3,3,3,3,19.72974283,21.92146589,22.21256107,22.20422586,17.73095148,22.69885405,16.71463509,22.00142554,21.01961623,22.09827586,22.26099729,22.385086,0.257430942,0.996516379,0.014689528,0.009969003,0.573354706,0.948176931,0,0,-1,-1,0,0,,,,
Unknown 284,3,3,3,3,3,3,3,3,3,3,3,3,20.02013452,20.20456469,22.22148601,18.42368753,18.80919993,20.77228779,21.05717536,20.00528444,23.09766783,22.1339763,22.57454832,22.1730769,0.92729115,0.069658909,0.336107068,0.603745521,0.634273753,0.842593594,0,0,0,0,0,0,,,,
Unknown 285,3,3,3,3,3,3,3,3,3,3,3,3,21.09418745,21.36468991,23.66392023,23.00022798,18.13285403,22.46325866,21.25269133,23.37684782,23.95029199,23.59083577,23.77117612,23.7892071,0.889360331,0.733124458,0.033830134,0.280509609,0.853361063,0.99259985,0,0,-1,0,0,0,,,,
Unknown 286,3,3,3,3,3,3,3,3,3,3,3,3,21.33898145,22.41298453,24.3474235,23.7278145,17.99052391,23.45879632,21.49881694,24.21403595,24.62676583,24.34581611,24.50905129,24.45996723,0.634352015,0.783449972,0.021823334,0.235096881,0.900765986,0.982616719,0,0,-1,0,0,0,,,,
Unknown 287,3,3,3,3,3,3,3,3,3,3,3,3,23.67493634,23.9117561,22.33799646,22.57481622,23.66447911,23.42765935,23.0015491,23.23836886,22.69601949,22.93283925,22.98763771,22.75081794,0.583106171,0.583106171,0.583106171,0.583106171,0.583106171,0.583106171,0,0,0,0,0,0,,,,
Unknown 288,3,3,3,3,3,3,3,3,3,3,3,3,19.83367298,22.11067476,21.77110324,21.93351609,17.67009477,22.30978892,17.57583635,22.36755078,20.76370459,22.0720131,21.70257383,22.20151144,0.200997224,0.926060374,0.013119207,0.010721008,0.457323007,0.775741051,0,0,-1,-1,0,0,,,,
Unknown 289,3,3,3,3,3,3,3,3,3,3,3,3,20.09305416,20.63946597,22.25630061,21.77143127,17.17044894,21.66681301,20.01763833,22.40031751,22.66898621,22.43527002,22.5342484,22.42236161,0.775237556,0.799945327,0.025815217,0.220066164,0.902727925,0.953337983,0,0,-1,0,0,0,,,,
Unknown 290,3,3,3,3,3,3,3,3,3,3,3,3,25.39458843,25.52458889,24.69118643,24.82118689,25.46163343,25.33163298,25.10017311,25.23017357,24.85799004,24.9879905,24.97362048,24.84362003,0.558638013,0.558638013,0.558638013,0.558638013,0.558638013,0.558638013,0,0,0,0,0,0,,,,
Unknown 291,3,3,3,3,3,3,3,3,3,3,3,3,18.70581373,21.71557296,21.05630715,21.65055943,17.33044098,21.78397321,17.19578468,21.84082428,20.27426237,21.46251161,20.74933533,21.37918167,0.067695111,0.708907322,0.009231924,0.006936401,0.457348842,0.692390458,0,0,-1,-1,0,0,,,,
Unknown 292,3,3,3,3,3,3,3,3,3,3,3,3,20.54459547,21.99256443,20.07945513,21.25826133,22.32854207,21.59725548,21.27773409,21.02191552,20.91603706,20.36007168,19.69079488,20.39366671,0.0924934,0.166588597,0.38494813,0.759549561,0.507494001,0.403401866,0,0,0,0,0,0,,,,
Unknown 293,3,3,3,3,3,3,3,3,3,3,3,3,24.34586171,24.73019574,23.30508938,23.81252843,24.32141203,24.55263479,24.00973403,24.23861492,23.3933731,23.70070489,22.55076483,23.65117537,0.542028702,0.422134046,0.713053222,0.715824853,0.625355202,0.089252145,0,0,0,0,0,0,,,,
Unknown 294,3,3,3,3,3,3,3,3,3,3,3,3,21.21737402,18.10954479,22.75392875,21.28394438,18.78282237,20.02481627,20.77944113,21.91928392,24.43319368,23.1705902,23.34066441,24.2397406,0.083435718,0.401360204,0.477366951,0.513981501,0.470167706,0.606085848,0,0,0,0,0,0,,,,
Unknown 295,3,3,3,3,3,3,3,3,3,3,3,3,25.56111741,25.98149041,24.334014,25.26835061,26.05721439,25.6578018,25.29079514,25.31558908,24.69664222,24.72810305,23.86025771,24.55946997,0.452553429,0.102594819,0.475151188,0.964450359,0.954901025,0.216228921,0,0,0,0,0,0,,,,
Unknown 296,3,3,3,3,3,3,3,3,3,3,3,3,22.20613565,22.46109652,20.49112999,20.74609086,22.39642411,22.14146324,21.38983882,21.64479969,20.69470479,20.94966566,21.39227434,21.13731347,0.691874189,0.691874189,0.691874189,0.691874189,0.691874189,0.691874189,0,0,0,0,0,0,,,,
Unknown 297,3,3,3,3,3,3,3,3,3,3,3,3,17.16323629,20.41138549,14.73302771,17.64954295,20.73576623,17.3679185,17.37049441,15.30214423,14.65851471,14.79972489,14.77045347,14.78754156,0.129336699,0.171263026,0.116452218,0.327188559,0.946123664,0.99347513,0,0,0,0,0,0,,,,
Unknown 298,3,3,3,3,3,3,3,3,3,3,3,3,21.1693705,21.47845052,20.63461029,21.40921656,21.66885411,20.9059102,21.26763668,21.33384694,21.7007129,21.39986414,22.14156309,21.83792137,0.465809461,0.075570705,0.07978949,0.875185422,0.477641895,0.473607524,0,0,0,0,0,0,,,,
Unknown 299,3,3,3,3,3,3,3,3,3,3,3,3,21.05195039,23.20744196,21.09774616,22.05817101,22.87482924,22.89468682,22.0678693,22.41286577,21.6446604,21.6616346,21.86941247,21.52331797,0.021812431,0.285246685,0.982157345,0.698067924,0.984747787,0.697157351,-1,0,0,0,0,0,,,,
Unknown 300,3,3,3,3,3,3,3,3,3,3,3,3,21.56196256,22.41829095,19.53592567,21.4107532,22.60596157,21.69094466,21.13043721,21.1403941,20.02887001,20.30593503,19.16400042,19.6482602,0.306241904,0.031188759,0.275021317,0.990401955,0.738117828,0.559916755,0,-1,0,0,0,0,,,,
Unknown 301,3,3,3,3,3,3,3,3,3,3,3,3,18.30596983,17.16879725,20.76498138,16.97845433,15.5538848,18.35422637,19.09882759,18.5174711,21.19576438,20.59622308,20.84460834,20.69191819,0.532826085,0.045736479,0.132232636,0.749101079,0.741546314,0.93298875,0,1,0,0,0,0,,,,
Unknown 302,3,3,3,3,3,3,3,3,3,3,3,3,19.49139174,21.16624543,15.81255506,19.53946227,21.284733,18.9656718,18.90074126,17.39603118,16.72998771,15.89326255,15.84808262,15.93028773,0.315110373,0.031572869,0.168275019,0.36580996,0.612928665,0.960252815,0,-1,0,0,0,0,,,,
Unknown 303,3,3,3,3,3,3,3,3,3,3,3,3,21.85083994,23.24210295,17.90299687,22.14297759,23.32869976,21.63600678,20.55719538,20.17736751,20.28684279,18.96098051,20.67857389,19.46097952,0.220241355,0.000796604,0.138741274,0.734109385,0.242026173,0.281565937,0,-1,0,0,0,0,,,,
Unknown 304,3,3,3,3,3,3,3,3,3,3,3,3,21.50147662,21.80068812,19.7867318,20.80448571,22.23320812,21.01872107,21.60234589,20.3668385,20.66477882,19.98410156,20.8057357,19.75594104,0.658533257,0.141046826,0.081829146,0.076995319,0.318831255,0.129497502,0,0,0,0,0,0,,,,
Unknown 305,3,3,3,3,3,3,3,3,3,3,3,3,24.4303647,23.77116385,23.36254106,24.3165603,24.54800041,23.88104483,23.82083238,23.86788427,23.666462,23.53836182,23.46014348,22.9310669,0.226996275,0.085350754,0.221742854,0.930212757,0.811642752,0.329589698,0,0,0,0,0,0,,,,
Unknown 306,3,3,3,3,3,3,3,3,3,3,3,3,21.76499178,23.24394474,17.83980883,22.18161627,22.81100574,21.59150033,20.84596764,20.18306753,20.13319612,18.86070407,20.72745604,18.97407022,0.227317967,0.001309649,0.317127873,0.583789774,0.297005742,0.154837123,0,-1,0,0,0,0,,,,
Unknown 307,3,3,3,3,3,3,3,3,3,3,3,3,22.81430485,22.86496696,21.02372423,21.75274307,23.05432543,22.45873667,22.7727327,21.04574274,21.56625692,20.61045903,20.69341362,20.91976941,0.952740681,0.397338223,0.488177119,0.05234319,0.269703004,0.79131109,0,0,0,0,0,0,,,,
Unknown 308,3,3,3,3,3,3,3,3,3,3,3,3,22.23409135,22.21440976,20.4788816,21.79989122,23.14466423,21.46036875,22.11706672,20.9134329,20.7168713,20.67220092,20.96417255,21.43513972,0.981194447,0.122978829,0.052683617,0.158181358,0.957335353,0.574004177,0,0,0,0,0,0,,,,
Unknown 309,3,3,3,3,3,3,3,3,3,3,3,3,22.967483,23.59286818,23.70776523,24.33315041,23.55913097,22.93374579,23.74424838,24.36963356,22.50311344,23.12849862,23.85007133,23.22468615,0.564151668,0.564151668,0.564151668,0.564151668,0.564151668,0.564151668,0,0,0,0,0,0,,,,
Unknown 310,3,3,3,3,3,3,3,3,3,3,3,3,19.90229101,23.27874425,17.48075663,20.21310933,23.27960403,20.05666642,20.01154107,18.41039795,17.44435317,17.44315895,17.46288031,17.46899504,0.152104631,0.24300026,0.170812327,0.489781037,0.9995869,0.997884817,0,0,0,0,0,0,,,,
Uracil,3,3,3,3,3,3,3,3,3,3,3,3,28.21764232,27.81663782,27.75870156,28.1458591,28.37794413,28.28951432,28.00131604,28.21141389,28.32947958,28.28180018,28.26292523,28.15556256,0.104189484,0.116032355,0.712834475,0.38500745,0.842538384,0.655200728,0,0,0,0,0,0,,,,
Uridine,3,3,3,3,3,3,3,3,3,3,3,3,26.94601855,26.57064735,26.50728406,26.89635822,27.12882146,26.99276472,26.76031308,26.96089097,27.00453914,27.04014125,27.01345247,26.89218207,0.138771517,0.125556202,0.584008197,0.421268637,0.885737236,0.625300612,0,0,0,0,0,0,,,,
