Name,Count_-6,Count_-2,Mean_-6,Mean_-2,Fold_change_-6_vs_-2,P_value_A_-6_vs_-2,Flag_A_-6_vs_-2
2,2,6,6-Tetramethyl-4-piperidinol,3,3,27.5095296319178,26.8278547659723,0.681674865945517,0.213046267333386,0
4-Guanidinobutanoic acid,3,3,23.1412034940346,22.2990476903462,0.84215580368836,0.269516731264436,0
Acetyl-L-carnitine,3,3,23.3926645618627,23.5333399434013,-0.1406753815386,0.905507132475745,0
Adenine,3,3,28.2230796985662,27.2491349695211,0.973944729045108,0.0522743817911906,0
Adenosine,3,3,30.0832592054649,29.6889302292723,0.394328976192536,0.281199450857519,0
Betaine,3,3,31.1504710775966,30.6600965010053,0.490374576591229,0.256575115942593,0
Bis(methylbenzylidene)sorbitol,3,3,22.4107725288537,22.2813650475221,0.129407481331608,0.694881965003786,0
Choline,3,3,29.8577673900665,29.6790736094222,0.178693780644327,0.129205195783672,0
Cytosine,3,3,27.1426101161043,26.4623977268592,0.680212389245099,0.247694125453741,0
DEET,3,3,22.1600474198532,22.3122020453028,-0.152154625449583,0.912594285626393,0
Deoxyadenosine,3,3,27.310825329841,26.6251866819503,0.685638647890702,0.135786823839407,0
Deoxycarnitine,3,3,26.9461453664234,26.6235316699197,0.322613696503684,0.572426854931468,0
Diethanolamine,3,3,25.450109992152,25.1552719565921,0.294838035559831,0.453641816230042,0
DL-?-Leucine,3,3,26.1880153263864,26.1264200860097,0.0615952403767039,0.907409056667915,0
DL-Arginine,3,3,21.83544882386,21.9093740924786,-0.0739252686186092,0.975512243792235,0
DL-Carnitine,3,3,28.1400531744998,28.2512430514444,-0.111189876944628,0.810460111448072,0
DL-Citrulline,3,3,23.1469951502907,21.6947464386801,1.45224871161057,0.219853342494001,0
DL-Glutamine,3,3,24.4321642277584,24.3360129224109,0.0961513053475365,0.926113274243981,0
DL-Isoleucine/Leucine,3,3,26.7298216649374,26.4192629119797,0.310558752957657,0.512315266293621,0
DL-Proline,3,3,24.3570675688408,23.8972098689708,0.459857699869971,0.275990574455214,0
DL-Stachydrine,3,3,25.4310208343307,25.3585340476576,0.072486786673096,0.894145520799997,0
Glycerophosphocholine,3,3,19.8872810844021,19.7402064077827,0.147074676619408,0.932982817379371,0
HOTrE,3,3,23.9752684486398,23.7186945206652,0.256573927974575,0.448634267985167,0
Hypoxanthine,3,3,27.3785875104839,26.5286368582278,0.849950652256066,0.272930504764581,0
LL-2,6-Diaminheptanedioic acid,3,3,24.4196694577492,24.2384513463294,0.181218111419753,0.862239854940906,0
L-Pyroglutamic acid,3,3,24.4321642277584,24.3360129224109,0.0961513053475365,0.926113274243981,0
N-alpha-Acetyl-L-Lysine,3,3,28.6937420679909,28.8337754429528,-0.140033374961959,0.829319222754409,0
N-Methyl-D-Aspartic acid,3,3,25.299106027661,25.4212156313435,-0.122109603682482,0.846424758255319,0
Oleamide,3,3,22.5481996887219,21.8445613401478,0.703638348574032,0.180203977886511,0
Senecionine,3,3,19.8178527527411,22.6059264591446,-2.78807370640346,0.322364788451825,0
Sugars - Oligosaccharide (Tetraose),3,3,20.6394224282014,20.1505978074408,0.488824620760656,0.712132380603287,0
Sugars - Trisaccharide1,3,3,24.7948081727878,25.0814492644438,-0.286641091656019,0.617200681548777,0
Sugars - Trisaccharide2,3,3,23.3035411241227,23.6806123739265,-0.37707124980372,0.750605428760586,0
Sugars-Monosaccharides-Hexoses,3,3,28.0872527789846,27.7437091673193,0.343543611665268,0.616048661580585,0
Thymine,3,3,26.0404910616962,25.0415782582583,0.99891280343795,0.0775217339678619,0
Unknown 001,3,3,19.3697344347717,20.4503621728563,-1.08062773808468,0.310633015405292,0
Unknown 002,3,3,21.0160629546345,21.4642351648814,-0.448172210246899,0.260513052722823,0
Unknown 003,3,3,21.7465103589885,22.0043787343566,-0.257868375368041,0.210300546316705,0
Unknown 004,3,3,20.4706353306224,21.7176886688174,-1.24705333819504,0.672215469697544,0
Unknown 005,3,3,17.9436666036808,18.640113116326,-0.696446512645196,0.505138377156218,0
Unknown 006,3,3,20.2896692109007,20.2999817069663,-0.0103124960655911,0.992385231665041,0
Unknown 007,3,3,22.1895804840789,22.3921688322617,-0.202588348182847,0.187355122874725,0
Unknown 008,3,3,22.1895804840789,22.3921688322617,-0.202588348182847,0.187355122874725,0
Unknown 009,3,3,22.7611586824607,23.075991414229,-0.314832731768341,0.00408318505877584,-1
Unknown 010,3,3,22.6852367251601,22.1748917053605,0.510345019799551,0.268250975525558,0
Unknown 011,3,3,22.0280664763784,22.0396042006906,-0.0115377243121628,0.961921958131239,0
Unknown 012,3,3,22.0280664763784,22.0396042006906,-0.0115377243121628,0.961921958131239,0
Unknown 013,3,3,22.2023637055921,21.2453513351313,0.95701237046087,0.294489924850994,0
Unknown 014,3,3,24.1320826924118,24.1308935071324,0.00118918527938661,0.999108732066233,0
Unknown 015,3,3,23.6119038265289,24.0934438327223,-0.481540006193477,0.265966135669106,0
Unknown 016,3,3,21.3657490714982,21.5210314557095,-0.155282384211304,0.636743841182981,0
Unknown 017,3,3,22.752916837445,22.801643961275,-0.0487271238299805,0.838733101300403,0
Unknown 018,3,3,23.3153370106349,22.9991538029613,0.316183207673607,0.423381446764307,0
Unknown 019,3,3,23.3460872814887,23.1068939904217,0.239193291067082,0.543188679860374,0
Unknown 020,3,3,24.5357132158141,23.5592348715709,0.976478344243141,0.125457704669861,0
Unknown 021,3,3,24.381433587947,23.7271433268685,0.654290261078479,0.26357609997388,0
Unknown 022,3,3,21.982263564583,19.3775335323107,2.60473003227232,0.00477843659881857,1
Unknown 023,3,3,22.0650603801006,19.1782386080317,2.88682177206892,0.076983897761594,0
Unknown 024,3,3,21.8150947982588,22.3999499084696,-0.584855110210768,0.790773972947737,0
Unknown 025,3,3,22.3939193016825,23.0191479598527,-0.625228658170141,0.412584071749369,0
Unknown 026,3,3,23.383805878488,23.1110077119393,0.272798166548693,0.544864334132403,0
Unknown 027,3,3,23.4318424059231,21.5327155769616,1.89912682896151,0.0271620438097293,1
Unknown 028,3,3,21.4086474461898,21.8411443554453,-0.432496909255462,0.490112146431877,0
Unknown 029,3,3,22.5638658746792,21.9507677148039,0.613098159875264,0.406424710363934,0
Unknown 030,3,3,23.4237374415937,21.8631470709462,1.56059037064745,0.185692083491097,0
Unknown 031,3,3,25.3965319429827,23.1258222950985,2.27070964788426,0.0739086225104985,0
Unknown 032,3,3,24.456151724192,22.1046792191308,2.3514725050612,0.254846537235837,0
Unknown 033,3,3,23.7185191446327,23.2579148112803,0.460604333352382,0.762152663496072,0
Unknown 034,3,3,23.5387918265468,21.1559845344138,2.382807292133,0.150546177921934,0
Unknown 035,3,3,21.7069895419753,21.9620586486251,-0.25506910664982,0.801138229264179,0
Unknown 036,3,3,19.7078469549279,21.3365628465796,-1.62871589165169,0.421861240728479,0
Unknown 037,3,3,19.9317842243185,21.7486937918358,-1.81690956751728,0.402249489866664,0
Unknown 038,3,3,19.7890547547559,20.7441465196545,-0.955091764898533,0.58118362442378,0
Unknown 039,3,3,23.9419683527001,24.3787268276388,-0.436758474938738,0.193015481349183,0
Unknown 040,3,3,23.5365077358369,23.3644306831913,0.172077052645605,0.654285939592403,0
Unknown 041,3,3,28.9132269713776,28.4720380531027,0.4411889182749,0.272222022798168,0
Unknown 042,3,3,22.6767887259647,22.2578776305107,0.418911095454014,0.642300726226668,0
Unknown 043,3,3,24.2878026340348,22.1455639334578,2.14223870057705,0.153759292367227,0
Unknown 044,3,3,22.2354019870487,22.6779714864397,-0.442569499390942,0.804681507491579,0
Unknown 045,3,3,25.7673981620806,27.4249726784338,-1.65757451635316,0.374013571966377,0
Unknown 046,3,3,23.7525435154697,25.8026215539863,-2.05007803851658,0.355838431011737,0
Unknown 047,3,3,25.1361068225051,27.0083371381225,-1.87223031561738,0.329763899048623,0
Unknown 048,3,3,23.6835162181177,24.4588818112355,-0.775365593117826,0.741213099803516,0
Unknown 049,3,3,30.7393819596613,30.3803598262202,0.359022133441137,0.242782053223112,0
Unknown 050,3,3,27.5504462721457,27.3661645291818,0.184281742963986,0.45736798471749,0
Unknown 051,3,3,23.6884211657206,23.4074398948136,0.28098127090696,0.186191837916531,0
Unknown 052,3,3,27.9393943274886,28.480107049009,-0.540712721520443,0.571110237511209,0
Unknown 053,3,3,24.4650531849941,23.7314008019064,0.733652383087705,0.28615905202687,0
Unknown 054,3,3,25.7498618546055,25.7809800436565,-0.0311181890510284,0.899835027683333,0
Unknown 055,3,3,23.046805700396,22.5887981031057,0.458007597290312,0.306696416669355,0
Unknown 056,3,3,23.4398040826083,23.1983517381177,0.241452344490575,0.575838131027292,0
Unknown 057,3,3,25.2527968843361,24.8170196236776,0.435777260658526,0.252050017866438,0
Unknown 058,3,3,26.4684440345413,25.6241657904772,0.844278244064082,0.121649402449988,0
Unknown 059,3,3,26.8179215003126,26.7666089669935,0.0513125333191482,0.898329284123396,0
Unknown 060,3,3,31.0646410773385,30.93822236601,0.126418711328483,0.71114715549965,0
Unknown 061,3,3,26.2937989632517,25.8144110656559,0.479387897595824,0.422508826173128,0
Unknown 062,3,3,22.9118067006338,23.0853245246311,-0.173517823997251,0.559904391620508,0
Unknown 063,3,3,24.6809549125956,24.385927177303,0.295027735292592,0.68134057031689,0
Unknown 064,3,3,21.043330297828,20.8955833643952,0.147746933432764,0.956249906856393,0
Unknown 065,3,3,25.1557731352968,24.7859345059974,0.369838629299426,0.327796763262937,0
Unknown 066,3,3,21.2680519135453,20.3541114015111,0.913940512034209,0.769477343807533,0
Unknown 067,3,3,26.5453423075261,24.7799533762075,1.76538893131859,0.285490622699119,0
Unknown 068,3,3,25.0176118309442,26.2215238432379,-1.2039120122937,0.39351210048102,0
Unknown 069,3,3,24.2120873162847,24.7759452654846,-0.563857949199924,0.635806780804073,0
Unknown 070,3,3,27.218343001029,27.3166006100159,-0.0982576089869696,0.695111602610675,0
Unknown 071,3,3,22.67438877493,22.3000119311641,0.374376843765887,0.655116910453444,0
Unknown 072,3,3,24.7124529071077,24.2814189650987,0.431033942009083,0.0149975551367029,1
Unknown 073,3,3,26.4346579937211,24.7678466777394,1.66681131598171,0.31017467765066,0
Unknown 074,3,3,23.0138993087748,25.7374751044123,-2.72357579563751,0.109237580859134,0
Unknown 075,3,3,27.2268304599016,27.3222414497707,-0.0954109898690945,0.702501882351495,0
Unknown 076,3,3,17.6421377417695,17.2137144787029,0.428423263066513,0.738099573998716,0
Unknown 077,3,3,25.9807645468302,26.0895194675966,-0.108754920766408,0.765650675206073,0
Unknown 078,3,3,26.3674259255625,25.6516646370702,0.715761288492288,0.529944802493918,0
Unknown 079,3,3,25.5322849564056,25.3539186498272,0.178366306578408,0.872590177031596,0
Unknown 080,3,3,21.2410854750641,19.3589339234671,1.882151551597,0.144764327901268,0
Unknown 081,3,3,19.2274827148874,17.4747042024825,1.75277851240483,0.531405488439094,0
Unknown 082,3,3,23.0267104441241,21.5388147460062,1.48789569811791,0.0175862407621345,1
Unknown 083,3,3,20.4260766571155,18.971410735619,1.45466592149651,0.545642721996471,0
Unknown 084,3,3,17.546389761271,17.0824361248991,0.46395363637188,0.892018050060053,0
Unknown 085,3,3,19.2749073480997,17.9000817939029,1.37482555419673,0.713181208905991,0
Unknown 086,3,3,24.2096196050867,24.7403228516958,-0.530703246609178,0.772533452311674,0
Unknown 087,3,3,20.76710639091,22.4167487080703,-1.64964231716037,0.469586628310365,0
Unknown 088,3,3,22.9377957166143,21.8860167014754,1.05177901513888,0.371470154763071,0
Unknown 089,3,3,24.5116141471852,25.758466921068,-1.24685277388277,0.0857679436917438,0
Unknown 090,3,3,18.3686592843855,17.2807538106532,1.08790547373228,0.614112065785271,0
Unknown 091,3,3,29.901265792542,29.4932919067968,0.407973885745264,0.232055458072464,0
Unknown 092,3,3,19.4676243503714,19.9389154664527,-0.471291116081332,0.835163662004339,0
Unknown 093,3,3,18.9111148075242,18.8300851337939,0.0810296737303133,0.972321755886872,0
Unknown 094,3,3,22.9723049749453,22.7974597316558,0.174845243289425,0.429175718424826,0
Unknown 095,3,3,20.0158056352457,22.3514493088159,-2.33564367357015,0.346924048300829,0
Unknown 096,3,3,25.0812375906778,26.1313602779595,-1.05012268728174,0.344576619974388,0
Unknown 097,3,3,19.8995317191024,21.6718973791736,-1.77236566007122,0.489887699759956,0
Unknown 098,3,3,21.5278192660795,22.164968144869,-0.637148878789574,0.739724756139317,0
Unknown 099,3,3,23.4040209034709,23.9444552962852,-0.540434392814333,0.644117222200441,0
Unknown 100,3,3,20.1574402791174,21.6540965270549,-1.49665624793748,0.560873312057654,0
Unknown 101,3,3,20.0402620276524,18.6724034847182,1.36785854293421,0.654140246614927,0
Unknown 102,3,3,15.0083367179819,16.887919629939,-1.87958291195708,0.376517236734667,0
Unknown 103,3,3,22.3907916751901,22.7680142135555,-0.377222538365416,0.7456906416742,0
Unknown 104,3,3,20.8749042890237,20.4304056377709,0.444498651252829,0.551540042326446,0
Unknown 105,3,3,22.0097322869065,22.4436775505052,-0.433945263598691,0.619793236365557,0
Unknown 106,3,3,23.8274493906048,23.084150783525,0.743298607079794,0.474900655334985,0
Unknown 107,3,3,19.8902911251453,19.5552851431387,0.335005982006631,0.904153078055561,0
Unknown 108,3,3,21.0963442009073,21.2679201091192,-0.171575908211889,0.738355865767632,0
Unknown 109,3,3,24.5395002683675,24.8148693931981,-0.275369124830682,0.783799590408488,0
Unknown 110,3,3,20.1949048252821,20.1871426209012,0.00776220438090292,0.996244111248451,0
Unknown 111,3,3,25.0614866093391,24.5863553710964,0.475131238242682,0.235162103538611,0
Unknown 112,3,3,23.6367624150501,22.7307385187608,0.906023896289298,0.626783327222774,0
Unknown 113,3,3,22.0535172560972,21.3786974247026,0.674819831394657,0.00381523808126946,1
Unknown 114,3,3,18.8517279597501,20.6887465533411,-1.8370185935909,0.297251212368559,0
Unknown 115,3,3,20.7995873301516,20.8093947271111,-0.00980739695951627,0.984007885660593,0
Unknown 116,3,3,23.7416214941291,23.6524771515871,0.0891443425420739,0.876786173862148,0
Unknown 117,3,3,19.0617030585681,18.9268816581902,0.134821400377874,0.762727040199613,0
Unknown 118,3,3,21.4885615102063,20.8644810294664,0.624080480739849,0.326844419362456,0
Unknown 119,3,3,25.3311983740154,24.9790655766362,0.352132797379241,0.271961137080924,0
Unknown 120,3,3,23.8512329923208,21.6655280494097,2.18570494291105,0.0198284965559031,1
Unknown 121,3,3,23.0293072017589,21.8340035649799,1.195303636779,0.15830749538677,0
Unknown 122,3,3,23.3735890830543,23.0542604971177,0.319328585936574,0.22431160742996,0
Unknown 123,3,3,23.8523192427983,22.8429760157524,1.00934322704595,0.323368120358797,0
Unknown 124,3,3,23.560392542796,23.6955527009776,-0.135160158181595,0.787961286073426,0
Unknown 125,3,3,24.2313739716626,23.6861574546653,0.545216516997328,0.224946411653291,0
Unknown 126,3,3,23.6320387334811,22.2959073640336,1.33613136944749,0.0990753538250112,0
Unknown 127,3,3,19.9904182652083,18.9210062912212,1.06941197398708,0.705705284400296,0
Unknown 128,3,3,23.0667460477796,22.3499399580278,0.716806089751792,0.0848180607365646,0
Unknown 129,3,3,20.8961107014374,22.2478967372948,-1.35178603585732,0.2825175841252,0
Unknown 130,3,3,25.2378950796322,28.2533272450848,-3.01543216545267,0.190144768693375,0
Unknown 131,3,3,23.8384466702284,23.4762134778802,0.362233192348171,0.785220072762393,0
Unknown 132,3,3,23.4418296547589,22.8255868138425,0.61624284091641,0.650769037476451,0
Unknown 133,3,3,24.1510068088536,23.4594589949534,0.69154781390025,0.458412110304521,0
Unknown 134,3,3,19.3365553606066,17.1422749281923,2.19428043241424,0.00555278043205001,1
Unknown 135,3,3,20.3907809977465,21.2110772275671,-0.820296229820567,0.642777363995319,0
Unknown 136,3,3,18.1749211472628,19.6516623759151,-1.47674122865223,0.353217034367507,0
Unknown 137,3,3,23.3685023818805,22.1743383641991,1.19416401768142,0.127421148258771,0
Unknown 138,3,3,19.8444819366294,19.2834250332555,0.561056903373903,0.677993943072177,0
Unknown 139,3,3,26.9085538148298,26.5254213036099,0.383132511219884,0.51755646350604,0
Unknown 140,3,3,22.5572821269653,22.4909070392647,0.066375087700564,0.836221366375773,0
Unknown 141,3,3,25.487147870249,24.9566793533908,0.530468516858246,0.270159507883,0
Unknown 142,3,3,21.649099066555,22.2523389118626,-0.603239845307591,0.272116269620751,0
Unknown 143,3,3,23.8790698796422,23.4479902884228,0.431079591219405,0.465759382084721,0
Unknown 144,3,3,22.4094054140275,21.9559933396699,0.453412074357669,0.403556141062968,0
Unknown 145,3,3,20.9607686211504,21.4473103454313,-0.486541724280865,0.527507307877961,0
Unknown 146,3,3,18.994197958356,17.8391892203735,1.1550087379825,0.663184267722382,0
Unknown 147,3,3,21.923023164522,22.0901797358896,-0.167156571367581,0.866052848303808,0
Unknown 148,3,3,24.8707746187172,23.1222460945856,1.74852852413165,0.500601416804404,0
Unknown 149,3,3,27.4412257527612,27.0841487534117,0.35707699934952,0.575005187597426,0
Unknown 150,3,3,23.5459728527911,23.644002526757,-0.0980296739658719,0.908676934393731,0
Unknown 151,3,3,19.509013935706,17.7429447222446,1.76606921346135,0.543897373953529,0
Unknown 152,3,3,22.6377807773163,23.9462821735403,-1.30850139622402,0.567842012779478,0
Unknown 153,3,3,19.5683620177855,20.2965071748554,-0.72814515706991,0.723429746229278,0
Unknown 154,3,3,22.6090030130328,22.3694846064811,0.239518406551777,0.918075149515403,0
Unknown 155,3,3,26.3797936183078,26.1909846386543,0.18880897965353,0.84739470071711,0
Unknown 156,3,3,22.5703521851057,22.6632067227262,-0.0928545376204433,0.954106298663326,0
Unknown 157,3,3,20.7388314794503,21.3707527394613,-0.631921260011012,0.700261681824394,0
Unknown 158,3,3,20.489490884986,20.5986184071785,-0.10912752219248,0.960860551601429,0
Unknown 159,3,3,25.1982945117348,24.694805747527,0.503488764207891,0.715195798979772,0
Unknown 160,3,3,25.2013028300861,24.8408261940869,0.360476635999234,0.713811281582248,0
Unknown 161,3,3,19.7499275589793,19.4539125812675,0.296014977711792,0.872439004029816,0
Unknown 162,3,3,25.9598947185623,26.2080708146225,-0.248176096060181,0.771824497433195,0
Unknown 163,3,3,18.2176284328884,17.3979616599072,0.819666772981211,0.75866837645254,0
Unknown 164,3,3,22.3225904263857,22.9336427136518,-0.611052287266141,0.650818912597775,0
Unknown 165,3,3,23.9704971917283,22.0367261528594,1.93377103886884,0.198502466041834,0
Unknown 166,3,3,18.5631857141891,20.551625434662,-1.98843972047293,0.298702336202209,0
Unknown 167,3,3,25.221802209547,25.4625023025668,-0.240700093019758,0.765910202053647,0
Unknown 168,3,3,25.331184559121,25.1303904344397,0.200794124681295,0.743501237658411,0
Unknown 169,3,3,21.9423869522706,22.4257295935992,-0.483342641328612,0.837523817973495,0
Unknown 170,3,3,22.5160324577389,22.5768545008488,-0.060822043109976,0.949279137844483,0
Unknown 171,3,3,26.0205045230628,25.6508802048632,0.369624318199595,0.464336878660569,0
Unknown 172,3,3,23.2050424131108,24.0238002396076,-0.818757826496814,0.620547014099663,0
Unknown 173,3,3,23.9722245033108,24.8890633681812,-0.916838864870371,0.497443503592744,0
Unknown 174,3,3,24.4151647482832,24.6190359993336,-0.203871251050387,0.776167118015411,0
Unknown 175,3,3,27.8127855457061,27.7093668619653,0.103418683740742,0.895426232256808,0
Unknown 176,3,3,18.1548006516975,18.0839009555299,0.0708996961675759,0.980816701322551,0
Unknown 177,3,3,18.7295109352483,18.9389669190811,-0.209455983832829,0.94853678556209,0
Unknown 178,3,3,21.463438054467,22.6182943155791,-1.15485626111208,0.28271948224909,0
Unknown 179,3,3,24.7333413640239,24.7117024325713,0.0216389314525571,0.977582941057644,0
Unknown 180,3,3,20.186525559585,20.665173403317,-0.478647843731959,0.886940530894379,0
Unknown 181,3,3,20.7287367338859,22.2262499020216,-1.49751316813567,0.386631347845308,0
Unknown 182,3,3,18.1746963921104,16.5590859804286,1.6156104116818,0.596624626965421,0
Unknown 183,3,3,24.0292461577893,23.1256472237983,0.903598933991038,0.154785079736577,0
Unknown 184,3,3,20.2474835576383,22.1169569687402,-1.86947341110196,0.20947439958008,0
Unknown 185,3,3,24.3924917141501,23.833828713329,0.55866300082111,0.578242393428455,0
Unknown 186,3,3,22.2209906301346,22.4261024324222,-0.205111802287519,0.820766609041278,0
Unknown 187,3,3,17.95982503622,16.5932914626884,1.36653357353153,0.656288606187876,0
Unknown 188,3,3,25.750078779206,25.3320220964502,0.418056682755854,0.426053315986762,0
Unknown 189,3,3,25.00051807153,24.3098714269513,0.690646644578745,0.0230339569558712,1
Unknown 190,3,3,24.4069662065367,24.5275186356819,-0.120552429145274,0.905753011255673,0
Unknown 191,3,3,25.7290501639721,25.3577331903842,0.371316973587859,0.550674666279406,0
Unknown 192,3,3,26.1362740513363,26.2335684486817,-0.0972943973454541,0.931822937920672,0
Unknown 193,3,3,24.1445763935236,24.7659276794757,-0.621351285952105,0.624940876630341,0
Unknown 194,3,3,23.0429249300759,23.0541727420022,-0.0112478119262711,0.988389334320391,0
Unknown 195,3,3,22.4382593144139,22.4050352764267,0.0332240379872104,0.970271409545851,0
Unknown 196,3,3,22.8572855666528,23.6748917372425,-0.817606170589706,0.443510021505208,0
Unknown 197,3,3,20.7328259704985,22.2232272059127,-1.49040123541417,0.271933297320032,0
Unknown 198,3,3,23.5308685288641,24.0114776347646,-0.480609105900502,0.646492903306813,0
Unknown 199,3,3,22.2502179338743,22.3495399161563,-0.0993219822820528,0.863755895317917,0
Unknown 200,3,3,23.4576378676082,23.8695821038699,-0.411944236261707,0.457055689947649,0
Unknown 201,3,3,23.7481139145653,23.7416734298094,0.00644048475588832,0.989321029126356,0
Unknown 202,3,3,23.2083556501,23.0271251164602,0.181230533639823,0.837264311992285,0
Unknown 203,3,3,19.082258155261,22.693218227758,-3.61096007249699,0.0297574576392485,-1
Unknown 204,3,3,20.2239957007415,20.2728577728502,-0.0488620721087365,0.975007994404516,0
Unknown 205,3,3,22.9867826789708,21.6464986375529,1.34028404141792,0.140966269659698,0
Unknown 206,3,3,20.5645860144288,20.5045764501687,0.0600095642601488,0.95397460269115,0
Unknown 207,3,3,21.0081045745224,20.3239446360062,0.68415993851626,0.655587943988455,0
Unknown 208,3,3,24.4886132259024,24.5364402167559,-0.0478269908535296,0.939926376052366,0
Unknown 209,3,3,25.4975366715342,25.0195476991137,0.477988972420555,0.512618877125161,0
Unknown 210,3,3,26.7534999518874,27.1573004355823,-0.403800483694862,0.564905652351625,0
Unknown 211,3,3,22.4285741381639,22.9193485285989,-0.490774390435018,0.387778259397923,0
Unknown 212,3,3,17.6120174254109,16.4025678454579,1.20944957995296,0.71107443476335,0
Unknown 213,3,3,20.0694970844348,20.4698296132478,-0.400332528812996,0.869917192336169,0
Unknown 214,3,3,16.7398489829159,15.4304228974374,1.30942608547847,0.585834179556921,0
Unknown 215,3,3,23.1427645088525,23.9434486652968,-0.800684156444248,0.69482546101103,0
Unknown 216,3,3,20.3356808151448,22.3664689290071,-2.03078811386234,0.353003672730487,0
Unknown 217,3,3,26.3711629401109,26.5829245850552,-0.211761644944271,0.861685148682329,0
Unknown 218,3,3,20.476111738436,22.17802019727,-1.70190845883397,0.493473552566395,0
Unknown 219,3,3,22.8208201751977,23.1134288305813,-0.292608655383617,0.740609473966936,0
Unknown 220,3,3,21.2773172587552,21.4408034242784,-0.163486165523217,0.844442577234975,0
Unknown 221,3,3,22.5153268735005,22.7719078005325,-0.25658092703198,0.819017805712301,0
Unknown 222,3,3,22.810514941647,22.0390439831766,0.771470958470438,0.624668943808949,0
Unknown 223,3,3,16.9788705742617,21.0330243571849,-4.05415378292316,0.0290884972063037,-1
Unknown 224,3,3,22.474090792488,22.3379534011137,0.13613739137438,0.7793341016676,0
Unknown 225,3,3,21.315318307921,21.7255875625487,-0.410269254627632,0.394201075195802,0
Unknown 226,3,3,23.5243544704295,23.5179678173095,0.00638665312005315,0.993788890260494,0
Unknown 227,3,3,21.2730837602527,21.3711159781366,-0.0980322178838726,0.938895530211664,0
Unknown 228,3,3,24.4291851056602,24.0652920949107,0.363893010749464,0.758275579233984,0
Unknown 229,3,3,21.6019924541333,21.8295813257641,-0.227588871630783,0.785982526936068,0
Unknown 230,3,3,22.8627772773521,23.3142188949973,-0.451441617645223,0.613820014513917,0
Unknown 231,3,3,25.3219555431545,25.3302139001051,-0.00825835695054167,0.992573291515655,0
Unknown 232,3,3,24.1380364074067,24.0950640453929,0.0429723620137743,0.977145854497364,0
Unknown 233,3,3,23.758213464422,23.6944276498497,0.0637858145722703,0.925749521562197,0
Unknown 234,3,3,21.3080359162892,21.952538140483,-0.644502224193804,0.567527001343156,0
Unknown 235,3,3,22.2626163784479,22.2884689181271,-0.025852539679164,0.987775011729338,0
Unknown 236,3,3,22.1517454450952,22.6211633555064,-0.469417910411245,0.878482726889277,0
Unknown 237,3,3,22.3592001433631,24.1395664097186,-1.78036626635551,0.491671764513362,0
Unknown 238,3,3,26.9077653289835,26.0860737749691,0.821691554014368,0.26850567404916,0
Unknown 239,3,3,24.1445057530903,23.819605464183,0.324900288907276,0.652911606711414,0
Unknown 240,3,3,23.5430304804831,22.59975277507,0.943277705413113,0.101190730704656,0
Unknown 241,3,3,22.182134833539,21.8613873891565,0.32074744438243,0.643158166203414,0
Unknown 242,3,3,19.0334829187376,18.5572713207752,0.476211597962404,0.788285957363809,0
Unknown 243,3,3,24.8627405619991,24.8420144075661,0.0207261544329995,0.981844807287348,0
Unknown 244,3,3,27.5405858799364,27.3302669812231,0.210318898713286,0.789298405804274,0
Unknown 245,3,3,20.8339305448248,20.225166423068,0.608764121756888,0.79857214839817,0
Unknown 246,3,3,23.058642719987,21.6947464386801,1.3638962813069,0.264578658639511,0
Unknown 247,3,3,23.9601199681545,23.9236492166473,0.0364707515072276,0.986560320268935,0
Unknown 248,3,3,21.0199103236902,20.4968430502249,0.523067273465262,0.782778976029851,0
Unknown 249,3,3,21.6535211436829,21.0874988308433,0.566022312839575,0.398284418294,0
Unknown 250,3,3,23.1154733408206,23.6977488137699,-0.582275472949288,0.524098769037501,0
Unknown 251,3,3,21.6401552958627,22.2036399128367,-0.563484616973991,0.53640441374834,0
Unknown 252,3,3,22.4974073976127,23.0485732234435,-0.551165825830733,0.692886103761653,0
Unknown 253,3,3,19.9228365422573,20.0488619308586,-0.126025388601253,0.918820703520466,0
Unknown 254,3,3,20.2250403783122,21.4429479018763,-1.21790752356412,0.247872590320585,0
Unknown 255,3,3,22.6810497084279,22.3466093181975,0.334440390230405,0.746117208247993,0
Unknown 256,3,3,21.019524721498,22.3806810185822,-1.36115629708421,0.649299314583392,0
Unknown 257,3,3,21.1120617017586,23.7784922027102,-2.66643050095159,0.280218210736254,0
Unknown 258,3,3,25.6636092480993,26.6053345778733,-0.941725329774023,0.237304321931166,0
Unknown 259,3,3,21.1401624632513,22.8531050632968,-1.7129426000455,0.465324323815706,0
Unknown 260,3,3,24.0446422966236,25.347247260152,-1.30260496352842,0.253464778755912,0
Unknown 261,3,3,19.0590379054516,20.3017916356537,-1.24275373020202,0.605768628173817,0
Unknown 262,3,3,25.0694155170026,26.0164420275229,-0.947026510520303,0.381195867482257,0
Unknown 263,3,3,22.9135107869069,23.8620110791468,-0.948500292239871,0.247539200782627,0
Unknown 264,3,3,20.1589752137838,23.2533384087463,-3.09436319496252,0.326841572995911,0
Unknown 265,3,3,21.3190098919951,24.0484082231815,-2.72939833118638,0.302294003665924,0
Unknown 266,3,3,21.4851738478443,20.6783319340234,0.806841913820982,0.273579488725547,0
Unknown 267,3,3,21.3542640200305,22.6813525947439,-1.32708857471339,0.44900299372672,0
Unknown 268,3,3,18.8126084727727,21.7920249372912,-2.97941646451846,0.195019239146951,0
Unknown 269,3,3,20.1172850411488,22.4601265854174,-2.34284154426861,0.399507800479476,0
Unknown 270,3,3,19.8654197230453,22.4603220945277,-2.59490237148241,0.338003445683398,0
Unknown 271,3,3,23.1272020768693,23.5163651071572,-0.389163030287968,0.668250992773488,0
Unknown 272,3,3,21.9466530590283,22.5197177695663,-0.573064710538006,0.407914736212185,0
Unknown 273,3,3,18.9406142116519,20.580376509776,-1.63976229812415,0.464721931308106,0
Unknown 274,3,3,24.4388320974585,25.227615942752,-0.788783845293448,0.395944192625332,0
Unknown 275,3,3,22.1461923414969,22.477029574984,-0.330837233487106,0.911560789778506,0
Unknown 276,3,3,24.2934453950982,25.3159630718364,-1.02251767673823,0.78087763238537,0
Unknown 277,3,3,19.7695478438762,20.5662906342484,-0.796742790372232,0.801885962976245,0
Unknown 278,3,3,19.6590239961838,21.9491623455203,-2.29013834933656,0.466409501113273,0
Unknown 279,3,3,21.5174601300697,22.3149570560701,-0.797496926000413,0.162545203808383,0
Unknown 280,3,3,18.4084687998001,20.0457814051555,-1.6373126053554,0.532551586093012,0
Unknown 281,3,3,21.150358965102,21.0882042599842,0.062154705117873,0.959230033471844,0
Unknown 282,3,3,19.8148524510657,19.3138534107158,0.500999040349921,0.89429612201702,0
Unknown 283,3,3,19.7297428252622,21.9214658871663,-2.19172306190414,0.487479861913526,0
Unknown 284,3,3,20.0201345176597,20.2045646883597,-0.184430170699951,0.950137036090015,0
Unknown 285,3,3,21.0941874497553,21.3646899065902,-0.270502456834915,0.928585657879989,0
Unknown 286,3,3,21.3389814470078,22.4129845341837,-1.07400308717598,0.761855293654534,0
Unknown 287,3,3,23.5992427799139,23.9874496656376,-0.38820688572369,0.35620274980311,0
Unknown 288,3,3,19.8336729786768,22.1106747644925,-2.27700178581573,0.440270708313599,0
Unknown 289,3,3,20.0930541572268,20.6394659705548,-0.546411813327985,0.859534388316875,0
Unknown 290,3,3,25.3241077314825,25.5950695853152,-0.270961853832684,0.105723201063806,0
Unknown 291,3,3,18.7058137305581,21.7155729627117,-3.00975923215366,0.240507451909468,0
Unknown 292,3,3,20.5445954684731,21.9925644253122,-1.44796895683907,0.380169719854181,0
Unknown 293,3,3,24.3458617104516,24.7301957363094,-0.384334025857818,0.126220781864804,0
Unknown 294,3,3,21.2173740174999,18.1095447935979,3.10782922390201,0.283971117333372,0
Unknown 295,3,3,25.5611174068506,25.9814904136823,-0.420373006831756,0.349234290784563,0
Unknown 296,3,3,22.3133332563476,22.3538989180552,-0.0405656617075749,0.900577088969342,0
Unknown 297,3,3,17.1632362896886,20.4113854922987,-3.24814920261006,0.338822356124342,0
Unknown 298,3,3,21.1693705013826,21.4784505216708,-0.309080020288132,0.391301587578492,0
Unknown 299,3,3,21.0519503930844,23.2074419612045,-2.15549156812015,0.290616788714083,0
Unknown 300,3,3,21.5619625618838,22.4182909524274,-0.856328390543588,0.377883265302478,0
Unknown 301,3,3,18.305969832876,17.1687972470741,1.13717258580194,0.664258360309351,0
Unknown 302,3,3,19.4913917358523,21.1662454277132,-1.67485369186089,0.454876791258579,0
Unknown 303,3,3,21.8508399429195,23.2421029469854,-1.39126300406582,0.225169846523026,0
Unknown 304,3,3,21.5014766236894,21.800688115507,-0.299211491817537,0.699263573014658,0
Unknown 305,3,3,24.4303646950879,23.771163849888,0.659200845199958,0.0947221449260247,0
Unknown 306,3,3,21.7649917812904,23.2439447382993,-1.47895295700888,0.208539901137314,0
Unknown 307,3,3,22.8143048541756,22.8649669615165,-0.0506621073408979,0.956065519142929,0
Unknown 308,3,3,22.234091351345,22.214409764614,0.019681586730993,0.986059621649967,0
Unknown 309,3,3,23.2964429065526,23.2639082711448,0.0325346354077709,0.964858566684502,0
Unknown 310,3,3,19.9022910059711,23.2787442469976,-3.37645324102642,0.349418830107367,0
Uracil,3,3,28.217642316134,27.816637815526,0.401004500608025,0.175845701441611,0
Uridine,3,3,26.9460185540622,26.5706473516591,0.37537120240308,0.204015423114777,0
