Name,Count_-2_T0,Count_-6_6,Count_-6_4,Count_-2_4,Count_-2_10,Count_-6_8,Count_-2_8,Count_-6_T0,Count_-2_2,Count_-6_2,Count_-2_6,Count_-6_10,Mean_-2_T0,Mean_-6_6,Mean_-6_4,Mean_-2_4,Mean_-2_10,Mean_-6_8,Mean_-2_8,Mean_-6_T0,Mean_-2_2,Mean_-6_2,Mean_-2_6,Mean_-6_10,P_value_A_-2_T0_vs_-6_T0,P_value_A_-6_6_vs_-2_6,P_value_A_-6_4_vs_-2_4,P_value_A_-2_10_vs_-6_10,P_value_A_-6_8_vs_-2_8,P_value_A_-2_2_vs_-6_2,Flag_A_-2_T0_vs_-6_T0,Flag_A_-6_6_vs_-2_6,Flag_A_-6_4_vs_-2_4,Flag_A_-2_10_vs_-6_10,Flag_A_-6_8_vs_-2_8,Flag_A_-2_2_vs_-6_2
Cer(d16:0/16:3),3,3,3,3,3,3,3,3,3,3,3,3,21.5275017387226,20.8482301493292,21.3229258964157,21.3326690760135,21.0955331368157,21.0891502374019,20.8364335214859,21.3008531300083,20.9152567563949,21.3337910025549,21.3301448833732,21.2942334044642,0.503531522758257,0.161644443389504,0.976949743953498,0.557139059628459,0.456253918160554,0.221862205214118,0,0,0,0,0,0
Cer(d16:0/18:2),3,3,3,3,3,3,3,3,3,3,3,3,19.5466841259725,19.5414993565603,19.4687306203991,19.45123544371,19.6909013620148,19.7237113000932,19.7062161234041,19.5641793026616,19.6082695466131,19.6257647233022,19.5240041798712,19.7083965387039,0.974811828290324,0.974811828290324,0.974811828290324,0.974811828290324,0.974811828290324,0.974811828290324,0,0,0,0,0,0
Cer(d16:0/20:0),3,3,3,3,3,3,3,3,3,3,3,3,24.9504415395552,24.6159850320849,24.5844504382442,24.7957171072837,24.7623510664293,24.6393289108829,24.8505955799225,24.7391748705157,24.8467535637772,24.6354868947377,24.8272517011244,24.5510843973898,0.351263289980374,0.351263289980374,0.351263289980382,0.351263289980374,0.351263289980366,0.351263289980374,0,0,0,0,0,0
Cer(d18:0/14:0)_A,3,3,3,3,3,3,3,3,3,3,3,3,19.8053226292961,19.5925598180565,19.6221230879854,19.7317793527133,19.6877455331959,19.7417998655837,19.8514561303116,19.6956663645682,19.6798712637108,19.5702149989829,19.7022160827844,19.578089268468,0.681651084490152,0.681651084490152,0.681651084490152,0.681651084490152,0.681651084490152,0.681651084490152,0,0,0,0,0,0
Cer(d18:0/14:0)_B,3,3,3,3,3,3,3,3,3,3,3,3,23.4661183062605,22.8850515657421,22.8371676946086,23.1243929052535,23.44264564744,22.9747437628517,23.2619689734967,23.1788930956156,23.4111377205691,23.1239125099242,23.1722767763871,23.155420436795,0.555468865764337,0.555468865764337,0.555468865764337,0.555468865764337,0.555468865764337,0.555468865764337,0,0,0,0,0,0
Cer(d18:0/15:0),3,3,3,3,3,3,3,3,3,3,3,3,23.3366852958318,23.4129838821855,22.95827276122,23.4931309382788,23.6284400003093,23.3978712429991,23.3440081919044,23.454387471116,23.6005049389527,22.8953632269479,23.3027003100234,22.6426939331598,0.810335763350958,0.822070117639564,0.281111030716095,0.0533425144003083,0.912505390772937,0.158979135300428,0,0,0,0,0,0
Cer(d18:0/16:0(2OH))_A,3,3,3,3,3,3,3,3,3,3,3,3,24.9448228091316,24.838062585719,24.3682852209512,25.0621894654702,25.4278119979683,24.9634333647069,24.6466807154947,24.522326528286,24.7236897200863,24.73451015052,24.6959592748596,24.901458760034,0.256506088611045,0.699275479079345,0.0682762835901752,0.160521025423495,0.392135692168945,0.976496961143417,0,0,0,0,0,0
Cer(d18:0/16:0(2OH))_B,3,3,3,3,3,3,3,3,3,3,3,3,23.1524528130839,23.0813625897302,22.9174157901395,22.9105884893433,23.4318618631779,23.127316549138,23.0696614052682,23.1451391140612,23.0351062787991,23.3744402765429,22.7259123385013,22.6631918211551,0.984066484870893,0.336490859426634,0.985126009546299,0.0444527895034757,0.874934053479832,0.358445340051019,0,0,0,1,0,0
Cer(d18:0/16:0)_A,3,3,3,3,3,3,3,3,3,3,3,3,24.7422794770934,25.1305364078358,24.6048366655818,24.8355382793058,24.7178058622283,24.8852578884746,24.6534681703919,24.7385155510664,24.7815576257247,24.6757538187044,24.5075833610989,25.0201767112182,0.992052154752698,0.108730436580284,0.543077562888492,0.426683647891408,0.541191890950045,0.779646226551091,0,0,0,0,0,0
Cer(d18:0/16:0)_B,3,3,3,3,3,3,3,3,3,3,3,3,24.9637668199679,24.7140506840705,24.7522539952311,24.7985193741983,24.8101435319159,24.7097377298986,24.7560031088658,24.9175014410007,24.6624229569283,24.6161575779611,24.7603160630377,24.7638781529487,0.871999866539264,0.871999866539264,0.871999866539254,0.871999866539264,0.871999866539254,0.871999866539245,0,0,0,0,0,0
Cer(d18:0/17:0),3,3,3,3,3,3,3,3,3,3,3,3,23.1557218034845,23.3985857289706,23.0031525860556,23.3402550777115,23.4711882947746,23.2348964609439,23.2394755587279,23.3699830478753,22.9931332254491,23.0356455456989,22.7722662572448,22.8267410513515,0.543109801894711,0.0839121886806156,0.341436943755247,0.0758496573914901,0.989589902561473,0.903600549944727,0,0,0,0,0,0
Cer(d18:0/18:0);Cer(d20:0/16:0),3,3,3,3,3,3,3,3,3,3,3,3,24.2610029036854,24.0834097671777,24.0517991818002,24.2695359482422,24.1639110323386,24.1096026839285,24.3695985793073,24.4765331742945,24.3096441677212,23.9207379182127,24.016496664911,23.963651192182,0.462281804599348,0.818557066236259,0.457764196760413,0.494262947755314,0.376442787779707,0.19024059107294,0,0,0,0,0,0
Cer(d18:0/20:0),3,3,3,3,3,3,3,3,3,3,3,3,23.3508604669609,23.6126332817269,23.2948510591061,23.3579077996722,23.3186327787953,23.1866824000961,23.5297755369229,23.2425165773295,23.1473238704604,23.0542312778393,23.221067201824,23.0788586926799,0.69392595278543,0.162920184145273,0.818645916342988,0.386798750071147,0.219317277027126,0.735151212001938,0,0,0,0,0,0
Cer(d18:0/22:0),3,3,3,3,3,3,3,3,3,3,3,3,22.0200299175252,21.9592848696657,21.7581648917915,21.6953020674209,22.0077285580363,22.0273209296719,21.6194761269768,21.8373783105282,21.6964295015874,21.6903555947184,21.5798601496336,21.5851694984962,0.652200736841135,0.352527607537103,0.876495223211687,0.301534510528614,0.318311448637702,0.988016124840389,0,0,0,0,0,0
Cer(d18:0/24:0),3,3,3,3,3,3,3,3,3,3,3,3,21.8487519499561,21.8211647699943,21.4387378471433,21.5622617254531,22.0612745144304,21.8519301727931,21.5869618237461,21.7420046569435,21.6637271396883,21.6651095784585,21.4406814125913,21.4705692709188,0.785068532131567,0.335406172045586,0.752384456944018,0.14004555829885,0.500172273329255,0.997179751382531,0,0,0,0,0,0
Cer(d18:1/16:0(2OH)),3,3,3,3,3,3,3,3,3,3,3,3,25.9570888598923,25.9511118186511,25.7233000885423,25.6665379797582,26.087850553916,25.3986492217472,26.0108255664401,25.5149501247141,25.6631969401828,25.9425916461148,25.7549356926006,25.4489990006759,0.255038500593836,0.60962085474829,0.882250172063393,0.104971982322487,0.119483516124997,0.468345921972954,0,0,0,0,0,0
Cer(d18:1/22:0(2OH)),3,3,3,3,3,3,3,3,3,3,3,3,25.341321038139,25.4143114891013,25.3177086197655,25.3940715450222,25.2730779436864,25.3991318483252,25.4754947735819,25.2649581128823,25.6568671465336,25.5805042212769,25.4906744143581,25.1967150184296,0.824553699578806,0.824553699578798,0.824553699578798,0.824553699578806,0.824553699578806,0.824553699578814,0,0,0,0,0,0
Cer(d18:1/22:0),3,3,3,3,3,3,3,3,3,3,3,3,22.2253816520878,22.1162160040059,21.7750574257024,21.8917109099386,22.1342830854611,21.8954676492087,21.9686495545693,21.9145657181883,21.8611453318444,21.7997378960199,21.5665258707588,21.6987134990248,0.452245584321464,0.189178941687861,0.776739579973537,0.294904541771373,0.858732191290369,0.881264837482492,0,0,0,0,0,0
Cer(d18:1/24:0(2OH))_A,3,3,3,3,3,3,3,3,3,3,3,3,24.3500665224266,24.6302720114064,24.3650745745501,24.469023655963,24.3355010041426,24.5457814675338,24.6497305489467,24.2461174410136,24.5298897538381,24.4259406724252,24.7342210928194,24.2315519227297,0.730074109937775,0.730074109937766,0.730074109937766,0.730074109937766,0.730074109937766,0.730074109937766,0,0,0,0,0,0
Cer(d18:1/24:0(2OH))_B,3,3,3,3,3,3,3,3,3,3,3,3,26.0594533232965,26.6603583349682,26.0078949632813,26.302064010917,26.2693735402806,26.468984003069,26.1125508910794,25.9240314545206,26.1818579812724,26.4276229598674,26.2426338343553,25.8550347268311,0.634467920401802,0.15043408041998,0.305935205714042,0.153627370734752,0.21712902635352,0.390794890976408,0,0,0,0,0,0
Cer(d18:1/24:1(2OH)),3,3,3,3,3,3,3,3,3,3,3,3,24.7211412463863,24.599923427441,24.8078352144461,24.8849108224369,24.5238879645668,24.8439042524393,24.9209798604301,24.6440656383955,24.8309276720791,24.7538520640884,24.6769990354318,24.446812356576,0.775016487651818,0.775016487651838,0.775016487651838,0.775016487651818,0.775016487651838,0.775016487651838,0,0,0,0,0,0
Cer(d18:1/26:1(2OH)),3,3,3,3,3,3,3,3,3,3,3,3,23.9448409565815,23.9461036524186,23.7469715067765,24.0976496920208,24.0808401978035,24.0219276904182,24.1487532723945,23.728707751639,24.1950803269409,24.0883882889793,24.1541333880397,23.3900037335522,0.460576320958324,0.477374459547598,0.235513409886257,0.0246666842679667,0.6638288541632,0.71447796507875,0,0,0,1,0,0
Cer(d18:2/24:1),3,3,3,3,3,3,3,3,3,3,3,3,22.324990619438,22.3616398347573,22.2728808465729,22.138538859745,22.3695183833371,22.3589456670472,22.1125062232749,22.0492436859967,22.614340918874,22.3243572071185,22.3476980113249,21.8907610978873,0.43139290679265,0.968058806545949,0.70005183094392,0.177443352308361,0.481365483597216,0.408314108323085,0,0,0,0,0,0
Cer(d20:0/16:0(2OH));Cer(d18:0/18:0(2OH)),3,3,3,3,3,3,3,3,3,3,3,3,23.8421126063963,23.644797824295,23.6308259684208,23.6354665901175,23.7578347713782,23.7316377687503,23.7362783904471,23.8374719846995,23.6459994558909,23.6413588341941,23.6494384459918,23.7531941496814,0.985657958107482,0.985657958107493,0.985657958107482,0.985657958107493,0.985657958107482,0.985657958107493,0,0,0,0,0,0
Cer(d20:0/18:0(2OH)),3,3,3,3,3,3,3,3,3,3,3,3,23.5351237370676,23.5347007623323,23.4085819655532,23.3271506276584,23.7914729751119,23.5104741657901,23.4786665470488,23.6334928880961,23.333463987751,23.0940790913035,23.1521172248641,23.3149555094991,0.768223057517764,0.257766116469904,0.807209636465475,0.161708892142752,0.924021189267663,0.475258365283833,0,0,0,0,0,0
CoQ10,3,3,3,3,3,3,3,3,3,3,3,3,21.2877091733684,21.3622125342298,21.3243900772295,21.3441624711976,21.3644770803075,21.4659762012095,21.4857485951776,21.2679367794003,21.3161653436612,21.2963929496931,21.3819849281979,21.3447046863393,0.923544864105969,0.923544864105969,0.923544864105969,0.923544864105969,0.923544864105969,0.923544864105969,0,0,0,0,0,0
DG(18:2/0:0/18:2),3,3,3,3,3,3,3,3,3,3,3,3,22.6516698125892,23.0132305918348,23.0822847863576,22.6353380157127,22.6779177447198,23.2709695425075,22.8240227718627,23.098616583234,22.5206256150558,22.9675723857006,22.5662838211899,23.1248645153647,0.122484050023222,0.122484050023225,0.122484050023225,0.122484050023225,0.122484050023225,0.122484050023222,0,0,0,0,0,0
DG(18:2/18:3/0:0),3,3,3,3,3,3,3,3,3,3,3,3,21.4968938532773,21.9124714331778,22.3664776005929,21.774156846358,21.4400441067737,21.716476310902,21.1241555566671,22.0892146075122,21.33808425949,21.930405013725,21.3201506789429,22.0323648610086,0.132968606037568,0.132968606037566,0.132968606037568,0.132968606037564,0.132968606037566,0.132968606037564,0,0,0,0,0,0
DGDG(14:0/16:1),3,3,3,3,3,3,3,3,3,3,3,3,18.7775817639163,16.1642878574597,16.4433248571277,16.8594835905527,16.4720151337442,15.9726835031753,16.3888422366003,18.3614230304913,16.6242027272744,16.2080439938494,16.5804465908847,16.0558564003192,0.364943281708385,0.364943281708385,0.364943281708385,0.364943281708385,0.364943281708383,0.364943281708385,0,0,0,0,0,0
DGDG(16:0/18:1),3,3,3,3,3,3,3,3,3,3,3,3,20.261040483529,19.8920829396931,19.7901073432887,19.7641172104473,20.1273195274789,20.2055475404069,20.1795574075655,20.2870306163704,20.1362601140756,20.162250246917,19.8660928068517,20.1533096603202,0.951626969263707,0.951626969263707,0.951626969263707,0.951626969263707,0.951626969263707,0.951626969263707,0,0,0,0,0,0
DGDG(16:0/18:2),3,3,3,3,3,3,3,3,3,3,3,3,22.1963901393631,22.4754833660761,22.2413808032267,22.0256422386286,22.2912039956079,21.6796613600361,22.2250653558601,22.3860727283964,21.8090425154397,22.4934136259616,21.9472523262676,22.7903229088074,0.611728337305958,0.164954360142474,0.564023436472554,0.188550018137636,0.152182364449334,0.0758216662868659,0,0,0,0,0,0
DGDG(16:0/18:3),3,3,3,3,3,3,3,3,3,3,3,3,20.4196833521815,20.8767718588924,21.2905500658315,20.6698384571105,20.5809692188361,20.3000002948624,20.6827627487427,20.9840197589506,20.3070555268354,20.561096836485,20.0380445687305,21.0136509044861,0.135046482148768,0.030542629751611,0.101847811585408,0.247313214914536,0.304635188740475,0.492982236019174,0,1,0,0,0,0
DGDG(16:1/18:1),3,3,3,3,3,3,3,3,3,3,3,3,20.0464113319299,19.3099753170075,19.8938240949749,20.015627336665,19.6329177430189,19.88264375572,19.7724104632769,19.7662258393404,19.5769483092922,19.4790652356845,19.3890930509383,20.500826918963,0.457777585616983,0.833043872791682,0.745695371986916,0.0280680397269792,0.769084324387269,0.794299092123356,0,0,0,-1,0,0
DGDG(18:0/18:2);DGDG(18:1/18:1)_B,3,3,3,3,3,3,3,3,3,3,3,3,19.7975862157262,19.893942245654,19.9211442608822,19.7167711987661,19.7407518819514,19.7505673079232,19.546194245807,20.0019592778423,19.4600033493592,19.6643764114754,19.6895691835378,19.9451249440676,0.481542235723327,0.481542235723327,0.481542235723327,0.481542235723327,0.481542235723327,0.481542235723327,0,0,0,0,0,0
DGDG(18:0/18:3),3,3,3,3,3,3,3,3,3,3,3,3,19.2177126560109,19.1002812718601,19.9236089866757,19.4201124995171,18.9700695953823,19.6003636580266,19.0968671708679,19.7212091431696,18.7911976551562,19.2946941423149,18.5967847847014,19.473566082541,0.48059595015519,0.48059595015519,0.48059595015519,0.48059595015519,0.48059595015519,0.48059595015519,0,0,0,0,0,0
DGDG(18:1/18:1)_A,3,3,3,3,3,3,3,3,3,3,3,3,20.9818533655779,21.0784521543449,21.2198190133131,21.4010483302384,21.0573361108068,21.0825856778252,21.1114454408564,21.3366179582888,20.998720790543,20.9994560664485,21.0281291880993,21.5510549108485,0.123340394935391,0.822700652937335,0.422615125082382,0.0359213258436008,0.897714043316853,0.997386372888222,0,0,0,-1,0,0
DGDG(18:1/18:2),3,3,3,3,3,3,3,3,3,3,3,3,19.2322127572238,19.6449587786071,20.5848810166182,19.7237692146776,19.0732974102433,19.1273289678098,19.3720390801189,19.8167105890715,18.6894318094082,19.3999563321427,18.7834826635836,19.7127592465321,0.174120648554302,0.0499529728950438,0.0500423994515888,0.138514489880695,0.563082324393054,0.101555909838206,0,1,0,0,0,0
DGDG(18:1/19:1),3,3,3,3,3,3,3,3,3,3,3,3,21.271836605307,21.389319029811,21.2021193970054,21.098918640271,21.4327452370029,21.3462690338221,21.2430682770877,21.3750373620414,21.1266301962171,21.2298309529515,21.2861182730766,21.5359459937373,0.718389528524383,0.718389528524393,0.718389528524393,0.718389528524411,0.718389528524393,0.718389528524393,0,0,0,0,0,0
DGDG(18:2/18:2),3,3,3,3,3,3,3,3,3,3,3,3,19.9307685148792,20.2199076230562,20.6627947788585,20.08396983687,20.0966784563387,19.900689526818,20.0755212158593,20.5603442351671,19.9013154192685,19.8242897495951,19.3896740798878,20.3178341710653,0.110129509659912,0.0386613298448242,0.140264071120465,0.56548492277765,0.649161310247111,0.840868839936901,0,1,0,0,0,0
DGDG(18:2/18:4);DGDG(18:3/18:3),3,3,3,3,3,3,3,3,3,3,3,3,19.1867140020249,19.4798900083448,19.7219017516243,19.6806902115815,18.9973110912033,19.1014552947156,19.2078931292814,20.0068198223374,19.0123211880829,19.4798354646692,18.6797295632829,19.5886963543072,0.138524858127066,0.147938945204091,0.939261507660234,0.280133299620106,0.844039114570383,0.391040191264372,0,0,0,0,0,0
DGDG(18:2/20:0);DGDG(19:1/19:1),3,3,3,3,3,3,3,3,3,3,3,3,20.8311168957307,21.0090089791244,20.6870566827916,20.8678580542139,21.0873880651637,20.8889719152874,20.6238725057481,20.8729501697453,20.8528855163194,20.768988565275,20.8071778640597,20.6972941075922,0.871614751070787,0.438363950556303,0.487005175644023,0.140781725220193,0.310929551044037,0.74606290596548,0,0,0,0,0,0
DGDG(31:1),3,3,3,3,3,3,3,3,3,3,3,3,19.4124059778256,17.5697531094786,17.6660196541906,18.2166313034284,17.3352131197174,17.5766417471931,17.469816977995,18.7390541008125,17.8729507701953,17.8116839248804,17.702593861633,17.8231322379302,0.0610249069288932,0.701605329665276,0.121075074196186,0.167244987382434,0.757865226692581,0.859563876803463,0,0,0,0,0,0
DGDG(34:1),3,3,3,3,3,3,3,3,3,3,3,3,22.0285075802736,21.9261778274749,21.9209180421079,21.9803891515428,21.7099232596971,22.1640531738297,22.2235242832647,21.9690364708386,22.1228531075293,22.0633819980943,21.9856489369099,21.6504521502621,0.85932340952298,0.85932340952298,0.85932340952298,0.85932340952298,0.85932340952298,0.85932340952298,0,0,0,0,0,0
DGDG(36:5),3,3,3,3,3,3,3,3,3,3,3,3,19.9457691783755,19.6929693424315,20.2435233637808,19.8970648859823,19.5934271793098,19.8758902437094,19.5294317659109,20.2922276561741,19.3435350187264,19.6899934965249,19.3465108646329,19.9398856571083,0.463467933522625,0.463467933522625,0.463467933522625,0.463467933522625,0.463467933522625,0.463467933522625,0,0,0,0,0,0
DGTSA(14:0/15:0),3,3,3,3,3,3,3,3,3,3,3,3,19.6929685215353,19.3308192617275,19.2522318244573,19.5335028634647,19.6819086850328,19.3058569788399,19.5871280178472,19.411697482528,19.3895928412453,19.1083218022379,19.6120903007348,19.4006376460255,0.28007538868985,0.28007538868985,0.28007538868985,0.28007538868985,0.28007538868985,0.28007538868985,0,0,0,0,0,0
DGTSA(14:0/16:1),3,3,3,3,3,3,3,3,3,3,3,3,22.3483428736361,21.9372764051706,22.1062606798714,22.4719413178366,22.2838602848005,22.1871340270051,22.4984075769898,22.1034239225075,21.863453396305,21.8614646474469,22.2387196913719,22.3138496010729,0.274834233161677,0.181701069687077,0.108205533871328,0.892302002847262,0.168386184314089,0.992834864707394,0,0,0,0,0,0
DGTSA(15:0/15:0),3,3,3,3,3,3,3,3,3,3,3,3,22.3572726467003,22.2440100423745,22.2784034679428,22.4304352733014,22.5536235957415,22.4150822171316,22.5671140224903,22.2052408413417,22.3623526108022,22.2103208054435,22.3960418477332,22.4015917903829,0.488021298916067,0.488021298916067,0.488021298916077,0.488021298916077,0.488021298916057,0.488021298916067,0,0,0,0,0,0
DGTSA(15:0/16:0),3,3,3,3,3,3,3,3,3,3,3,3,23.2005314308761,23.2118510475977,23.6157847089267,23.6735129108725,24.1917580268537,23.5055957070081,24.2147018743307,23.7666458466463,24.0832660264869,24.30313955986,24.0727629787344,24.0882652039272,0.140180110189348,0.0291628328955951,0.877673200117741,0.782711197303985,0.0680274467165939,0.559037818387145,0,-1,0,0,0,0
DGTSA(15:0/16:1),3,3,3,3,3,3,3,3,3,3,3,3,22.5628816096951,22.1604096994961,22.2942692769979,22.490511835285,22.530138547678,22.3125507973351,22.5087933556223,22.366639051408,22.2155292923238,22.0192867340366,22.3566522577832,22.3338959893908,0.356112809648756,0.356112809648756,0.356112809648756,0.356112809648747,0.356112809648747,0.356112809648756,0,0,0,0,0,0
DGTSA(15:0/17:0),3,3,3,3,3,3,3,3,3,3,3,3,21.7065256609816,21.5416539186338,21.7124807346123,21.9283041118474,22.0360514122533,21.8177347574703,21.8233648954784,22.0509504105708,21.4675279920516,22.0688807653232,21.577156091556,21.7271576030178,0.258562735510311,0.906042850268485,0.475371930078811,0.309679943312504,0.985063854478839,0.0546259672700639,0,0,0,0,0,0
DGTSA(16:0/16:0),3,1,2,3,3,3,3,3,3,1,2,3,24.1640663703977,24.9342175019931,25.1367247902577,24.7487987652684,25.1352355135161,24.299282699887,25.166556264755,24.3656152248537,24.3154119972571,25.3854958631402,24.2286679036142,24.1446301579447,0.734223165542882,0.431473811089894,0.560150710145288,0.107344149530347,0.155163912736605,0.211836108880943,0,0,0,0,0,0
DGTSA(16:0/18:1),3,3,3,3,3,3,3,3,3,3,3,3,26.7645633099163,26.7684390755459,26.639022196326,26.7613504610161,27.0649047341539,26.6648713081365,26.7871995728266,26.6422350452262,26.718329309542,26.5960010448519,26.890767340236,26.9425764694638,0.648907312562467,0.648907312562467,0.648907312562448,0.648907312562467,0.648907312562467,0.648907312562486,0,0,0,0,0,0
DGTSA(16:0/18:2),3,3,3,3,3,3,3,3,3,3,3,3,26.2672994807587,26.3565075550797,26.0666493621748,26.4515969772198,27.0393986908081,26.0807359187559,27.0426749680965,26.3827797287677,26.2353731656522,27.0915305282949,26.0391229040887,26.4432010237954,0.808683585499903,0.507478515579648,0.42248836171992,0.218403203197382,0.0525820784735907,0.0820417792204604,0,0,0,0,0,0
DGTSA(16:0/18:3),3,3,3,3,3,3,3,3,3,3,3,3,24.0073695357458,24.295411614536,23.8576761816541,24.0210405718728,24.0634556651944,23.6424960367511,24.0826816242653,24.6156772509977,24.405109099772,24.3196946726758,23.8724689968444,24.3137008822626,0.19456537860764,0.362726219818472,0.723187612911738,0.588088311557193,0.343839051866078,0.852937248857216,0,0,0,0,0,0
DGTSA(16:0/19:1);DGTSA(16:1/19:0),3,3,3,3,3,3,3,3,3,3,3,3,22.9077928359832,22.7313443516245,22.9630382313681,23.0734703108989,22.9481203675916,22.6352329796197,22.9942413457809,22.9068521464056,22.4344204340604,22.8454047935133,23.0314775740488,22.818621415701,0.99649396024013,0.169429663616105,0.606966450302063,0.546778887016831,0.10309644025313,0.06423075407515,0,0,0,0,0,0
DGTSA(16:1/16:1),3,3,3,3,3,3,3,3,3,3,3,3,24.8844142014926,24.8034834928254,24.9406204267753,25.0268829423369,24.7266696463458,24.8494370329417,24.9356995485034,24.7981516859309,24.6767192928432,24.5904567772815,24.8897460083871,24.6404071307841,0.745640345879698,0.745640345879708,0.745640345879698,0.745640345879698,0.745640345879698,0.745640345879688,0,0,0,0,0,0
DGTSA(16:1/18:1),3,3,3,3,3,3,3,3,3,3,3,3,25.9991736804907,25.8134836868579,26.0523503272172,26.1137886635523,26.4996710226188,26.0183062606232,26.0797445969583,25.9377353441556,26.1891903129332,26.1277519765981,25.8749220231931,26.4382326862836,0.898563499966339,0.898563499966334,0.898563499966334,0.898563499966328,0.898563499966328,0.898563499966334,0,0,0,0,0,0
DGTSA(16:1/18:2),3,3,3,3,3,3,3,3,3,3,3,3,22.2498083210848,22.2345443034383,22.5198563676389,22.1333876402808,21.9489972445959,22.0275777097818,22.2731881640422,22.3064077629539,21.9730520902386,22.4252087243833,22.1615456990464,21.9898051988839,0.846193673378827,0.802498975082219,0.193147194858161,0.888751990476195,0.403231916647403,0.130329032934589,0,0,0,0,0,0
DGTSA(17:0/17:0),3,3,3,3,3,3,3,3,3,3,3,3,22.8778540174295,22.7843548077764,22.8383095547943,22.900910156152,22.8573681741587,22.8114130175496,22.9599216323726,23.0106733497196,22.5944941097296,22.5789643472641,22.6374746890561,23.3832064019833,0.615390961129273,0.578724459469968,0.812438142786843,0.0552149218459552,0.574549205366472,0.953034052256169,0,0,0,0,0,0
DGTSA(18:0/18:1),3,3,3,3,3,3,3,3,3,3,3,3,24.9849045444403,24.903233764906,25.076118291075,25.2449547741991,25.1463264656472,24.9301888072958,24.9880056861827,25.0946860011926,24.9306019009461,25.1845293941957,24.997014187895,25.3439277732962,0.566247104287912,0.623818712566183,0.379943002945849,0.305582025720948,0.762008756329211,0.191102961575756,0,0,0,0,0,0
DGTSA(18:1/18:1),3,3,3,3,3,3,3,3,3,3,3,3,27.6518220218512,27.3441642260311,27.4179846110293,27.4083306016183,27.8151038472581,27.349737897943,27.6053929529467,27.2334985139804,27.2037864962991,27.3652513462515,27.6837780797769,27.619594403133,0.139006702667382,0.226090924642419,0.972119002529324,0.481368326188658,0.358971030668597,0.560254116740064,0,0,0,0,0,0
DGTSA(18:1/18:2),3,3,3,3,3,3,3,3,3,3,3,3,24.9637486614973,24.5862013965306,24.3080325604913,24.1749798697175,25.1671359267235,24.3214794690027,25.2701360120377,24.2877351682763,24.4830527386845,25.5185427987817,24.4716738248296,23.9186746654867,0.118671514158217,0.786305907435136,0.752854396218073,0.0063755164723863,0.0324070832959444,0.020601756776543,0,0,0,1,-1,-1
DGTSA(19:0/19:0),3,3,3,3,3,3,3,3,3,3,3,3,20.0010032499929,19.7418026029439,19.8602704635318,19.9905786228582,19.8414465385381,19.6947311964712,19.8250393557975,19.8706950906665,19.7758496367588,19.6455414774324,19.8721107622703,19.7111383792117,0.620680601944424,0.620680601944424,0.620680601944424,0.620680601944424,0.620680601944424,0.620680601944424,0,0,0,0,0,0
HexCer(d18:2/16:1)_A,3,3,3,3,3,3,3,3,3,3,3,3,24.9243869750334,24.897198964518,24.601523086761,24.9981856629622,25.0700848644683,24.9708052701012,25.1836716739775,24.5973154098959,24.9233521537755,24.7967952861864,24.7995317069737,25.0560255241449,0.149544359194404,0.660596186242912,0.0835308560087919,0.949500273577886,0.342211234023505,0.569908379249988,0,0,0,0,0,0
HexCer(d18:2/16:1)_B,3,3,3,3,3,3,3,3,3,3,3,3,25.3806463852699,25.3861624374002,24.8930171573149,25.2815493450818,25.4591013757786,25.256254078306,25.4817978057997,25.0618292675176,25.112218720112,25.2404875384679,25.1734286166422,25.177780223605,0.22876716843013,0.417998691585915,0.14534301649372,0.286625122995855,0.390928668686982,0.62378516425669,0,0,0,0,0,0
HexCer(d18:2/20:1),3,3,3,3,3,3,3,3,3,3,3,3,24.2121833954895,24.961502949037,23.9559210289235,24.1877292453354,25.0856255723023,24.5766945131353,24.4496149398279,24.1626999866723,24.5754243188155,24.3360751334037,24.5280504640873,23.6458687983741,0.924439130351834,0.409438807891249,0.657463941902962,0.010193145564097,0.807664399267707,0.647111061642267,0,0,0,1,0,0
PC(0:0/16:0),3,3,3,3,3,3,3,3,3,3,3,3,22.385570551631,21.7756701337114,21.4750280984719,22.0845860535261,22.870647307755,21.8642588399869,22.0629442069919,22.5539183575687,21.7436630218843,22.8799394429174,21.8020593932334,21.5178547800799,0.633043419642003,0.940199821580804,0.0927052480485053,0.000702167281982636,0.573465336709224,0.00328658947991185,0,0,0,1,0,-1
PC(0:0/18:1)_A,3,3,3,3,3,3,3,3,3,3,3,3,23.6232402124809,23.1404158659175,23.5411158644954,24.1049024924747,24.0580116812044,23.774411769424,24.1325634960267,24.127095728221,23.638659419145,24.8144006525004,24.0504186645872,23.5160659334729,0.285710286253508,0.0602299841089167,0.233650760481975,0.251731920856428,0.445237390155031,0.0176562328771079,0,0,0,0,0,-1
PC(0:0/18:1)_B,3,3,3,3,3,3,3,3,3,3,3,3,22.9193149910794,22.0052279298133,22.3674030430972,22.5473649077604,22.7226994777972,22.4581401011016,22.6357048618608,23.4464798822702,22.1743190850685,23.0553605030753,22.519438852902,22.1458097977036,0.0834215333905436,0.0908112903761603,0.543275478047447,0.059671810481348,0.548617987265113,0.00593282997410845,0,0,0,0,0,-1
PC(15:0/16:1),3,3,3,3,3,3,3,3,3,3,3,3,23.995087457104,23.9898303238543,23.8773348612155,24.4067282333107,24.1793706576889,23.8560473542449,24.1019824587924,23.8497757250732,24.027495734379,23.8832788338269,24.2429632966172,24.1230614313302,0.4689762196432,0.212163627219962,0.0130724491901338,0.777989385309862,0.225030380374416,0.472295362166733,0,0,-1,0,0,0
PC(15:0/17:0),3,3,3,3,3,3,3,3,3,3,3,3,23.6071704989379,23.4434830202304,23.0548604808835,23.4630790384365,23.8568833717715,23.1067940355647,23.5150125931178,23.1989519413849,23.6742369319724,23.2660183744194,23.8517015777835,23.4486648142185,0.311477896163464,0.311477896163464,0.311477896163468,0.311477896163464,0.311477896163464,0.311477896163464,0,0,0,0,0,0
PC(16:0/16:1),3,3,3,3,3,3,3,3,3,3,3,3,25.8374456469164,25.4030843030512,25.8116378855837,25.616011018555,25.6526915174903,25.4707462968926,25.8655060334637,25.494778626673,25.7052336350756,25.4053922792061,25.7268149172956,26.1415237043213,0.200438767258697,0.225602029350726,0.459606991161686,0.072575614433976,0.142419048953274,0.260678770115596,0,0,0,0,0,0
PC(16:0/18:1),3,3,3,3,3,3,3,3,3,3,3,3,25.8042954117965,25.9890099098803,26.3036388211413,26.0965447973049,26.4405043368447,26.14282179955,26.2374230703802,26.0360870650611,25.8561593673789,25.7292841018898,25.8928800731642,26.1266341748258,0.259430449484925,0.636246658334694,0.312359567382456,0.130886798211221,0.641596829543542,0.533200129809667,0,0,0,0,0,0
PC(16:0/18:3),3,3,3,3,3,3,3,3,3,3,3,3,22.8377141337037,22.9175876869062,23.0841038847628,22.8739196652688,22.7151241622719,22.9448774110759,22.7346931915819,23.0478983531977,22.6346063547315,22.8447905742255,22.7074034674122,22.9253083817659,0.467848587229323,0.467848587229323,0.467848587229316,0.467848587229323,0.467848587229323,0.467848587229316,0,0,0,0,0,0
PC(16:1/0:0),3,3,3,3,3,3,3,3,3,3,3,3,22.4592513981395,21.5337230790731,21.8548873697138,22.5390754592563,22.5579823906915,22.7694533402258,22.9805132044034,22.5517182927174,22.2635459056894,22.1886322256033,22.6059177493251,22.2936251014856,0.831204434813484,0.0197099169475321,0.123912998530323,0.543641756114839,0.627279671293392,0.862870317701202,0,-1,0,0,0,0
PC(16:1/16:1),3,3,3,3,3,3,3,3,3,3,3,3,25.6198579859358,25.3929302582768,25.5958624607546,25.9467671522422,25.9333000846495,25.4293813713158,25.7189574261062,25.672190383905,25.6133235775897,25.6570281369696,25.7194307264965,25.6019673606922,0.829067980498956,0.185924010192021,0.156296788311885,0.179729961289789,0.238912105533017,0.856893583093535,0,0,0,0,0,0
PC(16:1/17:1),3,3,3,3,3,3,3,3,3,3,3,3,25.2524459202713,25.178031649324,25.2574694376691,25.4563135597269,25.4028914105106,25.1741731593252,25.373017281383,25.0536017982134,25.2873269503787,25.0884828283209,25.3768757713818,25.2040472884528,0.476750803679727,0.476750803679735,0.476750803679727,0.476750803679727,0.47675080367972,0.476750803679735,0,0,0,0,0,0
PC(16:1/18:1)_A,3,3,3,3,3,3,3,3,3,3,3,3,27.2203478947074,26.9848025699112,27.3401360068629,27.0742657404777,27.283096476815,26.7445731804237,27.1582941803193,26.8099870111989,27.0674864132396,27.0896936996872,27.09735011263,27.5122592879445,0.116973671547364,0.659593919251229,0.30256452617807,0.372842508215819,0.114155822643924,0.9306047453567,0,0,0,0,0,0
PC(16:1/18:1)_B,3,3,3,3,3,3,3,3,3,3,3,3,25.2994180730325,25.3245131718907,25.8300325056091,25.5049309002329,25.4273024436741,25.0474592068625,25.5520956235535,25.7323429277397,25.3807414814419,25.5228201726105,25.238554051299,25.4144862913716,0.19423884329195,0.793142116099197,0.325919208499887,0.968790184687196,0.132625088097428,0.665094957943803,0,0,0,0,0,0
PC(16:1/18:1)_C,3,3,3,3,3,3,3,3,3,3,3,3,25.4604292823614,25.7715984681799,25.9438956114374,25.9199534218672,25.8181496368813,25.7356505029258,25.8312415166742,25.7693447535529,25.6147920390676,25.6034258555951,26.2375168689244,26.0605797083971,0.227939454798021,0.074284952630095,0.924398645918699,0.341224155192314,0.70518181266666,0.964065054795328,0,0,0,0,0,0
PC(17:1/18:1),3,3,3,3,3,3,3,3,3,3,3,3,25.3360012229683,25.3084223821853,25.495210232124,25.4193190085691,25.9119142632561,25.5895738412124,25.4836382724902,25.4613287466649,25.0222159623786,25.4174527582681,25.3611788478353,25.6998455385637,0.585659480476541,0.818037276226534,0.740824026324882,0.359084186758337,0.644654385721859,0.0941976543539267,0,0,0,0,0,0
PC(18:1/18:1),3,3,3,3,3,3,3,3,3,3,3,3,29.2442668218852,29.3878152040624,29.706431433986,29.5723446324476,29.8787889845623,29.7610743174298,29.6437848616893,29.5726656951001,29.120177611919,29.5789150932336,29.5225097553995,29.6804167875082,0.182888697700824,0.578957426128011,0.580660205210584,0.415550125325915,0.628681320838092,0.0673620347300759,0,0,0,0,0,0
PC(18:1/18:2),3,3,3,3,3,3,3,3,3,3,3,3,26.0308157568989,25.6556125770628,26.062621130597,25.7514690056172,25.957493593159,25.5745442259009,25.8927841083784,25.8177195036413,25.6442972316642,25.754900416474,26.1084569818015,25.9931328643139,0.532784722425385,0.19121321363738,0.364619880706527,0.916581886400727,0.353988306485094,0.745388158896205,0,0,0,0,0,0
PC(18:1/19:1)_A,3,3,3,3,3,3,3,3,3,3,3,3,24.6540948469339,24.9044203190173,24.9993283966601,25.016846172737,25.0483416500924,24.9474763731604,24.9649941492374,24.636577070857,24.9640667856066,24.9465490095297,24.9219380950942,25.0308238740154,0.957144240541608,0.957144240541617,0.957144240541608,0.957144240541608,0.957144240541608,0.957144240541617,0,0,0,0,0,0
PC(18:1/19:1)_B,3,3,3,3,3,3,3,3,3,3,3,3,26.7967981392811,27.1703224994327,27.1936725216536,27.226293872961,27.3664019390869,26.9932035728774,27.3167401835015,27.2349118810617,27.2036419005052,27.1010385239419,27.2651457171496,26.9690797802022,0.11572892727709,0.727002421223996,0.904292505970194,0.15186389151415,0.23987243441115,0.705670412425766,0,0,0,0,0,0
PC(18:1/19:1)_C,3,3,3,3,3,3,3,3,3,3,3,3,23.6348120872188,23.9346296261,23.971054238726,24.0246572585138,23.7783639320601,23.679691445328,23.9991461118396,23.8249783050376,23.8198354235579,23.7149792465887,24.0794943427175,23.9452941349771,0.380290298590076,0.502452283918514,0.803226880764915,0.44035714965795,0.146265896137161,0.626597983556688,0,0,0,0,0,0
PC(18:2/18:2)_A,3,3,3,3,3,3,3,3,3,3,3,3,24.912672164636,24.8849650365013,25.0660631976795,24.8700564918261,24.7453859377421,24.9775594815232,24.7815527756698,25.1086788704894,24.7721785498225,24.9681852556759,24.6889583306479,24.9413926435955,0.483660900957984,0.483660900957976,0.483660900957976,0.483660900957968,0.483660900957976,0.483660900957976,0,0,0,0,0,0
PC(18:2/18:2)_B,3,3,3,3,3,3,3,3,3,3,3,3,23.3464027615554,23.1571725977068,23.3755190080916,23.4269300572695,23.216153243563,23.1820002990866,23.5718620524554,23.1920801362378,23.5169666809908,23.126623191768,23.278938165575,23.4084869404769,0.594524307962126,0.674141896897905,0.858878667450897,0.507775403001574,0.185571355660687,0.185048222842765,0,0,0,0,0,0
PC(18:2/18:3),3,3,3,3,3,3,3,3,3,3,3,3,23.5525557332073,23.1424060946627,23.2708940494557,23.3228391566569,22.8475862568178,22.8664987421054,22.8487621028369,23.4488420253599,22.738941421687,23.2152037161618,22.8488157335127,23.4872154704273,0.750821296330745,0.372226376358192,0.873530289343708,0.0591531410478104,0.95664559621247,0.15318778225606,0,0,0,0,0,0
PC(18:2/19:1),3,3,3,3,3,3,3,3,3,3,3,3,25.6311828506758,25.6897614315016,25.6237320470334,26.0870493737151,25.7040629294115,25.5647716861788,25.9182347790148,25.5765643941708,25.6730984634656,25.5812281923886,25.6249527422335,25.8523907921776,0.83992167542203,0.810611187393695,0.0960806456182306,0.584341801053255,0.198809029525787,0.734238590283977,0,0,0,0,0,0
PC(18:3/20:0),3,3,3,3,3,3,3,3,3,3,3,3,23.5506113769727,24.0319428079146,23.9778279733954,24.2818899064425,23.8555187076711,23.9531448865926,24.079448645767,23.7983767140022,23.7414326888211,24.0860275896018,24.2278996374757,24.0291403906425,0.247821072019908,0.358192651127099,0.159005696629533,0.414705175793929,0.551632226181326,0.112510691334388,0,0,0,0,0,0
PC(19:1/0:0),3,3,3,3,3,3,3,3,3,3,3,3,22.0546157247468,21.7554733875508,21.9329606034123,22.4766080735184,22.5634328290505,22.149133742418,22.890426706915,22.6257447487277,22.1423408070445,22.4293682514852,22.5626197498448,21.7115890575644,0.180443989363497,0.062995350732247,0.201542734606019,0.0506475151402943,0.0859843801721738,0.494770743842766,0,0,0,0,0,0
PC(19:1/19:1),3,3,3,3,3,3,3,3,3,3,3,3,25.3800356555469,25.5196723140366,25.4952837361459,25.8530367229175,25.615730082274,25.3484749264025,25.5156843080784,25.5529654552571,25.4884082100594,25.4406111865007,25.5581746227146,25.64569114157,0.332380976299855,0.827526045758777,0.0517936943782737,0.865343370729293,0.348314106206903,0.78685355431847,0,0,0,0,0,0
PC(20:4/20:4),3,3,3,3,3,3,3,3,3,3,3,3,20.6729474077263,20.5724058382967,20.6543622439636,20.6954046488017,20.7379692462933,20.5425762348549,20.583618639693,20.6319050028882,20.6387191001899,20.5976766953518,20.6134482431348,20.6969268414552,0.891030578695318,0.891030578695318,0.891030578695318,0.891030578695318,0.891030578695318,0.891030578695318,0,0,0,0,0,0
PC(34:2),3,3,3,3,3,3,3,3,3,3,3,3,23.4967464162934,23.2111265676195,23.4757112911963,23.5272978632676,23.5441818528018,23.0887708448276,23.5462022335097,23.4117064062823,23.6029802047054,23.0898488861805,23.538857368551,23.6093323353871,0.699901031946727,0.145782966020113,0.81494224391048,0.767616282847204,0.0465779894437672,0.0271027791376747,0,0,0,0,-1,1
PC(36:1),3,3,3,3,3,3,3,3,3,3,3,3,24.1644418842871,24.3436348841985,24.5045979614225,24.3551973699751,24.1449475046112,24.1913832937297,24.5112563548339,24.3430062869126,24.1928331343144,24.2469056246629,24.5102960102476,24.5346098702207,0.310903182402428,0.343592684496772,0.39500553676596,0.0332469697003868,0.0760133211692183,0.756630921012176,0,0,0,-1,0,0
TG(16:0/18:1/18:1),3,3,3,3,3,3,3,3,3,3,3,3,23.0227443204788,22.6818411509391,22.6885765260307,22.7156599038006,22.2685108561423,22.806949513861,22.6115774294957,22.6471978971008,22.8322929739423,22.548692082028,22.9794358180235,22.898218257757,0.320676283891518,0.429538434789029,0.942308686709732,0.101994628839329,0.602661806619031,0.451276686027687,0,0,0,0,0,0
TG(16:1/16:1/16:1),3,3,3,3,3,3,3,3,3,3,3,3,23.3439778277839,23.5338945451636,23.4951757337885,23.4688872986846,23.2527032118329,23.3235930416626,23.13479106859,23.3537069230846,23.313504404764,23.6096747041131,23.9935273756268,23.1889355491769,0.965742350072875,0.0514088245573185,0.907624635645878,0.778503374245469,0.407989590421546,0.198910583503925,0,0,0,0,0,0
TG(16:1/18:1/18:1),3,3,3,3,3,3,3,3,3,3,3,3,24.2242799795053,24.3552778631785,24.2411933170678,23.9965443535537,24.0155832059909,24.3072668469127,24.0017094836509,24.3448868126462,24.2012504214374,24.1980023645609,25.0025566063461,24.3321245825067,0.614220258469038,0.0113842499710852,0.310544081305817,0.192668850591803,0.208019650784006,0.989140022066162,0,-1,0,0,0,0
TG(16:1/18:1/18:2),3,3,3,3,3,3,3,3,3,3,3,3,24.3879277952729,24.4308753914501,24.2865791066979,23.9929864978428,24.3030541749279,24.5609559744491,24.2924789387134,24.1293137210358,24.4034367503525,24.644445582465,24.629487511813,24.6182973873644,0.394281361473594,0.51163869836393,0.33455352841589,0.300853100198156,0.376779922591741,0.426797701378361,0,0,0,0,0,0
TG(16:1/18:2/18:2),3,3,3,3,3,3,3,3,3,3,3,3,24.1531261069793,24.4146861686813,24.148324950124,24.0568977753371,23.957883850677,24.1482464351712,23.8660794561182,23.7480076369419,24.3809042882325,24.513203348084,24.6770308208202,24.1949388973725,0.261261163078102,0.4634735714763,0.797347100088412,0.507231627703221,0.430792539272159,0.710420626459638,0,0,0,0,0,0
TG(16:1/18:2/18:3),3,3,3,3,3,3,3,3,3,3,3,3,22.4749827512147,22.7929352861214,22.9966418631293,22.6365389337591,22.3367429571351,23.2684367550391,22.5558244943287,22.6008532219498,22.6753959371245,23.058802106152,23.0126508819038,22.8770259261399,0.671255500447987,0.460514240010326,0.230877179788801,0.0775063322791265,0.0228134802291749,0.202980835962365,0,0,0,0,1,0
TG(18:0/18:0/18:1),3,3,3,3,3,3,3,3,3,3,3,3,19.131824027733,19.3449685740889,19.1795995633803,19.2143382873543,19.0525036708672,19.5684232273445,19.6031619513185,19.097085303759,19.2575658454496,19.2228271214756,19.3797072980629,19.0177649468931,0.911661108459876,0.911661108459876,0.911661108459876,0.911661108459876,0.911661108459876,0.911661108459876,0,0,0,0,0,0
TG(18:1/18:1/18:1),3,3,3,3,3,3,3,3,3,3,3,3,24.8790991524967,24.9218286317197,24.71451799333,24.6062137727442,24.7038613780319,24.8824662877399,24.8277247418149,24.5737909368053,25.2097412132836,24.8283147468067,24.9771861970406,25.0480392461186,0.327120477982469,0.857591943673433,0.725792487607967,0.270591261899811,0.859158953530296,0.223439529268441,0,0,0,0,0,0
TG(18:1/18:1/18:2),3,3,3,3,3,3,3,3,3,3,3,3,25.2650647498348,25.7929546048807,25.4534044829007,25.1583071063298,25.8410403689245,25.732850961486,25.4534653676707,25.4088349940736,26.002542230077,25.5273166993898,25.420725319238,25.7505117009457,0.712309374681694,0.343620774389588,0.451190403156158,0.816228180467925,0.475376213521918,0.229354788136205,0,0,0,0,0,0
TG(18:1/18:2/20:1),3,3,3,3,3,3,3,3,3,3,3,3,21.390540467628,21.1749759905005,21.1064421540248,20.977102336972,20.9052447091353,21.2915952820646,21.262116900962,20.7441703674597,21.7873040389383,21.153262774216,21.4279239455251,21.2369189286577,0.0743048462666053,0.472308619715023,0.71213146133119,0.347850008630253,0.932885993192299,0.0796310907034172,0,0,0,0,0,0
TG(18:2/18:2/18:3),3,3,3,3,3,3,3,3,3,3,3,3,24.0371000545863,24.3138150078218,24.3589317873124,23.8038260179202,23.8514226777561,24.6710009460126,23.8261787058457,24.052314752654,24.2718752712449,24.1166891448764,23.9717816481624,24.9494014663844,0.976575763164401,0.511140666005298,0.289788335323847,0.0426244168566637,0.112494710065057,0.764783486724105,0,0,0,-1,0,0
TG(18:2/18:2/24:1),3,3,3,3,3,3,3,3,3,3,3,3,18.4421884039622,19.1479395241462,18.9118439289832,18.8081844320357,18.384232359275,19.0654853520253,18.3381183487425,19.0944873110897,20.404387844122,18.5836118070989,18.7141705688805,19.1163736129492,0.306914129166928,0.494218974561341,0.869627596416515,0.252810083731501,0.255833325255994,0.00760596485160668,0,0,0,0,0,1
TG(34:0),3,3,3,3,3,3,3,3,3,3,3,3,21.5218514041785,21.1879304456212,20.9219591315904,20.4472946071119,21.0366891690518,20.6741572744609,21.4205206572171,20.8651302392074,20.7926137579872,20.8745356710317,20.5982080608968,20.3784725860254,0.163556035543744,0.209128740849642,0.309242341526834,0.162637437317977,0.115428308384551,0.859216032529402,0,0,0,0,0,0
TG(36:0),3,3,3,3,3,3,3,3,3,3,3,3,21.3658070997512,20.8016566126505,20.4992985038106,21.2661093753306,21.3226583581516,20.8504145594021,20.9738372003063,20.944605773368,20.984530849745,20.9453418069438,20.8325178735972,20.6049104084209,0.201829278160261,0.924198029582088,0.0251012937212764,0.0348951908861539,0.703965109796268,0.903837584794393,0,0,-1,1,0,0
TG(44:0),3,3,3,3,3,3,3,3,3,3,3,3,19.8598301327544,19.9065708874772,19.6858531113627,19.3900853917017,19.9354075667521,19.7722221299959,20.3531985398619,19.5719891856325,19.7025160505351,19.4962904498852,19.6495533942369,19.5648181448914,0.450305304419184,0.499747086072283,0.438082073978957,0.33297963361715,0.134470246319915,0.587512199975681,0,0,0,0,0,0
TG(45:0),3,3,3,3,3,3,3,3,3,3,3,3,20.7634925721917,21.085821093049,20.6122819386189,20.4695070047887,21.1592976288488,20.8419709302826,20.4289598555119,20.684001379511,20.7213005866015,21.0749116025699,20.419111654722,20.5628475533318,0.847883461409801,0.116944544787261,0.730672647748383,0.15864595135139,0.323763800864116,0.396914193350049,0,0,0,0,0,0
TG(46:1),3,3,3,3,3,3,3,3,3,3,3,3,21.5911152219134,21.6249215759205,21.6581369543649,21.3094402389027,21.5608491073734,21.5054235549016,21.2549639625519,21.4418812238723,21.4091976520493,21.484256843718,21.461776691551,21.4311855659547,0.356337656844672,0.31412773838339,0.0378740891744956,0.421879054162381,0.127559634590697,0.640465100946755,0,0,1,0,0,0
TG(46:2),3,3,3,3,3,3,3,3,3,3,3,3,22.1555191821808,22.2693934829284,22.2925885855743,22.089960566477,22.2312343131978,22.1721888371287,22.1063240391987,22.1377807220554,22.101714749487,22.5750363939135,22.4368732336196,22.3221274928247,0.922204795922406,0.36072726179742,0.270746332212919,0.617687363162475,0.717245196727195,0.014561148086783,0,0,0,0,0,-1
TG(47:0),3,3,3,3,3,3,3,3,3,3,3,3,21.5884813201944,21.7616546573091,21.3962086427832,21.4082416256723,22.1216851477531,21.7201194260061,21.4604567669407,21.5158462467638,21.5603085388629,21.9253680380747,21.1888989626523,21.2318734481688,0.855508500984393,0.159608067440689,0.975926095153027,0.0335377435209975,0.516791483515664,0.364122034403427,0,0,0,1,0,0
TG(47:1),3,3,3,3,3,3,3,3,3,3,3,3,21.4336806573181,21.5576595950632,21.7001041804427,21.6703593431726,21.4739809546073,21.3842508714036,21.3545060341335,21.4634254945882,21.4460902000683,21.4758350373383,21.5279147577932,21.5037257918774,0.882284430389873,0.882284430389901,0.882284430389887,0.882284430389873,0.882284430389887,0.882284430389873,0,0,0,0,0,0
TG(47:2),3,3,3,3,3,3,3,3,3,3,3,3,22.6926691263919,22.722938296542,22.6583192927793,22.4848289535963,22.440502153018,22.5504038877049,22.3625038162504,22.2949354076446,22.583028562304,22.5437493430157,22.4911594526539,22.4191030986266,0.106903283678378,0.338729841612933,0.472059538325286,0.928937475941694,0.436492396896357,0.869994366675151,0,0,0,0,0,0
TG(47:3),3,3,3,3,3,3,3,3,3,3,3,3,21.3502040852098,21.61172123103,21.671258793995,21.532891751771,21.2396469310603,21.4526691853876,21.3143021431637,21.4885711274338,21.4502366746746,21.5886037168986,21.4733541888061,21.3780139732843,0.599302806251796,0.599302806251796,0.599302806251796,0.599302806251796,0.599302806251796,0.599302806251796,0,0,0,0,0,0
TG(48:0),3,3,3,3,3,3,3,3,3,3,3,3,21.5189136682109,21.7948080865012,21.2864769184851,21.8548554410093,21.1990926470245,21.4971210970587,22.0654996195829,20.9505351456866,22.0102781116139,21.4418995890897,22.3631866090254,20.6307141245003,0.179511455804721,0.179511455804724,0.179511455804724,0.179511455804724,0.179511455804724,0.179511455804724,0,0,0,0,0,0
TG(48:1),3,3,3,3,3,3,3,3,3,3,3,3,21.8204569802246,21.8080450654019,21.8676470961347,21.5986812576437,21.6504203851558,21.5930795199827,21.6298071468576,21.4833855563016,21.778666029531,21.699136451563,21.8311982619074,21.7113295893134,0.0697804836008561,0.89735573615782,0.142946746036278,0.734599432295622,0.837900091871289,0.658291074307763,0,0,0,0,0,0
TG(48:2),3,3,3,3,3,3,3,3,3,3,3,3,22.8335534527256,22.9468883884989,22.9685606388771,22.8799909515614,22.9349511900464,22.9022542706613,22.8136845833456,22.9221231400414,22.841875924969,22.9304456122848,22.8583187011831,23.0235208773622,0.716640732144939,0.716640732144928,0.716640732144928,0.716640732144939,0.716640732144928,0.716640732144939,0,0,0,0,0,0
TG(49:0),3,3,3,3,3,3,3,3,3,3,3,3,21.672058262569,21.9875966960223,21.4590385843954,21.3652848841111,22.1790333733997,21.6730941289652,21.5381432007734,21.5278337792275,21.4229165791751,21.8907129650918,21.295721887074,21.3814178404353,0.6738412691995,0.052072600127438,0.784167198268378,0.0269535560779948,0.693646504237995,0.179692317148074,0,0,0,1,0,0
TG(49:1),3,3,3,3,3,3,3,3,3,3,3,3,21.8672746667249,21.8953264374803,21.9458838016049,21.6609542936245,21.757140361916,21.9045699662263,21.737877543564,21.7079094013386,21.6261448242036,21.7706413991443,21.7840450811356,21.5606919804904,0.534933300183871,0.664156279580321,0.271472390322828,0.445301344759549,0.516484550126882,0.573429376681599,0,0,0,0,0,0
TG(49:3),3,3,3,3,3,3,3,3,3,3,3,3,22.2866856432833,22.7321136145774,22.6692357452208,22.555901840249,22.225296570148,22.2505095226539,22.1371756176821,22.4000195482551,22.3338304617319,22.4471643667037,22.6187797096056,22.3386304751198,0.732792551876144,0.732792551876128,0.732792551876136,0.732792551876128,0.732792551876128,0.732792551876136,0,0,0,0,0,0
TG(50:0),3,3,3,3,3,3,3,3,3,3,3,3,19.9517736211781,20.2991614923799,20.1413184918092,20.557582661183,19.8350204210065,19.8623610593831,20.2786252287568,19.5355094518043,20.3196373878839,19.9033732185101,20.7154256617536,19.4187562516327,0.257258871759824,0.257258871759824,0.257258871759824,0.257258871759824,0.257258871759824,0.257258871759824,0,0,0,0,0,0
TG(50:1),3,3,3,3,3,3,3,3,3,3,3,3,21.9763718485847,21.9002495513943,21.867983776567,21.9764225299733,21.9047091548861,21.8140223921048,21.9224611455112,21.8679330951783,21.907551890236,21.7991131368297,22.0086883048007,21.7962704014797,0.531889899772951,0.531889899772938,0.531889899772925,0.531889899772951,0.531889899772951,0.531889899772938,0,0,0,0,0,0
TG(50:2),3,3,3,3,3,3,3,3,3,3,3,3,22.7259506063592,22.6514550889651,22.9479740213287,22.7388161210058,22.452605918079,22.8295398060963,22.5136772385244,22.9186798564894,22.6505281281149,22.6868282216733,22.9896600846679,22.890704779977,0.532648233511193,0.277577237961339,0.498619274444175,0.163025426845076,0.309797594599747,0.90607386278402,0,0,0,0,0,0
TG(50:3),3,3,3,3,3,3,3,3,3,3,3,3,23.933961203442,24.1412094301769,23.8508405459958,23.9891854901036,23.8800829437042,24.1497227537777,23.6762833504327,23.9512764941749,24.0091352193748,23.9852353860788,24.7407406289245,24.0547535295281,0.946867221409206,0.028438773930491,0.595499473702815,0.503432285268508,0.0779738547342821,0.926714433817091,0,-1,0,0,0,0
TG(50:5),3,3,3,3,3,3,3,3,3,3,3,3,21.9157534528836,22.0232434445927,22.2866133766927,22.0657097565363,21.3574463379323,23.0927752795982,21.6717800358456,21.9343275748993,21.9863999785183,22.392917690887,22.7556141774559,21.8627380566826,0.971309628591457,0.164761509158271,0.669434537738456,0.332687217703687,0.0103917823153549,0.434173388749843,0,0,0,0,1,0
TG(51:1),3,3,3,3,3,3,3,3,3,3,3,3,21.0433464813059,21.0616364063951,20.8932064697088,20.7693301574207,20.757570595331,20.8302132105214,20.722697295663,20.6657611436825,20.7875248391027,20.7711850129011,20.9215845057538,20.6981050892603,0.0537517985100834,0.459139616573757,0.5120883151019,0.752144016654432,0.568920175109627,0.930779968562954,0,0,0,0,0,0
TG(51:2),3,3,3,3,3,3,3,3,3,3,3,3,22.3181845590525,22.4595365645217,22.357038939564,22.3162427259086,22.0912314822896,22.4012801969768,22.3604839833213,22.3589807727079,22.2415680628514,22.2823642765069,22.4187403508662,22.1320276959451,0.884161362657782,0.884161362657792,0.884161362657782,0.884161362657782,0.884161362657782,0.884161362657792,0,0,0,0,0,0
TG(52:0),3,3,3,3,3,3,3,3,3,3,3,3,19.3509944057532,19.9310391078858,19.4912401617228,19.7685303224198,19.322211341779,19.5177546346548,19.7950447953519,19.0737042450561,19.8760019814667,19.5987118207696,20.2083292685829,19.0449211810819,0.509345624982424,0.509345624982424,0.509345624982424,0.509345624982424,0.509345624982424,0.509345624982424,0,0,0,0,0,0
TG(52:3),3,3,3,3,3,3,3,3,3,3,3,3,24.2242799795053,24.3552778631785,24.2411933170678,23.9965443535537,24.0155832059909,24.3072668469127,24.0017094836509,24.3448868126462,24.2012504214374,24.1980023645609,25.0025566063461,24.3321245825067,0.614220258469038,0.0113842499710852,0.310544081305817,0.192668850591803,0.208019650784006,0.989140022066162,0,-1,0,0,0,0
TG(53:1),3,3,3,3,3,3,3,3,3,3,3,3,18.957147125172,19.3588770878365,19.2282030379025,18.974486391225,18.7199193211062,19.1268515777982,18.8731349311207,19.2108637718495,18.7431685350391,18.9968851817166,19.1051604411589,18.9736359677837,0.464382252669389,0.464382252669389,0.464382252669389,0.464382252669389,0.464382252669389,0.464382252669389,0,0,0,0,0,0
TG(53:2),3,3,3,3,3,3,3,3,3,3,3,3,21.3051927212055,21.2272503233547,21.0594797370586,21.0540458154204,20.8607961938536,21.0250430482523,21.1023271655474,20.8491984944926,21.0877460507739,20.9509221409811,21.3668598428785,20.8786370170713,0.0512423770388729,0.535792209008903,0.980694404426016,0.936679532490632,0.731047196747956,0.54389683484678,0,0,0,0,0,0
TG(53:3),3,3,3,3,3,3,3,3,3,3,3,3,21.7782176470576,21.9137549020458,21.95224825719,21.7024331018833,21.5515866598101,21.7503832522,21.7414702700332,21.6600483964652,21.7991165600278,21.9129061788674,21.8342847573754,21.694286439874,0.491687949096074,0.642859203127929,0.152869433623829,0.407395963216204,0.95842980468769,0.507726753002561,0,0,0,0,0,0
TG(53:4),3,3,3,3,3,3,3,3,3,3,3,3,21.5584574272751,21.6649862678641,21.7899930608596,21.3770354126053,21.4767353679043,21.5873358758705,21.4511704166323,21.4552383029116,21.6829997107644,21.6486571313544,21.6097208671315,21.7013840434001,0.586095292645628,0.770140761472035,0.0370319682427307,0.241375987123378,0.473592128747832,0.855840388653143,0,0,1,0,0,0
TG(54:2),3,3,3,3,3,3,3,3,3,3,3,3,20.6275519772074,20.9293362463382,20.7981935878458,20.5010498676122,20.3927134552442,20.8763864087683,20.5792426885347,20.924695697441,20.4570270566447,20.7541707768783,20.6321925261046,20.6898571754779,0.358143299413935,0.358143299413935,0.358143299413935,0.358143299413935,0.358143299413935,0.358143299413935,0,0,0,0,0,0
TG(54:5),3,3,3,3,3,3,3,3,3,3,3,3,25.3695825073715,26.1408203323856,25.8114798664946,25.7940170285729,25.9020712386339,25.8865566394883,25.5042640761745,25.7431873372885,26.43653058965,25.7884434497589,25.7793036466696,26.2000903748348,0.374213262049783,0.389617528384025,0.966591074710375,0.477097957784082,0.363392989213663,0.129339491491623,0,0,0,0,0,0
TG(54:6),3,3,3,3,3,3,3,3,3,3,3,3,25.0301338990859,25.7579737996739,25.4246542488516,25.1881558574968,25.3459280897944,25.8146083084296,25.1794046571085,25.4690407753484,26.5195201897392,25.5496422619343,25.8377480525326,25.6903071902343,0.235617560103836,0.826877272520989,0.518379770575022,0.349339705826449,0.0910472972304543,0.0128492229532742,0,0,0,0,0,1
TG(54:8),3,3,3,3,3,3,3,3,3,3,3,3,23.1689462569757,23.3739992842908,23.4487233796915,22.9842081036267,22.9573968911511,23.8317561341366,22.7856042043291,23.1983281858759,24.0924896386372,23.0516724536674,22.9114539504193,24.7785822960974,0.971572917924567,0.576063683442218,0.574450466561014,0.0352135241274857,0.212049212123618,0.214313820868793,0,0,0,-1,0,0
TG(54:9),3,3,3,3,3,3,3,3,3,3,3,3,21.4654848102448,22.0458563953113,21.9244397341348,21.5505808215672,21.3919020832144,22.4514933815437,21.422092235467,21.7589161394981,22.8912747873222,21.6150590397336,21.2352015774252,23.3822277272522,0.74958559009167,0.381249450504884,0.684448964564996,0.0384753607426892,0.268531537880835,0.173045830822742,0,0,0,-1,0,0
TG(55:2),3,3,3,3,3,3,3,3,3,3,3,3,18.6387935054081,18.3740619679479,18.8345122151151,18.7265596209648,18.0318984430045,18.8763413953287,18.4912787854641,18.5231637240139,18.5347676630466,18.3552637171065,18.6288965154235,18.6620273303045,0.758364655162812,0.499433808058409,0.773927758710232,0.102881869735386,0.310433169453707,0.633439310778152,0,0,0,0,0,0
TG(55:3),3,3,3,3,3,3,3,3,3,3,3,3,19.4858042732283,19.2552515448904,19.4767053103416,19.2395744901872,19.1086017252201,19.6194351568176,19.3383331738677,19.1453050359538,19.4251674316477,19.3768298519716,19.9339024588652,19.2775408594412,0.249772091667596,0.0272844631773273,0.419500080892981,0.563879090410767,0.339908391618109,0.868428017977258,0,-1,0,0,0,0
TG(55:4),3,3,3,3,3,3,3,3,3,3,3,3,20.180689234596,19.9850299371321,20.1503843246795,19.9590330638247,19.7412640654992,20.0749482428822,20.0974878960623,19.8940717798078,20.076141050884,20.0424610663563,20.0373630789654,20.1845617908408,0.166015149163183,0.796440914651616,0.349724372028022,0.0369291399172171,0.911486046048796,0.868093199121751,0,0,0,-1,0,0
TG(56:3),3,3,3,3,3,3,3,3,3,3,3,3,19.6325447158542,19.7664287056875,19.9601711896577,19.7123586405009,19.3815148716319,20.0596758204947,19.8333616579007,19.5474755394926,19.8573530684312,19.7985078206455,20.4310767838696,19.8440056702094,0.749755372780558,0.018760773523198,0.356633922763159,0.0921714357366559,0.399185455293472,0.825278626367288,0,-1,0,0,0,0
TG(56:5),3,3,3,3,3,3,3,3,3,3,3,3,21.4177145295356,21.6076042267303,21.6819738639242,21.1040903631403,21.492452185226,21.9160617843001,21.3419151565257,21.3618169412055,22.2120784427048,21.5936765001296,21.5661848361182,21.6020628007874,0.876904913546015,0.908613490931381,0.11862167655575,0.761497328691416,0.1209034975856,0.096110982073958,0,0,0,0,0,0
TG(58:10),3,3,3,3,3,3,3,3,3,3,3,3,18.1941054955473,18.7648267988351,18.9236416342194,18.6462219970188,18.3326347533006,18.3230305176129,18.0456108804122,18.4715251327479,18.5357981644968,18.8132178016974,18.4874071616344,18.6100543905013,0.594883182531127,0.594883182531127,0.594883182531127,0.594883182531127,0.594883182531127,0.594883182531127,0,0,0,0,0,0
TG(58:3),3,3,3,3,3,3,3,3,3,3,3,3,18.3830375623477,18.4170349616596,18.7226504025256,18.355908719532,18.2753072926799,18.8804505466628,18.363994245529,18.34414404429,18.8931321078284,18.5437292849021,18.9394459642794,18.6085621944508,0.909429112653404,0.135626217219682,0.28911280444405,0.334418296620054,0.13993472091511,0.311993816229207,0,0,0,0,0,0
TG(58:5),3,3,3,3,3,3,3,3,3,3,3,3,18.5081061516227,18.9267319419366,19.1663377802177,18.6400375701237,18.8438276169859,19.8654672691165,18.7856911695763,19.3826254829766,20.6104678274088,18.8659234898476,18.8604334095209,18.8724460860822,0.162780382345286,0.913975507656332,0.394728480815193,0.962804113114343,0.0880777127338725,0.00838149507389691,0,0,0,0,0,1
TG(59:5),3,3,3,3,3,3,3,3,3,3,3,3,17.8695966828794,18.4575089216294,18.3445314936339,18.2154945461891,18.2768826429858,18.370927418517,18.2418904710722,17.9986336303242,18.4799532167485,18.6089901641933,18.3284719741846,18.4059195904305,0.611436420386226,0.611436420386226,0.611436420386226,0.611436420386226,0.611436420386226,0.611436420386226,0,0,0,0,0,0
TG(60:3),3,3,3,3,3,3,3,3,3,3,3,3,17.9662665386222,18.0952708106433,18.2595461679875,17.8821888458588,17.7838956166323,18.2741757506191,18.0644496400227,18.0262098838593,18.6943728828661,18.302645447499,18.3880008956216,18.2588866983382,0.862408318242858,0.400746477091695,0.281052414021521,0.17785239757154,0.545702862323813,0.263584980781314,0,0,0,0,0,0
TG(60:4),3,3,3,3,3,3,3,3,3,3,3,3,18.4381268487155,18.9055237814695,18.9556703174334,18.7139164083596,18.3596757905758,19.2836331834206,18.8124544802334,19.1188052080412,20.240794287151,19.1841549868804,19.2094615319741,19.2269613655841,0.18170323745922,0.544890133034866,0.629626794205288,0.0924569336396659,0.350539811285793,0.0431623890984007,0,0,0,0,0,1
