Name,Count_-2_pre,Count_-6_pre,Count_-2_2,Count_-6_2,Count_-2_4,Count_-6_4,Count_-2_6,Count_-6_6,Count_-2_8,Count_-6_8,Count_-2_10,Count_-6_10,Mean_-2_pre,Mean_-6_pre,Mean_-2_2,Mean_-6_2,Mean_-2_4,Mean_-6_4,Mean_-2_6,Mean_-6_6,Mean_-2_8,Mean_-6_8,Mean_-2_10,Mean_-6_10,P_value_A_-2_pre_vs_-6_pre,P_value_A_-2_2_vs_-6_2,P_value_A_-2_4_vs_-6_4,P_value_A_-2_6_vs_-6_6,P_value_A_-2_8_vs_-6_8,P_value_A_-2_10_vs_-6_10,Flag_A_-2_pre_vs_-6_pre,Flag_A_-2_2_vs_-6_2,Flag_A_-2_4_vs_-6_4,Flag_A_-2_6_vs_-6_6,Flag_A_-2_8_vs_-6_8,Flag_A_-2_10_vs_-6_10
(±)13-HODE,3,3,3,3,2,3,3,3,3,3,3,3,24.1655070461053,25.5416119981332,24.3470008444494,24.9339459499712,24.8474335012919,24.6400815022798,23.4896997362118,24.9273055730349,24.1419006252511,24.0997692038887,24.1630955053861,25.0006591014711,2.1932600102339e-05,0.0333892177969188,0.481782077156341,1.22672614691627e-05,0.872381500692449,0.00371038584348651,-1,-1,0,-1,0,-1
10,11-dihydroxy-1,2,6a,6b,9,9,12a-heptamethyl-1,3,4,5,6,6a,6b,7,8,8a,9,10,11,12,12a,12b,13,14b-octadecahydropicene-4a(2H)-carboxylic acid,3,3,3,3,2,3,3,3,3,3,3,3,26.5753565381703,26.6190254590805,26.735946306115,26.355505470871,26.8060751673489,26.6489423111039,25.6185212542581,26.3820974662593,26.5983721609057,26.7126518486954,26.6464122879194,26.4694263696556,0.93281557581539,0.465286240601928,0.78629804014096,0.149730691119247,0.825469475703626,0.732909183536109,0,0,0,0,0,0
18-?-Glycyrrhetinic acid,3,3,3,3,2,3,3,3,3,3,3,3,25.6462909349839,25.8214684807677,26.0576372998141,25.98816668397,26.1915421156516,25.4947236906514,25.7072022339307,26.0375803530669,25.8865494942543,25.9544115189629,26.0865814558254,25.7435538186738,0.668244084751709,0.864816494516369,0.136106426806422,0.421337273069026,0.867915653662054,0.404038921487725,0,0,0,0,0,0
3,21,23-Trihydroxyolean-12-en-28-oic acid,3,3,3,3,2,3,3,3,3,3,3,3,26.0641929630713,26.2498099483007,26.5052869612393,26.6412064833372,26.575727121845,26.0822710074857,26.4104600916257,26.5165655059613,26.6927661473163,26.4612316449979,26.3954834993003,26.3153221995318,0.559846574473534,0.66886856032731,0.17283814890605,0.738267642808669,0.467960833310677,0.800593819829583,0,0,0,0,0,0
3-Acetoxylanosta-8,24-dien-21-oic acid,3,3,3,3,2,3,3,3,3,3,3,3,19.6075002846389,21.0523232050147,20.8577403864122,19.8024288475205,21.0670614715618,20.8061972066126,19.5650461687037,20.7321762842041,19.8575390403185,21.7405288014105,21.2147222116861,20.2794302555404,0.106191817961048,0.231792471078652,0.788391393345349,0.187531893634701,0.0388066556923844,0.287641367639319,0,0,0,0,-1,0
8Z,11Z,14Z-Eicosatrienoic acid,3,3,3,3,2,3,3,3,3,3,3,3,20.363934965931,22.2606972378295,22.1599151253873,21.5693806871847,21.8520720899066,21.2199881763339,20.3952441229496,20.797897287704,20.7320424241646,21.0714830081816,20.3552407362174,21.5214966261975,0.00661673155082357,0.362337332070776,0.382805616847386,0.532526679029842,0.598317186557791,0.0793998746856604,-1,0,0,0,0,0
9-hydroxy-5b,8,8,11a-tetramethyl-1-(prop-1-en-2-yl)octadecahydro-1H-cyclopenta[a]chrysene-3a,5a-dicarboxylic acid,3,3,3,3,2,3,3,3,3,3,3,3,25.5941540309129,25.5909460774541,26.0250505374225,26.0218425839636,25.8366849973723,25.8334770439134,26.0930814632388,26.08987350978,25.9728122456324,25.9696042921736,25.8828559630184,25.8796480095595,0.993216197230327,0.993216197230312,0.993932366752776,0.993216197230319,0.993216197230312,0.993216197230319,0,0,0,0,0,0
Arachidonic acid,3,3,3,3,2,3,3,3,3,3,3,3,21.5351826861965,23.3162069571739,22.6723504120283,22.7882744183537,22.3235230057223,22.4570696929839,21.4914410509649,21.4312610998027,21.8538200934592,22.0024048559798,21.209698221119,21.8935196861354,0.00987267123747986,0.856333675825482,0.852019551490159,0.925100926584092,0.816540539820358,0.291332862304447,-1,0,0,0,0,0
Armatinol A,3,3,3,3,2,3,3,3,3,3,3,3,23.2230702536939,21.362284450164,22.2738325132041,23.6434184564558,21.8971505705656,22.0971589131008,22.7262051549273,23.7404612679828,22.752156621327,22.3548324643985,22.656723201731,22.4149188297734,0.10227964397237,0.22295753060242,0.871470970945774,0.363257244587503,0.719646854583442,0.826934409375258,0,0,0,0,0,0
Citrulline,3,3,3,3,2,3,3,3,3,3,3,3,20.6327375485532,21.5998434348443,20.9839626889185,21.2796738705753,22.4246735094703,21.6417291467776,21.1053745488211,22.0690826416036,21.3672687461024,21.2281745482193,20.8079994693846,21.2267235109441,0.0168853004255591,0.438906043162262,0.0749292523596692,0.0172294926266036,0.714386096346704,0.276199040291906,-1,0,0,-1,0,0
DL-Glutamic acid,3,3,3,3,2,3,3,3,3,3,3,3,24.9664320439851,24.791542257107,23.8753237244115,23.5741939270769,25.5181657701257,24.5370107658586,23.9531692654775,24.9348052370414,24.4332344260012,24.6616946805202,24.7113167741503,24.9199445632448,0.711843007889906,0.525989137567514,0.0733196895377469,0.046982338831218,0.629795403863869,0.659677119869483,0,0,0,-1,0,0
DL-Valine,3,3,3,3,2,3,3,3,3,3,3,3,23.0305551652478,24.0913295637492,23.0077158304564,23.6789248854383,24.6550913703013,23.4952638479857,22.3338502595927,24.2783825690117,22.002575536916,23.0116497609042,22.5236550082052,22.2207208832898,0.0410328439688154,0.183997622542734,0.0452908393110853,0.000608781102170141,0.050971245705315,0.542521837125489,-1,0,1,-1,0,0
gamma-Linolenic Acid,3,3,3,3,2,3,3,3,3,3,3,3,24.1655070461053,25.5416119981332,24.3470008444494,24.9339459499712,24.8474335012919,24.6400815022798,23.4896997362118,24.9273055730349,24.1419006252511,24.0997692038887,24.1630955053861,25.0006591014711,2.1932600102339e-05,0.0333892177969188,0.481782077156341,1.22672614691627e-05,0.872381500692449,0.00371038584348651,-1,-1,0,-1,0,-1
Myristyl sulfate,3,3,3,3,2,3,3,3,3,3,3,3,27.8474955649726,28.6255506936759,27.5312353050539,28.6335421620111,28.4767863328622,26.1123833301418,28.1768598046272,27.3568414339801,26.6633912218433,27.4313785272345,28.4169371757198,27.1184505707228,0.559605309367522,0.410238329310919,0.121221686215384,0.538793094211346,0.564659814124096,0.333417400667508,0,0,0,0,0,0
N-Methyl-D-Aspartic acid,3,3,3,3,2,3,3,3,3,3,3,3,24.8437434324676,24.8173168615286,24.0286297128081,23.9076606427968,25.5219017698568,24.3143664567563,24.0410136974265,24.7778215677453,24.5004138721394,24.506003460826,24.4352228663237,24.7679243672201,0.946518283416549,0.759028817964129,0.0108537543499605,0.0713148561857542,0.988679227476943,0.402032290625958,0,0,1,0,0,0
Pantothenicacid (VitaminB5),3,3,3,3,2,3,3,3,3,3,3,3,24.269260851078,25.621728175261,24.3778153904421,24.7908132183233,24.753598508837,24.5892980228418,24.2416155134245,25.2555376638877,22.9937916947339,24.5764106584685,23.9559424339034,24.3814602624841,0.0706639527212337,0.568338128818842,0.838636278258893,0.168729632692783,0.036705685259099,0.556756641170574,0,0,0,0,-1,0
Retinoic acid,3,3,3,3,2,3,3,3,3,3,3,3,20.5914830326586,21.4900013944205,20.4197956488861,21.5731191091288,20.82017161364,20.4264519853261,20.3964804342283,20.2781595407777,21.027392514712,20.8119235154635,20.2192812030996,20.4320076948895,0.290923412808369,0.178590102105177,0.675754076594059,0.888047561700413,0.797773677060206,0.800289251013527,0,0,0,0,0,0
Salicylic acid,3,3,3,3,2,3,3,3,3,3,3,3,22.5329021037601,23.0431539404173,22.1751847369103,22.2385274166428,21.9265535612652,22.3888174017598,21.9891650845541,22.4759904994365,22.3190481126033,22.2100256973942,22.0614132525972,22.1134030262282,0.160893960222581,0.858843325868222,0.252421826282712,0.180165103218412,0.759687226100015,0.883930892545843,0,0,0,0,0,0
Similarity to 5-hydroxy-3-(hydroxymethyl)-6-isopropyl-2-oxocyclohex-3-en-1-yl 3-methylbutanoate,3,3,3,3,2,3,3,3,3,3,3,3,29.2844017237926,29.6382570267299,29.2619227163668,29.4650701708616,29.6008499059892,28.3178303619329,30.5505772730894,28.9453294631446,28.4822490191323,29.1464416006198,29.6347794870955,28.719554694324,0.716875013110942,0.834922133028768,0.245941592451366,0.109379553200717,0.49764267613486,0.352202330553019,0,0,0,0,0,0
Sugar -Disacharides,3,3,3,3,2,3,3,3,3,3,3,3,26.5764737541902,26.2043488536281,26.7848978331842,26.4127729326221,26.6428978762497,26.2707729756875,26.6101952729223,26.2380703723602,26.511951224582,26.1398263240199,26.4399341610649,26.0678092605027,0.300245059909758,0.300245059909763,0.353033482024947,0.300245059909758,0.300245059909758,0.300245059909758,0,0,0,0,0,0
Sugars-Alcohol-Hexoses,3,3,3,3,2,3,3,3,3,3,3,3,27.7087281696275,27.3923867671983,26.9133254611103,27.37491653811,26.5303301970748,26.9290871992411,26.7855510682355,26.3195632729831,26.8862114928362,26.3883965334484,27.2937082271283,27.5077386498925,0.389174386367159,0.213055306845605,0.332675858308421,0.208874787583501,0.180481205949239,0.55841123852884,0,0,0,0,0,0
Sugars-Disaccharides,3,3,3,3,2,3,3,3,3,3,3,3,22.2023028795553,23.5746661510772,23.1190064884647,23.365751637428,24.6493390138254,24.5894940860815,22.1438802417679,24.3153578862862,22.9721278746668,23.853354879302,23.297705164824,24.5605319226055,0.0393164836160468,0.698015580271477,0.932815076668025,0.00213740704141495,0.173918528198098,0.0562109520892701,-1,0,0,-1,0,0
Sugars-Monosaccharides-Hexoses1,3,3,3,3,2,3,3,3,3,3,3,3,22.6603927282458,23.009379765868,22.8477059944967,22.594220426864,23.398626287044,22.8686542712043,23.0074869831588,22.9737239582624,23.0813483892157,22.6116989545547,23.1130458301466,22.7294514722022,0.20600896127625,0.354349394350509,0.0903844954974609,0.900901625399988,0.0932118493109406,0.166034562968807,0,0,0,0,0,0
Sugars-Monosaccharides-Hexoses2,3,3,3,3,2,3,3,3,3,3,3,3,25.9667502648109,26.4870260597593,26.0097674688686,26.4938664286949,26.5843919409471,26.5916249337004,26.0460349663823,25.8777069394307,26.5790791906762,25.8655330319922,26.9266120707462,27.1716130840902,0.281628005526498,0.315616593766128,0.989179861496782,0.724558142352627,0.144124049363808,0.608584832768888,0,0,0,0,0,0
Sugars-Trisaccharide,3,3,3,3,2,3,3,3,3,3,3,3,22.1901956821875,22.33842232313,22.0862876270262,21.3640691998125,22.6986548459173,21.7927230858797,21.4755982121861,22.6013970758878,21.885176744777,21.7342776604479,22.0900010499916,21.526383844437,0.82324044958386,0.2823331265739,0.229247861319971,0.0995897245797672,0.820111196192463,0.399134034657586,0,0,0,0,0,0
trans-10-Heptadecenoic acid,3,3,3,3,2,3,3,3,3,3,3,3,23.4637026884829,24.8098157537222,23.2517862507667,23.5968923190477,23.7762936839877,23.2367924392309,23.1899775846717,23.6926844297476,23.3747708039574,23.2184094837158,23.3398797551976,23.1382547540756,5.91505992762446e-05,0.221256631521612,0.0920425644379731,0.0800102153407717,0.574425639096288,0.470021630077193,-1,0,0,0,0,0
Unknown 001,3,3,3,3,2,3,3,3,3,3,3,3,20.7619843123665,20.3583798938948,21.4939514828195,21.0903470643478,20.7273474485456,20.3237430300739,19.4368775830448,19.033273164573,20.6162508591502,20.2126464406785,20.8408706567884,20.4372662383167,0.81928031234124,0.81928031234124,0.838061225242671,0.81928031234124,0.81928031234124,0.81928031234124,0,0,0,0,0,0
Unknown 002,3,3,3,3,2,3,3,3,3,3,3,3,18.0533165650591,18.2192822189424,20.161232571563,18.6006532838548,19.1204514653371,18.3690004635404,21.2774365343684,18.4497551626229,22.4460838958494,18.5035006959811,23.5354848987724,20.0910982661447,0.905775305932905,0.272042759361236,0.632489868916261,0.0530934876424945,0.00920964011747013,0.0207201750714544,0,0,0,0,1,1
Unknown 003,3,3,3,3,2,3,3,3,3,3,3,3,21.1334585147674,21.5929154813319,21.8278315802792,21.6254700755781,22.3361985134987,21.9376400980552,20.7738310756549,22.0035458920942,22.4697888564669,21.7739863779087,22.2928446752093,20.9956291339781,0.405820768144606,0.7125857940084,0.517684622609025,0.0331399357568402,0.212468266618595,0.0253818767423257,0,0,0,-1,0,1
Unknown 004,3,3,3,3,2,3,3,3,3,3,3,3,25.755295571304,26.056471209527,26.2367992993712,26.0207493874369,26.6018003548072,26.1796303105645,26.5209066834628,26.3681994954738,26.6110175174427,25.9784387043016,26.3277568008482,25.8724920401028,0.219564226810202,0.37465718255175,0.127223967992682,0.528543462754167,0.0142814244055721,0.0689774942647911,0,0,0,0,1,0
Unknown 005,3,3,3,3,2,3,3,3,3,3,3,3,24.4312993662134,25.2207802364894,24.1936929646099,25.2645625406955,25.2604361187198,22.5794566280432,24.6344845935177,24.0967255637075,23.1474822944722,23.9183982415178,25.2069685855995,23.8653024477702,0.585748323828074,0.460976170063857,0.106690591701032,0.709975856239381,0.594537284791322,0.357283668491158,0,0,0,0,0,0
Unknown 006,3,3,3,3,2,3,3,3,3,3,3,3,25.7850557161056,25.5784294805541,25.7661062963087,25.8128487106809,25.9607811537599,25.8537503344248,25.8709228840875,26.1484040177777,26.4739396957811,25.9427422572476,26.3154257468909,25.9131017137311,0.585214113497287,0.901431695687782,0.799865679473926,0.464767257928475,0.16812261083604,0.292269766431824,0,0,0,0,0,0
Unknown 007,3,3,3,3,2,3,3,3,3,3,3,3,24.6269370719443,24.2804873088671,24.9085807859436,24.5621310228664,24.7821960311633,24.4357462680861,24.786968542123,24.4405187790458,24.6060821280696,24.2596323649924,24.7259912599883,24.3795414969111,0.287092555051232,0.287092555051232,0.339831608473618,0.287092555051232,0.287092555051232,0.287092555051232,0,0,0,0,0,0
Unknown 008,3,3,3,3,2,3,3,3,3,3,3,3,25.8353730271725,25.5784294805541,25.7661062963087,25.8128487106809,25.9607811537599,25.8537503344248,25.8709228840875,26.1484040177777,26.4739396957811,25.9427422572476,26.315425746891,25.9131017137311,0.498275644887955,0.901471946062501,0.799945992506766,0.464948455257549,0.168290190875236,0.292463173692409,0,0,0,0,0,0
Unknown 009,3,3,3,3,2,3,3,3,3,3,3,3,23.9257941586733,24.3286616193707,24.4871078372349,24.1697671722173,25.2622580732589,24.929748457959,24.5532832256749,24.8060029562539,24.7490851098939,24.3548191151976,24.7967430160423,24.2629770060577,0.213678782182402,0.324218388244596,0.354917559075117,0.430608796403448,0.223290598881723,0.103677039667531,0,0,0,0,0,0
Unknown 010,3,3,3,3,2,3,3,3,3,3,3,3,23.2249228647217,23.0922473836363,21.7174455285348,21.5847700474494,21.5429770340344,21.410301552949,21.3234811622419,21.1908056811565,21.4500098725548,21.3173343914695,21.1010990665039,20.9684235854185,0.830645917090377,0.830645917090377,0.848280070473373,0.830645917090377,0.830645917090377,0.830645917090377,0,0,0,0,0,0
Unknown 011,3,3,3,3,2,3,3,3,3,3,3,3,25.3046119710451,25.2904076663548,25.5117488106879,25.4975445059976,25.7148003285194,25.7005960238291,25.710546625337,25.6963423206466,25.4839297314892,25.4697254267989,25.3079212964311,25.2937169917407,0.971757199751259,0.971757199751259,0.974737746102281,0.971757199751259,0.971757199751259,0.971757199751259,0,0,0,0,0,0
Unknown 012,3,3,3,3,2,3,3,3,3,3,3,3,22.4453039857185,22.7449902269127,22.5181057156914,22.0814688134992,22.6380279797212,22.542574634772,22.2495524376158,22.171523779292,22.1881371502624,22.2615480261529,22.1162814332321,22.4708913009798,0.420618281708839,0.244355229006884,0.817352051033312,0.832811595877383,0.842563621632507,0.341984488969517,0,0,0,0,0,0
Unknown 013,3,3,3,3,2,3,3,3,3,3,3,3,22.1019586756413,22.6730180216997,22.5466099388485,22.5504531426801,23.3369460116872,22.6357824114373,22.9499609486118,22.8163449148007,22.4394229714685,22.595791453192,22.6722721428073,22.4732734011565,0.212017285620772,0.993181275047695,0.171977303930223,0.766595003085541,0.728402033218651,0.658809003780586,0,0,0,0,0,0
Unknown 014,3,3,3,3,2,3,3,3,3,3,3,3,23.5359342942892,23.9137781510333,24.2297254264092,24.1429358207093,24.1560095888144,23.8719399349133,23.7837363543828,24.3158314608693,24.7220180579561,24.0906064701639,24.3813496116773,23.4866956683051,0.36726313474693,0.834546774261648,0.542346071062951,0.208104187338529,0.13795161064461,0.0399373499345686,0,0,0,0,0,1
Unknown 015,3,3,3,3,2,3,3,3,3,3,3,3,24.1063226419145,24.2636869105508,23.7358970538975,23.8932613225338,24.1008628673963,24.2582271360325,23.9362110205931,24.0935752892294,23.8620484381393,24.0194127067756,23.8579126439658,24.015276912602,0.657946038745215,0.657946038745222,0.691972400836921,0.657946038745215,0.657946038745208,0.657946038745215,0,0,0,0,0,0
Unknown 016,3,3,3,3,2,3,3,3,3,3,3,3,22.0159314424887,22.1859451788562,22.4531929564849,22.4283200242229,23.0172932733433,22.294783097425,22.6919692220044,22.6808473014279,22.6687015864003,22.2149285237913,22.6009158279862,22.03388324379,0.549751898015379,0.929998643797768,0.0303692564899321,0.968664579029262,0.118801342206546,0.0546593403970805,0,0,1,0,0,0
Unknown 017,3,3,3,3,2,3,3,3,3,3,3,3,26.2626368285858,26.5249959132217,26.1574499211861,26.5779014760245,26.762561258777,25.203599232118,27.5515667321181,26.002157235543,25.4317008822038,25.259012542507,26.4331323714508,25.5087407004516,0.803307878601928,0.690096746655085,0.193615670251826,0.150331370110084,0.869727987096968,0.383859484202709,0,0,0,0,0,0
Unknown 018,3,3,3,3,2,3,3,3,3,3,3,3,23.2507207595636,23.4698878542107,24.0841736821524,23.82129592839,24.3986826987583,22.9306822977337,23.4274950546819,23.5712114278334,23.5737658690915,23.4524332457624,23.9468027656961,23.4983671576809,0.622799088255883,0.555659812997364,0.00658726299306365,0.746663651254672,0.784992709422977,0.31825853798866,0,0,1,0,0,0
Unknown 019,3,3,3,3,2,3,3,3,3,3,3,3,22.9233991699088,23.0839273510368,23.2507160015582,22.3735452185612,23.3403341463711,23.3578241238891,22.8735039067171,23.2058301080171,22.842035252341,22.68540491111,22.8301059819766,22.6828773684826,0.65758838017013,0.0221303617878087,0.965472317113033,0.362205362479407,0.665357987325157,0.684255542351227,0,1,0,0,0,0
Unknown 020,3,3,3,3,2,3,3,3,3,3,3,3,21.2255005962266,21.5512025274472,22.6448147478948,22.1172821825797,22.9510053742596,21.0211450340187,21.5872408297939,21.7814161103687,21.6574179512748,21.787114087449,22.3377486069377,21.7550784726729,0.679644658831901,0.504891717765976,0.0368179780765456,0.805303914416467,0.869180627052978,0.461902476229543,0,0,1,0,0,0
Unknown 021,3,3,3,3,2,3,3,3,3,3,3,3,23.2032512654727,23.4263535237077,22.6509181375957,22.8740203958307,23.0695296033994,23.2926318616344,22.8677550598488,23.0908573180838,22.4979460992531,22.721048357488,22.6266229277739,22.8497251860089,0.62079759615192,0.620797596151909,0.657960765302506,0.62079759615192,0.62079759615192,0.620797596151909,0,0,0,0,0,0
Unknown 022,3,3,3,3,2,3,3,3,3,3,3,3,23.7792246353025,23.9854097274215,23.6862856583392,23.2868605231608,23.6822614145689,23.6986658243631,23.358411165174,23.5049230387837,23.339201236013,23.6944374415854,23.9265868523787,23.6507776751825,0.552073518181,0.254323659579161,0.966114284927312,0.672024663005677,0.309244244717049,0.427760656235416,0,0,0,0,0,0
Unknown 023,3,3,3,3,2,3,3,3,3,3,3,3,21.60502338408,21.0388437012876,21.0695460488428,21.9614700742089,22.609161338996,21.0188108421675,21.4867570134598,21.6471377079675,21.8022355482468,21.8788074249178,21.8297098643992,20.6776859856479,0.563376658382782,0.365263679742526,0.154296981563788,0.869542639055143,0.937484202054689,0.245036406471694,0,0,0,0,0,0
Unknown 024,3,3,3,3,2,3,3,3,3,3,3,3,19.8363143193595,19.799773911355,20.1313775049728,20.0219851883356,22.4886448782175,20.433785118747,20.3065527113485,23.9613126074635,22.0339851205357,19.5482035442219,21.8104033435476,21.2173414992324,0.966963494761091,0.901336908023951,0.0463232131945576,0.000352546637553577,0.0090976875861253,0.50356142069991,0,0,1,-1,1,0
Unknown 025,3,3,3,3,2,3,3,3,3,3,3,3,24.3985122259252,24.8861504021911,23.3168516829796,23.4992874583665,25.1371996106067,24.513734809213,22.720844423468,24.1384445237856,24.2918791652139,24.5200417063821,24.5950791371162,25.2235408401103,0.518010668920404,0.808159021151067,0.460409654796677,0.0688807625107028,0.761472766376692,0.406212680266068,0,0,0,0,0,0
Unknown 026,3,3,3,3,2,3,3,3,3,3,3,3,20.9711467430181,20.9131003628441,22.2878964363512,23.0881413063157,18.2448440238675,21.1282097855508,23.0793900622357,20.0569951039797,21.8152801181677,20.3795035354897,21.7516297935735,20.4087533952177,0.966162092910479,0.560121209203074,0.0693016480506328,0.0355655709675313,0.299794126199264,0.331442781280406,0,0,0,1,0,0
Unknown 027,3,3,3,3,2,3,3,3,3,3,3,3,23.025024289625,23.2479068227915,20.8354433993606,21.7692344766268,22.3345934362961,21.8441161626949,22.2492238511497,23.8106402408958,21.8334962500708,21.9608891426652,22.5233157467197,21.9756546595798,0.779880048194599,0.248230324677388,0.583191313004705,0.0596733275146176,0.87301293161908,0.494126505136972,0,0,0,0,0,0
Unknown 028,3,3,3,3,2,3,3,3,3,3,3,3,23.2525395386922,23.5047990037179,23.3844504021518,23.2699463528727,24.5469417456486,23.6134694012938,23.0819355172589,23.732743551695,24.3271737168712,23.5094258896241,23.7737048973991,23.4895337629643,0.5350063426736,0.777518894322985,0.0483963698370771,0.117802519316822,0.0528084075224047,0.485134606860349,0,0,1,0,0,0
Unknown 029,3,3,3,3,2,3,3,3,3,3,3,3,21.5164408573615,21.8652488448436,21.9500770580304,21.787013288464,22.6922378176967,21.2811885877212,21.2389760851905,21.9569190336877,22.061860113772,22.0318447527829,22.0367590729263,21.5764106695191,0.440019912487619,0.716723260381569,0.00920798547128449,0.119438802648528,0.946674976916255,0.310494693189729,0,0,1,0,0,0
Unknown 030,3,3,3,3,2,3,3,3,3,3,3,3,22.6287287915991,23.047760118365,22.8955858836067,23.2075902198935,23.5722359738019,22.7998146421764,22.4790671448787,22.8072798256716,23.2843890771476,22.7149061633114,22.7613748328214,22.6705804892287,0.33384505361424,0.469762046300052,0.117245464284652,0.447282083531247,0.192832226044052,0.832517238348902,0,0,0,0,0,0
Unknown 031,3,3,3,3,2,3,3,3,3,3,3,3,23.4260030955487,23.4880899952457,23.7310814984824,23.5018368054106,24.3190672163458,23.8137485256716,23.8964921079043,24.16280509572,24.0449945953277,24.2189546882539,24.596402387746,23.634744396763,0.861376390314203,0.520847820306667,0.211407206991626,0.456466942324072,0.625446422954986,0.0117962986348125,0,0,0,0,0,1
Unknown 032,3,3,3,3,2,3,3,3,3,3,3,3,23.7592393911478,23.4880899952458,23.6768888152589,23.4944725076386,24.3184361256627,23.8137485256716,23.6545412380512,24.16280509572,24.0449945953277,23.9212737594314,24.596402387746,23.634744396763,0.456545091684273,0.615261926668863,0.220027009417179,0.169140188266,0.732818587002359,0.0131933586751519,0,0,0,0,0,1
Unknown 033,3,3,3,3,2,3,3,3,3,3,3,3,21.9095613100554,22.1042429388014,21.8731078200318,21.6510437778435,22.4440116908997,22.1483936138645,21.6300407104871,22.2511198865483,22.6445648656697,21.5854287013367,22.0466393650498,21.5948741036728,0.58328691007395,0.531887739348486,0.45748231472413,0.0891084752179099,0.00599445114821036,0.209451983950723,0,0,0,0,1,0
Unknown 034,3,3,3,3,2,3,3,3,3,3,3,3,21.0531467614722,21.0078917264664,20.4758951985291,20.8862453552531,22.0055179165318,21.0276305035883,20.7149363337575,21.4928877248365,21.6541403217906,21.5025522675525,21.717933569745,21.2394585017213,0.950519339901274,0.574969783545848,0.237632268234707,0.292016925368659,0.835408444889539,0.513737915856459,0,0,0,0,0,0
Unknown 035,3,3,3,3,2,3,3,3,3,3,3,3,23.3684340464813,23.5880274803543,24.4634249603223,23.293395748182,25.4305394359888,23.5792464634392,24.7651791047462,24.6348308031203,24.0190940875373,23.5325280664343,23.4206566673271,23.9810187496893,0.810275531143154,0.208530901348288,0.0800563905853345,0.886635957066191,0.595681990080329,0.541543645192955,0,0,0,0,0,0
Unknown 036,3,3,3,3,2,3,3,3,3,3,3,3,26.7348339504485,27.1459401448136,26.4605091831015,26.8280070652863,27.2055518389071,25.6662816983986,27.8282056542525,26.3000393983311,26.0270580841076,26.5052402241737,26.9493249522862,25.9881764192315,0.694731950214908,0.725638544838354,0.19627065778869,0.153174044989922,0.648247155802301,0.362476812342067,0,0,0,0,0,0
Unknown 037,3,3,3,3,2,3,3,3,3,3,3,3,22.9418542743408,22.971343600776,23.1889428796435,22.863086513996,23.6053030135728,23.0716048461336,22.889197851315,23.6350709835295,23.7890002393476,23.2655305022976,23.3490348962997,22.9095293616847,0.943303110922861,0.435030453039259,0.256408670838575,0.0820248765129583,0.2145846833976,0.295020998141833,0,0,0,0,0,0
Unknown 038,3,3,3,3,2,3,3,3,3,3,3,3,22.0883331683741,22.425128907207,20.9699913452164,21.3067870840494,22.1942638409576,22.5310595797906,21.0512752278987,21.3880709667317,21.8241590561407,22.1609547949736,22.2628969226144,22.5996926614474,0.690912760318519,0.690912760318519,0.722017738088735,0.690912760318519,0.690912760318519,0.690912760318519,0,0,0,0,0,0
Unknown 039,3,3,3,3,2,3,3,3,3,3,3,3,22.5699238249534,22.448901777184,22.791375495809,22.7996404732174,23.4476351770552,22.7248417947538,22.9333806168136,23.2570664097455,23.8658799504744,22.8244071310741,23.0072152190675,22.9883756656279,0.770143485268544,0.984064777759722,0.127905691637954,0.437157063104596,0.0181254866503949,0.963687355173455,0,0,0,0,1,0
Unknown 040,3,3,3,3,2,3,3,3,3,3,3,3,21.2429808429251,22.9621765737866,21.3918901241413,22.1753165705114,20.2265363636612,18.3162724343185,20.05137240633,20.7359814987818,20.3749455121705,20.8839412664972,19.0998289357877,20.0279924304136,0.238535256335443,0.586657182121436,0.241356436710323,0.634448357240104,0.723411391770766,0.52003752930241,0,0,0,0,0,0
Unknown 041,3,3,3,3,2,3,3,3,3,3,3,3,24.9612625768482,24.884168765613,25.2899944864255,24.7785854544717,25.8236056865997,25.1986628999545,25.5133591189346,25.5215044087345,26.5112135130564,25.8402577497548,26.2187222512933,25.765965594307,0.770357002251679,0.0622949999954353,0.0430456807605416,0.975373134046038,0.0170933557342757,0.096180782759844,0,0,1,0,1,0
Unknown 042,3,3,3,3,2,3,3,3,3,3,3,3,25.7192985782536,24.6120598118779,24.4768990757805,24.7896223548806,25.7876200382586,24.6648691395794,24.8948498032108,25.4697289443522,25.5011414662828,24.7812620647109,25.2511366211611,24.957224568447,0.0806833337499616,0.610744750718162,0.111069743843469,0.352657613358932,0.24698273775784,0.632257558180719,0,0,0,0,0,0
Unknown 043,3,3,3,3,2,3,3,3,3,3,3,3,22.8474675602848,22.5676732679174,22.6689493758717,23.7661653301442,22.9425263776091,22.5235858079118,22.4012028829383,23.0617036273032,22.2394836530883,22.6397432892495,22.6977214692171,22.1233684669973,0.741592212892713,0.203528336253946,0.659076572017608,0.438816795482102,0.637550779262068,0.500120923977078,0,0,0,0,0,0
Unknown 044,3,3,3,3,2,3,3,3,3,3,3,3,20.973030184968,20.5804047212488,19.7126903200759,23.6444700428527,19.8242527519434,20.9906111128284,19.6628921745129,23.629705974055,20.6149615752606,20.2085821119357,19.9618015933214,20.1109663570649,0.748455287531051,0.00352928472097852,0.397401661769723,0.00329221078433527,0.739977189949421,0.902939381345858,0,-1,0,-1,0,0
Unknown 045,3,3,3,3,2,3,3,3,3,3,3,3,20.1146610855626,18.5387268649766,17.0426754701842,20.6793192952241,16.9010311583955,19.329795797306,21.5163878910254,19.9943334151431,21.1149861484009,17.4198603948252,17.9763358710012,21.0706127039085,0.329990933315978,0.0310873793198758,0.183345046597553,0.346457270385562,0.0287264330747267,0.0629611961837627,0,-1,0,0,1,0
Unknown 046,3,3,3,3,2,3,3,3,3,3,3,3,22.8161788472867,22.5837503788669,22.8385084095916,23.4014711640099,22.5650902082562,23.0161476791709,23.5753301313224,22.7065578669161,23.0625558302859,23.1567670508864,22.2363359164612,22.2573273370729,0.710034907630357,0.371338013725825,0.519965788497508,0.172772248708321,0.880054725542614,0.973171882098715,0,0,0,0,0,0
Unknown 047,3,3,3,3,2,3,3,3,3,3,3,3,21.2107735270019,22.0613876933,21.7893825794441,21.0422851902767,22.6161491220717,22.3503377469836,20.5764509313379,21.4011906399375,21.9433065435927,22.6926342563164,22.7411234803808,22.1516754670133,0.360524098876219,0.420948417366329,0.796591122256442,0.375057821115732,0.419582843944934,0.524341176438932,0,0,0,0,0,0
Unknown 048,3,3,3,3,2,3,3,3,3,3,3,3,20.5771633141226,20.4484637331896,20.8464200085422,21.2193677951485,21.6182903913924,21.8296345904458,21.521573114526,20.4451797711985,20.9406175081223,21.1033689491908,21.1195581131221,20.3933760707973,0.864623869212698,0.622095239183322,0.802338535348507,0.162791599112037,0.829331586624795,0.340767220458071,0,0,0,0,0,0
Unknown 049,3,3,3,3,2,3,3,3,3,3,3,3,23.0206194510192,22.899175174996,23.0434713703145,22.9220270942913,23.533011085515,23.4115668094918,23.3559437562195,23.2344994801963,23.7169312212559,23.5954869452326,23.5920384271124,23.4705941510891,0.712557889272762,0.712557889272746,0.741682293597678,0.712557889272746,0.71255788927273,0.71255788927273,0,0,0,0,0,0
Unknown 050,3,3,3,3,2,3,3,3,3,3,3,3,21.689520418792,21.3298823668109,21.4078585565203,21.0482205045392,22.0776950327419,21.7180569807607,22.1819076884595,21.8222696364784,21.3151947374741,20.9555566854929,21.1953421196037,20.8357040676225,0.668120050860242,0.668120050860239,0.701257818784161,0.668120050860239,0.668120050860239,0.668120050860239,0,0,0,0,0,0
Unknown 051,3,3,3,3,2,3,3,3,3,3,3,3,20.6380627399403,21.1175934478137,20.6096243363524,21.5285263532503,21.3714434616087,21.1832448413839,20.4975083471925,21.2921630281413,21.170197333831,20.7404263962595,20.8232115426714,21.1260090391141,0.332039553424394,0.0702017652269052,0.73112331837169,0.114175323082286,0.38368739293341,0.537667278485692,0,0,0,0,0,0
Unknown 052,3,3,3,3,2,3,3,3,3,3,3,3,23.9964061877722,23.5145219885906,23.911727660301,23.7962979437708,24.1630966272161,23.6557669383075,24.102352180558,24.5536033794532,24.6475294740378,23.4311433337889,23.9274469113729,23.7115659939779,0.398273143072006,0.83846697131693,0.425955538065643,0.428492314288392,0.0403588562186576,0.70333671278992,0,0,0,0,1,0
Unknown 053,3,3,3,3,2,3,3,3,3,3,3,3,22.0107130089869,22.2068291946953,22.4891662945876,23.1115853255264,22.9910199463202,22.0785286599335,22.5344216866073,22.9656586537132,22.6258514739263,22.3476807921088,22.4227880002412,22.1447247336757,0.616479309353647,0.120734989655448,0.0456661778700989,0.275764755949584,0.478682692811033,0.478850665345665,0,0,1,0,0,0
Unknown 054,3,3,3,3,2,3,3,3,3,3,3,3,21.9007471264344,22.2159714945856,22.6907382365849,22.9249819426815,22.9290451797955,22.0601975225982,22.5801268512024,22.8747427518483,22.6552373043825,22.3226525839565,22.489762714332,22.3484990400075,0.35847297313068,0.49320764931913,0.0302024370762439,0.390204118415404,0.333122921161858,0.678438498218146,0,0,1,0,0,0
Unknown 055,3,3,3,3,2,3,3,3,3,3,3,3,20.7374954900236,21.2053286008709,21.5019239505255,22.5167285091007,20.8285239785674,21.0626793609072,21.5939006650153,21.4497843162252,21.8821848019742,21.2290918041548,21.4965958828807,21.3682754392968,0.242773587893223,0.0159881916922581,0.596620627646972,0.715266039953246,0.107745283420568,0.745250220501339,0,-1,0,0,0,0
Unknown 056,3,3,3,3,2,3,3,3,3,3,3,3,21.5709477472082,22.6529167705478,22.0441378705818,22.1865966617366,21.9922668041482,21.9644823822346,21.6661711532063,21.8874975199798,21.6490409007774,21.8849746548366,21.3982547123392,21.6276798317172,0.0137875505739911,0.728722929348117,0.951693838106277,0.590698094712785,0.566596093021706,0.57727306046125,-1,0,0,0,0,0
Unknown 057,3,3,3,3,2,3,3,3,3,3,3,3,21.4316527984451,21.1201639982414,21.3890145929898,21.646520538304,21.8542040088451,20.7686474701167,20.9781892809626,22.1314561853449,21.7286873758057,21.5641925965075,21.4605607064644,21.045524204044,0.531920316076387,0.604839896625268,0.0599959026154264,0.0277399736267749,0.740547256380457,0.406474184458121,0,0,0,-1,0,0
Unknown 058,3,3,3,3,2,3,3,3,3,3,3,3,22.1454872474897,21.9983886957715,21.9480308097586,21.8009322580403,21.6779076703844,21.5308091186661,21.9314969394866,21.7843983877683,21.818633340792,21.6715347890737,21.5428318431714,21.3957332914531,0.76984284058997,0.769842840589976,0.793520763360417,0.76984284058997,0.76984284058997,0.76984284058997,0,0,0,0,0,0
Unknown 059,3,3,3,3,2,3,3,3,3,3,3,3,23.5165929851073,22.7989927031786,22.4922446043194,22.9801326722187,22.9768700018928,22.331572856328,22.3301833830648,23.2685376654006,22.933488410145,22.356852652084,22.5432030442984,22.5268368134508,0.240919915844795,0.421509121237353,0.343013506347899,0.129122967585956,0.343452727134202,0.97833416027033,0,0,0,0,0,0
Unknown 060,3,3,3,3,2,3,3,3,3,3,3,3,25.7154199914887,24.9291251885803,24.6795050559692,25.0863671010809,25.0680727277103,24.4747263849431,24.6776788217496,25.3337256617815,25.011641764459,24.5629100713192,24.7225206367004,24.6679862920349,0.159728367046519,0.459766356081875,0.336943261910417,0.237694658817433,0.415502026044318,0.920602124037006,0,0,0,0,0,0
Unknown 061,3,3,3,3,2,3,3,3,3,3,3,3,26.5958327156545,27.505935273154,26.9177764677645,26.951246865703,27.0865134300176,26.8765351055454,26.7937032747015,27.1447568700291,26.9577181946289,26.8599220028777,26.515106713203,26.9082843982229,0.00438555629998719,0.908515425630278,0.520905747991809,0.235351763159635,0.737333062021667,0.185515760388173,-1,0,0,0,0,0
Unknown 062,3,3,3,3,2,3,3,3,3,3,3,3,26.1839360424345,27.6659652493703,26.927582819592,25.6908308659901,27.5426348544354,27.5809373871867,25.185240751895,25.748600765316,26.9479805046526,27.4806064385721,27.5329616691343,26.7436637760004,0.17660098203151,0.256594435881799,0.974569066437893,0.601226992343431,0.621106735743271,0.46530899384255,0,0,0,0,0,0
Unknown 063,3,3,3,3,2,3,3,3,3,3,3,3,21.7420723101349,23.5414904233539,22.1877494774111,23.122310357657,23.4288719032928,23.2814315847058,22.2788461793705,23.1491197878263,22.9171652905522,22.8489088510986,22.5544639097692,23.2431466544354,0.0298737119612245,0.241425214249927,0.866749139093411,0.274386579527484,0.93077873246154,0.38474182886996,-1,0,0,0,0,0
Unknown 064,3,3,3,3,2,3,3,3,3,3,3,3,20.6991784526338,22.6698162012967,21.7004461777871,21.8394982885003,21.6415295285339,21.3408919798014,21.4467842380171,20.8394064456208,21.4572551816347,21.345950102467,20.8356688543877,21.4175547630103,0.00272996237901534,0.814864580548926,0.651226682237963,0.311617388439917,0.851290839273413,0.331917990898356,-1,0,0,0,0,0
Unknown 065,3,3,3,3,2,3,3,3,3,3,3,3,21.0741611624835,22.4496942383903,20.9469511788656,21.551178059503,21.6777943806836,21.0610488419627,21.2002046190018,22.0675277935203,21.6109930172288,21.2339265371655,21.4670039761931,21.2286965793421,0.00113488425032316,0.116203457742577,0.149718945399379,0.0281301190015287,0.318931573359922,0.526050261757606,-1,0,0,-1,0,0
Unknown 066,3,3,3,3,2,3,3,3,3,3,3,3,21.5780894364881,22.4819328956666,21.4937976785709,22.2493053293934,22.0048343095511,21.8531185158221,21.3092660557948,21.8339848395859,21.4833496261074,21.2042835083295,21.1778918325796,21.8239188748994,0.0168571515167525,0.0419543337864862,0.702396167225718,0.148247105763682,0.434377293332289,0.0784260538886006,-1,-1,0,0,0,0
Unknown 067,3,3,3,3,2,3,3,3,3,3,3,3,22.4041727932268,23.4063432734117,23.6965017794546,23.9603154158282,23.6586759959878,22.8892932653822,21.9320228988671,23.2073793576153,22.1631393057635,22.6059965226669,21.4944212658738,22.6966989993606,0.186995039799082,0.723589959825683,0.36005449205802,0.0968836696341779,0.553713189446134,0.116376940235065,0,0,0,0,0,0
Unknown 068,3,3,3,3,2,3,3,3,3,3,3,3,21.0258630243801,23.9072739700912,20.3676802519472,22.3307656980923,23.8499963214998,22.5586979253258,20.9241423829867,21.5724335388011,22.4019016238941,22.1657447710045,21.1757310132381,23.6843045856415,0.0566831472904672,0.18480354641003,0.42943917459828,0.655874100193169,0.870804075988904,0.0939797704466216,0,0,0,0,0,0
Unknown 069,3,3,3,3,2,3,3,3,3,3,3,3,23.7424430745254,23.9849922414518,22.2598356664893,22.7381929991483,22.8503139859861,22.2924328304413,21.7592801899932,22.753109071113,22.258915976373,21.7521960858451,22.0079120333149,22.3467784579529,0.60070706315431,0.306127003235394,0.286224891783822,0.0402011750319347,0.279006230384445,0.465920145678946,0,0,0,-1,0,0
Unknown 070,3,3,3,3,2,3,3,3,3,3,3,3,23.6160429870172,22.6421714539941,24.1090465507329,22.8173094326619,23.4923666807632,23.4679085008214,22.6636708972797,23.7579100140917,23.5135438168461,23.4942757595202,21.2859770745694,22.7680985649833,0.306419965671981,0.178606138582313,0.981456672704065,0.251895641604209,0.983667005588324,0.125053113489773,0,0,0,0,0,0
Unknown 071,3,3,3,3,2,3,3,3,3,3,3,3,24.9138942969226,21.3526286188777,24.6951523081849,24.9610272743367,18.3327075518879,24.7503204876694,24.8372027784502,20.5220006650824,24.7221399203229,22.566206419426,25.3872736178083,25.5588442903631,0.0364546336351696,0.869734091310014,0.00158454867824989,0.0130255629011007,0.191819481573379,0.915704438682846,1,0,-1,1,0,0
Unknown 072,3,3,3,3,2,3,3,3,3,3,3,3,23.6020213333113,21.7169846081717,24.0551728441274,24.1075084619703,16.7767249238027,23.7809864976829,25.0148704346546,19.4835240703088,24.8518154187561,23.0911723345503,24.5980867797785,23.9686802807476,0.276384888851901,0.975572257670629,0.00116546841174031,0.00335097899188934,0.308523324407745,0.713093347940454,0,0,-1,1,0,0
Unknown 073,3,3,3,3,2,3,3,3,3,3,3,3,21.1769967114535,20.103349247234,21.6091791368777,21.5203674702978,16.1752205404023,21.1213423126222,21.6683356880122,18.0212049483413,23.0351404078836,21.0156956087119,22.7007114905542,21.4861835616594,0.472455127028602,0.952337220836285,0.00624123272640231,0.0208253375778394,0.182676015737199,0.417087905093826,0,0,-1,1,0,0
Unknown 074,3,3,3,3,2,3,3,3,3,3,3,3,28.6571100827704,26.2371753052543,28.3025113207193,28.2268265841143,21.1685717870681,28.2389743487266,29.3223895501382,23.6556096848533,29.8405365768932,28.0905117615094,29.4670211988804,28.8711933151403,0.17395952156966,0.965378029168334,0.00128257797094353,0.00324117916011135,0.320832716188768,0.732893532366591,0,0,-1,1,0,0
Unknown 075,3,3,3,3,2,3,3,3,3,3,3,3,24.1668238927116,20.3136914491829,23.7022148426241,23.4980361100092,16.3808377475214,23.5424238368254,25.2462300054933,19.7132076450765,24.4793906158,21.6845203816113,25.3530526306251,25.0543907712828,0.0253027049371542,0.900224120395226,0.000595531597354855,0.00225657928880864,0.0960741892968147,0.854515312338914,1,0,-1,1,0,0
Unknown 076,3,3,3,3,2,3,3,3,3,3,3,3,22.3574429025379,22.4153357100415,23.0348320853024,22.0493356017337,23.071675548224,22.1831148579185,22.5140907581393,23.4508800300581,23.0333578926467,21.880344255521,22.2268465976176,22.0751332127071,0.928067618509507,0.133913114708015,0.222806939306141,0.1532662025752,0.0821479363517353,0.813081676687996,0,0,0,0,0,0
Unknown 077,3,3,3,3,2,3,3,3,3,3,3,3,23.4064019172723,21.1425963930378,24.6585847542031,23.7029569355008,16.2373385451534,23.6094027822684,24.1344982281136,19.0007023320862,22.2581191860626,22.1726223981946,22.6851642463049,23.4892320515279,0.201284966609367,0.584021972515695,0.000853375446353248,0.00664414221840287,0.960802661117319,0.644705648784924,0,0,-1,1,0,0
Unknown 078,3,3,3,3,2,3,3,3,3,3,3,3,22.0669554245293,18.1660073979563,22.2132481362259,21.5426982981559,15.4103564844701,21.9651405584321,22.8975514723144,17.9305399919555,20.2971126819234,19.2074824812234,21.5708044802777,21.9618779392809,0.029176352505735,0.692944371010427,0.00194634785991546,0.00698613076803539,0.52227498340271,0.817663451342189,1,0,-1,1,0,0
Unknown 079,3,3,3,3,2,3,3,3,3,3,3,3,20.9376151229457,16.0110428126146,19.5361305407479,21.412593892452,15.7639178342433,20.9754115994091,19.4938510118152,16.3323565403903,17.8692187641165,20.63867143708,18.0844107330184,16.4599925150634,0.0446464450824072,0.426819559301941,0.0563517249778482,0.186087166039774,0.244664162934818,0.490755549500287,1,0,0,0,0,0
Unknown 080,3,3,3,3,2,3,3,3,3,3,3,3,23.7972347260561,23.9123593463554,24.1778714174628,24.077493932574,24.2430638349331,23.9297191179542,24.1463034580088,24.2327241402857,24.8695922011629,24.2418314400919,24.5510349435592,24.2399525961736,0.729911920945564,0.763328171455138,0.403663709399101,0.795393954884517,0.0692708258448416,0.354816139584657,0,0,0,0,0,0
Unknown 081,3,3,3,3,2,3,3,3,3,3,3,3,21.0659793284449,20.7718218151357,21.805532246375,21.5113747330658,20.9207045790601,20.6265470657508,21.9458689352776,21.6517114219684,21.0465174650176,20.7523599517084,20.9589001950308,20.6647426817215,0.807328610896062,0.80732861089606,0.827307567497917,0.807328610896062,0.807328610896062,0.807328610896062,0,0,0,0,0,0
Unknown 082,3,3,3,3,2,3,3,3,3,3,3,3,20.1174208115376,19.8944802984348,21.3810940561199,21.1581535430171,21.7200145135378,21.497074000435,21.5454479128571,21.3225073997544,23.1466967211204,22.9237562080177,22.7810670766724,22.5581265635696,0.890616607859717,0.890616607859717,0.902098885221641,0.890616607859715,0.890616607859717,0.890616607859717,0,0,0,0,0,0
Unknown 083,3,3,3,3,2,3,3,3,3,3,3,3,21.5984073932135,21.4593404923168,20.970008753181,21.633589047625,23.1068134170435,21.6710525810091,20.9792769355374,21.9809185444941,20.4163718515411,22.8041173678156,22.6004484990019,21.2596270100976,0.905117050675334,0.570816771605618,0.277237146434012,0.39432698150341,0.049932770101962,0.257147812862483,0,0,0,0,-1,0
Unknown 084,3,3,3,3,2,3,3,3,3,3,3,3,23.6979560256508,23.2945917030384,22.5412677403888,22.7799944453635,23.3322725801513,23.2523718862936,22.886700183791,23.6847395945343,23.6910833904475,23.3658868558491,23.4593266554366,22.9329591156867,0.541301304107392,0.71698372402841,0.91347227360229,0.232308479604895,0.621884814012447,0.4267105519129,0,0,0,0,0,0
Unknown 085,3,3,3,3,2,3,3,3,3,3,3,3,20.2747803293024,22.5705462824541,20.4336751519677,21.3086378173342,22.4952216154408,21.5067816488578,20.9424795144141,21.2818357743798,22.0889027082821,21.9965768232886,21.0939149235487,22.6909685268265,0.0640687240990546,0.465969528533387,0.461386532192033,0.776270923667257,0.938321969760485,0.189138195867568,0,0,0,0,0,0
Unknown 086,3,3,3,3,2,3,3,3,3,3,3,3,21.6661032166407,22.3677110966431,20.1536879151315,20.8552957951339,21.4569492901931,22.1585571701955,20.3153740132727,21.0169818932751,21.6600652898595,22.3616731698619,20.879229530845,21.5808374108474,0.609237421427819,0.609237421427819,0.647339601669496,0.609237421427819,0.609237421427819,0.60923742142782,0,0,0,0,0,0
Unknown 087,3,3,3,3,2,3,3,3,3,3,3,3,22.5864904712348,22.4290573479606,22.1991525502267,22.8225204403787,23.5142114833328,22.6531792112637,22.3113148300699,22.9352055253765,22.8349034838199,23.3895419512486,23.5980273571743,22.782429876427,0.845265103225535,0.442458851569081,0.344319519914711,0.442081228866519,0.493791586248039,0.317161061540253,0,0,0,0,0,0
Unknown 088,3,3,3,3,2,3,3,3,3,3,3,3,27.3099493041638,25.5573311469865,28.4319989639351,28.5125585903609,20.0163162877224,27.6332820475743,28.6088546223067,22.7512687437551,27.7290516517433,26.6981869729092,28.5029203171639,28.389973080973,0.342461497696862,0.964845947143383,0.000999015119216537,0.00361803057174117,0.57410435248562,0.950729288092461,0,0,-1,1,0,0
Unknown 089,3,3,3,3,2,3,3,3,3,3,3,3,24.6502650162492,25.6255719293631,24.4566360024336,25.1807064302128,25.9223423175156,25.3148574994805,24.6640407343282,25.3012017347603,25.7489097439731,25.3522022068054,25.2217248539206,25.7329667995122,0.044840360103058,0.12885568164628,0.249249769063092,0.17898714772255,0.397017910574482,0.277530209302411,-1,0,0,0,0,0
Unknown 090,3,3,3,3,2,3,3,3,3,3,3,3,24.4324698878371,24.4112336881391,24.6642840509487,24.3578669032439,24.548309363363,24.4671504494054,25.1968901463777,24.9272985283785,22.4819683933492,24.3931396884766,19.0871574552536,24.4343074589074,0.989489826072262,0.84931174627169,0.964085383118917,0.867230191582236,0.242939821632718,0.00275389344453945,0,0,0,0,0,-1
Unknown 091,3,3,3,3,2,3,3,3,3,3,3,3,25.6853158591454,26.9817175246222,25.1650957084159,26.4614973738927,25.8164386603685,27.1128403258453,24.9624485563821,26.2588502218589,24.6488231825944,25.9452248480711,24.2354615214854,25.5318631869622,0.442015853568255,0.442015853568253,0.491122770525772,0.442015853568253,0.442015853568255,0.442015853568254,0,0,0,0,0,0
Unknown 092,3,3,3,3,2,3,3,3,3,3,3,3,27.1790752259317,27.8159081528172,29.1457031931711,28.9008984633238,27.8480285407069,27.62079880649,29.1981164104174,28.4542511899797,25.5749830523265,27.7670480398539,24.9640903174305,28.6771878068027,0.785958933775601,0.916801421007186,0.930885739638893,0.75116090358038,0.354113274840819,0.122809672573234,0,0,0,0,0,0
Unknown 093,3,3,3,3,2,3,3,3,3,3,3,3,23.9987121898164,24.0219389459366,24.625611874333,24.6488386304532,23.8223237725349,23.8455505286551,24.5694669711195,24.5926937272397,23.4822046430418,23.505431399162,23.3865278335306,23.4097545896508,0.985409332119828,0.985409332119828,0.986949554773444,0.985409332119828,0.985409332119828,0.985409332119828,0,0,0,0,0,0
Unknown 094,3,3,3,3,2,3,3,3,3,3,3,3,23.0482183464579,23.2177546557352,23.6590032266507,23.4836653394966,24.5914528389081,23.513692840541,24.1498384936781,24.4930449162035,22.8774158994151,24.2354271048144,20.771787653727,23.5927005121924,0.907739871711162,0.904598526766752,0.511883162790774,0.814598808864708,0.357701065762536,0.0635131047105463,0,0,0,0,0,0
Unknown 095,3,3,3,3,2,3,3,3,3,3,3,3,24.1159575934526,24.1443824482482,25.9794303933901,26.0078552481857,24.5342451138105,24.5626699686061,25.6330845760623,25.661509430858,24.456745608663,24.4851704634587,25.6911588101471,25.7195836649428,0.98356856952857,0.98356856952857,0.985303060218533,0.98356856952857,0.983568569528566,0.983568569528566,0,0,0,0,0,0
Unknown 096,3,3,3,3,2,3,3,3,3,3,3,3,23.2223576899046,24.1557330452556,21.7153293397423,22.6487046950933,22.6262366877581,23.5596120431091,22.1139120821837,23.0472874375348,20.4025082500373,21.3358836053883,19.2779704099446,20.2113457652957,0.527271238379153,0.527271238379153,0.571438336483128,0.527271238379153,0.527271238379151,0.527271238379153,0,0,0,0,0,0
Unknown 097,3,3,3,3,2,3,3,3,3,3,3,3,26.572810084715,26.898722214671,26.5594835251449,25.5953821913747,27.9389183742353,26.4743995117654,27.644706591033,27.3789747555838,24.910028233239,27.7004680603888,21.4024395099914,26.2763225625335,0.892257698915345,0.689120434973276,0.58731656093161,0.912056656563718,0.252956426348867,0.0521316943432972,0,0,0,0,0,0
Unknown 098,3,3,3,3,2,3,3,3,3,3,3,3,26.924964162318,27.3637521102141,24.2663491541756,27.9962844424991,29.3113636491083,26.8510569437958,27.0892116267,27.8916967162926,26.7397375519571,28.826318592005,25.7248521857036,27.6443001391266,0.834820681645522,0.086170586535258,0.30117634591686,0.703253812041261,0.326339003101896,0.365804085591211,0,0,0,0,0,0
Unknown 099,3,3,3,3,2,3,3,3,3,3,3,3,25.0963966652493,24.323550123719,21.8160453637224,22.959220548383,24.4208962984169,23.6019594168396,24.226037657275,24.6214704254197,21.1787668916442,24.6679382921125,21.504902853438,23.872764373463,0.561857719983889,0.392936182897622,0.582324185451467,0.765992215556561,0.0140717991423393,0.0844419031157052,0,0,0,0,-1,0
Unknown 100,3,3,3,3,2,3,3,3,3,3,3,3,24.6732663903482,23.9766171416714,23.6066408364394,23.8047861067762,23.1104861956007,23.5354736079639,24.262182796681,24.1504828887172,21.6157913118883,23.4016587013353,23.2704351057542,24.4699573330693,0.546004789090714,0.863152250445843,0.741121265987861,0.922577520582317,0.129843374943029,0.302297589536801,0,0,0,0,0,0
Unknown 101,3,3,3,3,2,3,3,3,3,3,3,3,24.179955169238,25.0380551225132,23.974248931351,24.8239015791518,24.3792834452533,23.897689273727,24.1447618786701,24.1389451088614,23.3580679437504,23.7290883398342,23.9304861923223,24.507179933928,0.136528070090585,0.14024604332161,0.446549581995282,0.991745980065924,0.511367528323458,0.310584198440236,0,0,0,0,0,0
Unknown 102,3,3,3,3,2,3,3,3,3,3,3,3,25.8395317763354,26.7226930275689,26.0144479123993,26.8976091636327,25.5511055500401,26.4342668012735,25.4277768551543,26.3109381063878,24.4709039547083,25.3540652059418,25.9957676814592,26.8789289326926,0.579168916610128,0.579168916610131,0.619622683993605,0.579168916610131,0.57916891661013,0.57916891661013,0,0,0,0,0,0
Unknown 103,3,3,3,3,2,3,3,3,3,3,3,3,25.2770763640878,24.8557345217781,23.6099088463421,23.476812374985,23.3455643549634,23.8713178269807,24.9397217679018,24.4451642174398,21.5568362200342,24.3470500681629,22.1076028609504,24.6706912481113,0.7305865708622,0.913279524641537,0.700836922815432,0.68622612347582,0.0303198105918039,0.0449744217050519,0,0,0,0,-1,-1
Unknown 104,3,3,3,3,2,3,3,3,3,3,3,3,24.4219299102301,24.6950426472771,25.6873869447434,25.9604996817904,24.4685122619799,24.7416249990269,25.5861515636413,25.8592643006883,24.5935849621582,24.8666976992052,26.0828389533978,26.3559516904448,0.831453233515206,0.831453233515206,0.849005667149988,0.831453233515206,0.831453233515204,0.831453233515206,0,0,0,0,0,0
Unknown 105,3,3,3,3,2,3,3,3,3,3,3,3,25.2777975769047,24.8334924910782,23.6582236885255,23.4832167439577,23.3780327676708,24.2905457797845,24.9251580949697,24.7106327470724,21.6387415441237,24.326257684327,24.0040733860719,24.695626091783,0.705906638933563,0.881683223932896,0.489797465210954,0.855251576892497,0.0301335471075988,0.557845267920667,0,0,0,0,-1,0
Unknown 106,3,3,3,3,2,3,3,3,3,3,3,3,27.5130421792277,27.6979847895541,28.789021346009,29.0469706205198,27.284895995115,28.1332095526686,29.3361655276284,28.2552077788937,28.5562142824669,28.638434413802,29.712353358537,29.3911814597707,0.806466490004366,0.732740523691878,0.319848231049751,0.160970414762254,0.913224543894332,0.670925846880885,0,0,0,0,0,0
Unknown 107,3,3,3,3,2,3,3,3,3,3,3,3,24.3328806135283,24.5932459463078,25.0350614726315,25.295426805411,24.9502437192042,25.2106090519837,25.3076017337931,25.5679670665727,24.3699770236234,24.6303423564029,24.4528213152883,24.7131866480679,0.771272620745609,0.771272620745609,0.794811232342469,0.771272620745612,0.771272620745606,0.771272620745612,0,0,0,0,0,0
Unknown 108,3,3,3,3,2,3,3,3,3,3,3,3,21.6503144161912,22.0109335668544,20.508234662153,20.8688538128162,21.1262587605326,21.4868779111958,20.4821563786857,20.8427755293489,20.685466214577,21.0460853652402,21.8657808820904,22.2264000327536,0.881812489810808,0.881812489810808,0.894207026092081,0.881812489810808,0.881812489810808,0.881812489810809,0,0,0,0,0,0
Unknown 109,3,3,3,3,2,3,3,3,3,3,3,3,24.0286407918212,24.088253508493,25.0085706741272,25.068183390799,24.0919970209184,24.1516097375902,24.6975797291638,24.7571924458356,23.8985192215852,23.958131938257,24.9837190416339,25.0433317583057,0.958205055310755,0.95820505531076,0.962613816641243,0.958205055310757,0.95820505531076,0.958205055310757,0,0,0,0,0,0
Unknown 110,3,3,3,3,2,3,3,3,3,3,3,3,24.9086754077527,24.5245741823194,23.9203377360131,23.9536285310149,22.8621709959042,24.3750685644459,21.0625168024161,23.6717856741738,20.1739485328114,21.4229704878887,21.9148450383355,21.5471166519256,0.703565304229007,0.973648878790351,0.187840052532341,0.0154002555930967,0.222839366957336,0.715603474431446,0,0,0,-1,0,0
Unknown 111,3,3,3,3,2,3,3,3,3,3,3,3,28.5037335180859,28.462859290028,29.7528758918588,28.5380234277646,28.3144020341655,28.7810172284647,29.8122700212045,28.7362945487838,26.794566521812,28.9026776378223,29.0577589285024,29.5946472087355,0.979408013869172,0.445923661122572,0.792282152913921,0.499025357542366,0.191492004782874,0.734907734433562,0,0,0,0,0,0
Unknown 112,3,3,3,3,2,3,3,3,3,3,3,3,26.6547233480924,25.2629090011865,25.4030854324379,24.343845761525,27.9610789768722,24.708676250467,25.701719129353,24.9155495314669,24.4980747156012,25.8952756899807,23.8309487082765,25.6807231145874,0.521326467178204,0.624844819220135,0.186631338668192,0.716332717883219,0.519730148497167,0.395668754139543,0,0,0,0,0,0
Unknown 113,3,3,3,3,2,3,3,3,3,3,3,3,23.3406548486038,23.9845173494167,20.7218671596591,20.8325439003286,19.8453117085331,19.6613366568677,20.5602783581676,19.6288233109692,19.5185343632404,19.0966932900349,20.3638399789862,20.1235785081408,0.367834903963701,0.875910643436144,0.816465621325007,0.196908635293721,0.553163664338543,0.734873961212173,0,0,0,0,0,0
Unknown 114,3,3,3,3,2,3,3,3,3,3,3,3,20.3982259181257,21.9037333917522,18.2949715263843,23.4643781293644,26.8283203820828,20.740374669734,19.0337667426943,23.0030783767348,19.7880671823993,23.0072764523804,19.4124681834517,20.9084986771377,0.588923402281473,0.0725657008392119,0.0595163397656384,0.161944069409172,0.253220418745382,0.591256025820451,0,0,0,0,0,0
Unknown 115,3,3,3,3,2,3,3,3,3,3,3,3,29.9600271459726,30.2022154653221,30.8884153716246,29.5644132355886,30.6351988189383,29.624558390703,30.4418975089024,30.2266310938206,28.3243486142046,30.2079872755847,30.3777683425113,30.4226742959835,0.80461546450534,0.184506360042216,0.359988741822139,0.82594068474432,0.0639303332433616,0.963391325213908,0,0,0,0,0,0
Unknown 116,3,3,3,3,2,3,3,3,3,3,3,3,24.7865809977528,22.9899385216054,24.9752259860457,23.1502090746726,22.6736015282606,22.7478542041522,25.2353157309972,22.513060371037,23.6844896426549,24.9582662487628,24.2949282062758,24.3436613942737,0.286605586889814,0.279252019855075,0.968181026300282,0.111927938820051,0.447141539866544,0.976648726630536,0,0,0,0,0,0
Unknown 117,3,3,3,3,2,3,3,3,3,3,3,3,21.9482710769858,20.0068604361,22.3281176338913,21.6421412381992,23.2957595260239,21.4669936705822,21.0956435318243,23.1653727047489,21.8154414383061,19.9791632280843,17.1425872169552,18.7065665733545,0.37139962932565,0.750264974825298,0.450237037924104,0.341198280545314,0.397424339483971,0.470108070954203,0,0,0,0,0,0
Unknown 118,3,3,3,3,2,3,3,3,3,3,3,3,22.0134763278852,20.4216428660693,18.3288224078421,21.2631065358128,20.368941812189,20.3797795221228,22.9831825756166,23.1298293264654,21.6362147645891,23.3317233631532,23.8839919056298,22.6394531466994,0.378345681525867,0.111338965754442,0.995682683472288,0.93476372755555,0.348627288920235,0.489540828689004,0,0,0,0,0,0
Unknown 119,3,3,3,3,2,3,3,3,3,3,3,3,27.1676938516306,26.492194010713,27.1768539646618,26.081858297363,24.5997782621956,27.8855555138479,26.8880835849209,25.8112185405239,26.9754392795211,27.2017456956126,26.3531844244892,27.1764460397507,0.371682586303024,0.153253940863949,0.000615124057929217,0.159873535903072,0.762925429887367,0.278291262747578,0,0,-1,0,0,0
Unknown 120,3,3,3,3,2,3,3,3,3,3,3,3,22.6602437590703,23.6745038494781,23.2104455558644,23.2292855620413,23.9553492548026,23.2479353362862,23.059920848005,23.4640590910576,22.6270406514965,23.0879216678422,22.7726539695143,22.5207075711723,0.00406039572438571,0.95323935444444,0.0584947329794926,0.216200148954443,0.160499537825561,0.436008627164973,-1,0,0,0,0,0
Unknown 121,3,3,3,3,2,3,3,3,3,3,3,3,22.921297446221,23.7269528739346,23.2192377931345,22.3597783560963,26.0766606199558,22.9268782007085,23.1873521480146,24.7043032251849,20.88153275286,22.9522021023524,23.2720707259292,22.4479685519192,0.430588463427568,0.400889686466103,0.0100414117687179,0.144496918626451,0.0506759378150486,0.420255774182612,0,0,1,0,0,0
Unknown 122,3,3,3,3,2,3,3,3,3,3,3,3,21.6469802303132,19.9707376914626,21.9007608993586,21.1179592150173,23.5164644326496,21.8781775709892,20.9417158001583,23.0613313585871,22.7250307540128,22.7356605216613,22.8683350192051,21.9073596783758,0.137632954763582,0.479770521517105,0.19183486519361,0.0640851458350283,0.992301125834373,0.386973603240568,0,0,0,0,0,0
Unknown 123,3,3,3,3,2,3,3,3,3,3,3,3,16.5220221285112,21.7355646664345,20.5266750973328,19.5955759427621,25.0585767911256,22.1666846929167,19.92938209657,22.7005508705253,21.3830993840002,22.4113844408467,20.9888500467387,16.8897185910328,0.000286495137569115,0.453344241166722,0.0451007089615974,0.0328772069210394,0.408237173963414,0.0027206561305513,-1,0,1,-1,0,1
Unknown 124,3,3,3,3,2,3,3,3,3,3,3,3,23.5002358737008,24.4593809555785,21.9328192410455,22.1250576390887,23.757591113827,22.5144453610809,22.1476712511475,23.0983293403303,22.4017833750057,22.6208387794514,22.2246062806882,21.9752993308072,0.0714679282147239,0.708349719381931,0.0388724436042839,0.0738367241177628,0.670064328312117,0.627951558891341,0,0,1,0,0,0
Unknown 125,3,3,3,3,2,3,3,3,3,3,3,3,22.1577022997925,22.3094022770231,21.9345338446597,22.0580199871895,23.1172762647218,22.0545940373881,22.0290611353727,22.6767873664658,22.0942598138142,22.3424766125983,22.226971069301,22.3300981051772,0.629172648869984,0.694007046655103,0.00546298954496856,0.0478915667697722,0.431429698033414,0.742360040401746,0,0,1,-1,0,0
Unknown 126,3,3,3,3,2,3,3,3,3,3,3,3,20.8481953251617,20.8031292508504,20.8043545441532,19.9611956485718,22.3887288483241,20.8282140459578,19.398260046094,21.8124432453071,21.9023000466477,21.8735959523422,19.8070244915413,20.9661807849264,0.974314822461351,0.548507712791604,0.323893824056171,0.0945718696193731,0.983638457563645,0.411090317783892,0,0,0,0,0,0
Unknown 127,3,3,3,3,2,3,3,3,3,3,3,3,26.4896139195109,25.7177785003065,26.9424664452325,24.9436444173532,22.6691090077397,26.3301444316048,26.1546980550107,24.4427681577586,26.3899886641911,26.3550251770899,25.1402315088854,25.2227045200213,0.426782396231632,0.0473639381042789,0.00227285622227874,0.0858976462585631,0.971081236484044,0.931858112914533,0,1,-1,0,0,0
Unknown 128,3,3,3,3,2,3,3,3,3,3,3,3,20.4737682842681,20.4148805239914,20.6586359250818,19.6051587090211,22.3206345806615,20.49470890676,21.6140275101223,22.0883811043703,22.7373836054997,22.5726268971288,22.9829200078162,22.1189233875734,0.944823616585273,0.22325835660238,0.0646791026964984,0.578473622763408,0.846518630134962,0.315298687831551,0,0,0,0,0,0
Unknown 129,3,3,3,3,2,3,3,3,3,3,3,3,24.0721591700653,24.1386505175241,25.2967275679896,24.8661764112214,23.5878781746071,23.9826738270114,25.2098167777452,24.1158557185951,25.4589976895768,23.6685447945147,24.8554365484802,24.5176112987445,0.906988097140256,0.452082502984503,0.536596925989926,0.0642784085099931,0.00416299170963152,0.554240010244668,0,0,0,0,1,0
Unknown 130,3,3,3,3,2,3,3,3,3,3,3,3,26.5445857788817,26.7210048257356,27.0929062329969,26.9952543174941,27.2126748710121,26.5506128645676,27.107111542294,27.0592870713481,27.178181193652,26.8962810759565,27.5053770056837,26.8722713679078,0.478745394238801,0.693888576959533,0.023985981145837,0.846953792782828,0.261728868127865,0.0165921813054644,0,0,1,0,0,1
Unknown 131,3,3,3,3,2,3,3,3,3,3,3,3,20.1513271270897,21.9170380107968,20.5768613234012,21.0282854919527,24.4254274755576,22.4155365755731,20.7147612048565,22.6423200402454,21.4636492398888,22.574977880864,21.0185840317095,21.0074816851956,0.0843327287439755,0.64896329302289,0.0792027189632546,0.0610627498333864,0.26786976282454,0.991047135666423,0,0,0,0,0,0
Unknown 132,3,3,3,3,2,3,3,3,3,3,3,3,18.5889391450998,19.3918938232009,15.7862486063245,15.3728650706493,21.8064259681441,16.7287023671517,15.6040791090369,19.9201045691753,16.2531876322844,17.0576252150318,15.1358683804156,15.4341181837853,0.59343966078118,0.782945354563843,0.00551919463061422,0.00788424429422908,0.592761953329356,0.842390590511001,0,0,1,-1,0,0
Unknown 133,3,3,3,3,2,3,3,3,3,3,3,3,26.3413893222767,26.3482079034569,26.7573066606246,26.4172138514366,26.8025500473292,26.2392394607782,26.611266694065,26.6382523980592,26.7648882342215,26.3865696060167,26.8200829466023,26.2312995073455,0.978868106390182,0.194748961609289,0.0599511801678802,0.916519543868534,0.150933880664527,0.0300635267325172,0,0,0,0,0,1
Unknown 134,3,3,3,3,2,3,3,3,3,3,3,3,24.2586266013651,24.6114906541128,23.9830360738964,24.5165501335468,25.1683988839595,24.3519962052434,23.6338659647609,25.1064497223443,23.439143927996,24.1147432613386,23.0728463592983,23.382049425192,0.396515474664139,0.204360379748983,0.0869719077135451,0.00148938108624245,0.111670385052345,0.456685668857466,0,0,0,-1,0,0
Unknown 135,3,3,3,3,2,3,3,3,3,3,3,3,23.2149601052201,23.3197044461163,23.8828299466474,23.2799553740232,24.5052560633921,23.5270680586953,23.4080833701811,24.1497164097022,24.0380391923362,23.7128000608761,23.9890246596104,22.7805661762172,0.810707499263903,0.176488949633809,0.054762431448965,0.0997020712460487,0.45949520657783,0.010280809574704,0,0,0,0,0,1
Unknown 136,3,3,3,3,2,3,3,3,3,3,3,3,22.9064385903689,23.7347030109023,21.7973234000414,22.0204514693217,24.7478949112891,22.8839656629193,21.8755238762652,23.7029600682533,22.4375558055513,23.6423508125524,22.159209944785,22.5463573399949,0.192858980610569,0.721109375314452,0.0127739106784399,0.00702179162035915,0.0633015317667031,0.536809825347937,0,0,1,-1,0,0
Unknown 137,3,3,3,3,2,3,3,3,3,3,3,3,23.967515658012,24.5542507921998,23.8418250192654,24.2391755433125,25.1015884502927,24.3734229768303,23.5019129678878,25.0926949319677,23.4785702844576,24.3016593982067,23.2311626233659,23.5719628244632,0.145916442910937,0.318678181864017,0.108341600251806,0.000460412054734769,0.0458167354112292,0.391042480989128,0,0,0,-1,-1,0
Unknown 138,3,3,3,3,2,3,3,3,3,3,3,3,24.3996137694605,24.8064511058325,23.8440524203192,24.2575846258384,25.2986383380988,24.6584266381752,23.476349661312,25.2708501858426,23.5486188245299,24.378243390295,23.5129678982845,23.4080535234862,0.369626834083208,0.361942383003929,0.21054700013634,0.000513860426856739,0.0748303257729563,0.815530995558396,0,0,0,-1,0,0
Unknown 139,3,3,3,3,2,3,3,3,3,3,3,3,23.5302316503968,23.3177064912815,20.7900395466212,19.9401979475511,24.9803942772484,22.1531600171949,21.0035018282089,24.1794402882924,21.0529501968875,21.8863744191118,19.9380218933782,19.9063368127691,0.840261299364761,0.423339914498131,0.0235388054955233,0.00573017058037667,0.432228081092952,0.976016486067107,0,0,1,-1,0,0
Unknown 140,3,3,3,3,2,3,3,3,3,3,3,3,24.5889894223599,24.4705443126725,24.9681663939214,24.3957688041383,25.9027084774905,24.777906360452,24.7354970462722,25.4586642065609,24.9467841741623,24.9038313870656,24.7696112940013,23.9329689563664,0.823416120145389,0.286659608200912,0.0677172967590954,0.181430049166286,0.935471523883635,0.124507638431679,0,0,0,0,0,0
Unknown 141,3,3,3,3,2,3,3,3,3,3,3,3,22.2776075380058,23.6656266678947,23.0971007235519,23.4841770760257,24.9594470477502,24.6756721052409,22.2526952596031,24.5216373761901,23.0137611794079,24.0496919200727,23.4738691056425,24.6406499628208,0.038688459133228,0.546838096756831,0.692117934020476,0.0015676759727342,0.11531135789072,0.0781950115591899,-1,0,0,-1,0,0
Unknown 142,3,3,3,3,2,3,3,3,3,3,3,3,24.1351403732848,24.5018249107732,23.5701182540427,23.8058317210625,25.1964480145576,24.5544183858093,23.31300278413,25.100456591209,23.3925729009414,24.3119821112519,23.4648412483792,23.4976420584844,0.429386194483096,0.610019562787224,0.22038186226765,0.000683838098279915,0.0555158405879653,0.943257322313237,0,0,0,-1,0,0
Unknown 143,3,3,3,3,2,3,3,3,3,3,3,3,25.3887415080661,25.3821400326198,25.6768112831479,25.2040109097369,26.270224508604,25.2821596119789,25.4975334287065,26.2586837539158,25.5478439873222,25.4750807405602,25.6951157616356,24.6965542821184,0.991001015133634,0.422524575174368,0.140542642700975,0.20158488953133,0.901080252359654,0.0979950766756258,0,0,0,0,0,0
Unknown 144,3,3,3,3,2,3,3,3,3,3,3,3,21.9648385048283,22.0501618549617,21.9802084369408,21.788693398038,23.0023484744569,22.1426554750259,21.9991946506996,22.8221438554365,22.2044537524301,22.0741954650018,22.1811386924476,21.3343258193789,0.838668167353697,0.648283745545385,0.0763542199146376,0.059069224878581,0.756081101499113,0.0526038657436411,0,0,0,0,0,0
Unknown 145,3,3,3,3,2,3,3,3,3,3,3,3,25.4491387198095,24.7372613152586,24.0679255954009,23.9542239371235,25.2995878527003,24.5974619150719,24.2014708249886,25.1107782668844,24.6983988066906,25.0710980890967,24.2945770739096,24.7448924706212,0.244989973595535,0.85053909286305,0.303489297505495,0.141141547679664,0.538352149462383,0.458070248490974,0,0,0,0,0,0
Unknown 146,3,3,3,3,2,3,3,3,3,3,3,3,23.6164825753315,23.2975026126679,23.6382237813422,22.8454758712092,25.0965459941248,23.7204105011424,23.5605344043584,24.2847202194669,23.6785128333261,23.769853962368,23.7392927091756,22.6444579281329,0.638514895166997,0.248831643933401,0.0791632883638615,0.290974992031415,0.89275077987032,0.115870260458947,0,0,0,0,0,0
Unknown 147,3,3,3,3,2,3,3,3,3,3,3,3,20.4945312998564,21.1985913906309,20.129838661745,19.9902332724911,21.95917541183,21.1365039659296,19.7691736178737,20.3134525776418,20.6318854781974,20.5224346868545,20.600533799726,20.4544605241786,0.32066942661393,0.842265674657633,0.299804512866374,0.44066858892834,0.876001774265286,0.835067295844229,0,0,0,0,0,0
Unknown 148,3,3,3,3,2,3,3,3,3,3,3,3,24.4336377405563,24.2533459056551,24.3360261512045,23.4941808336467,24.8215525981492,24.2829613364344,24.2330872478097,25.0154120796796,24.4949243912428,24.3711609542387,24.9372151165625,23.726041540545,0.774022499211809,0.188096118755097,0.4455096011528,0.22008318744596,0.843678779126442,0.0632594263951197,0,0,0,0,0,0
Unknown 149,3,3,3,3,2,3,3,3,3,3,3,3,21.5110907905469,19.4487855009947,20.5674629491969,20.085351192411,16.7391005292389,21.2865610208274,20.7486695258845,17.2518367339597,20.3576930321866,19.1577602234109,21.4946197586057,21.8729046447894,0.105895948808791,0.697612138893432,0.00298762601435653,0.00898528197503291,0.337641920629156,0.760316806495451,0,0,-1,1,0,0
Unknown 150,3,3,3,3,2,3,3,3,3,3,3,3,20.9082287843079,18.9307764329791,20.7417220552553,20.1595323289879,14.4556400337248,20.6760705065943,20.4952075637136,16.77842623904,20.9377915076658,20.6789219832026,21.4148080327076,21.6872118229147,0.166768234860907,0.678106333911936,0.000538718961468497,0.0132571549717758,0.853359991028743,0.845793296195232,0,0,-1,1,0,0
Unknown 151,3,3,3,3,2,3,3,3,3,3,3,3,23.4850819626062,23.9871017707378,23.5662937669125,23.4189646150892,23.8409098257071,23.6798479433434,23.7649878481484,23.8007367783285,23.8031882820235,23.5168208919027,23.9862407471439,23.4909406293486,0.0660497047129646,0.57663569730395,0.58507116993557,0.891890929745541,0.282352552972898,0.069492836990331,0,0,0,0,0,0
Unknown 152,3,3,3,3,2,3,3,3,3,3,3,3,22.2937778185769,22.4166549010952,21.6226781970283,22.0887418879669,22.5243610413009,22.289513250775,21.6149775128191,22.6720366878644,22.0272570266835,21.7830931008276,21.607489007774,22.1170187962184,0.761743220546663,0.256462530352149,0.604954208906965,0.0146541920701399,0.548061144822986,0.215991253320352,0,0,0,-1,0,0
Unknown 153,3,3,3,3,2,3,3,3,3,3,3,3,22.1373634082824,21.8281134521307,22.3507527204079,21.4053509432384,22.5566461851743,21.6634776874052,22.4211142686069,22.7826992568428,21.9813140342554,21.7870029250684,22.3461786241022,21.5310830220746,0.595948235252775,0.11381990604184,0.178129231996156,0.535741389516115,0.73853747917688,0.169820686717196,0,0,0,0,0,0
Unknown 154,3,3,3,3,2,3,3,3,3,3,3,3,21.1467858981313,21.1083747436527,19.7687523901104,19.7303412356318,20.3692510207476,20.3308398662691,20.8251446870004,20.7867335325218,21.1162680881474,21.0778569336688,21.1175130679279,21.0791019134493,0.952854899202381,0.952854899202381,0.957826902584821,0.952854899202381,0.952854899202381,0.952854899202381,0,0,0,0,0,0
Unknown 155,3,3,3,3,2,3,3,3,3,3,3,3,23.0610682845382,23.0218285404591,22.7555847054141,22.8923298808822,23.6081648028285,23.1410459242998,22.4517343434276,23.4767445668229,23.0332810494812,22.903806699609,22.7594522822618,23.2655544535737,0.916558338884487,0.715397816397115,0.271007899680536,0.0109692088547449,0.729882410228741,0.185080058884091,0,0,0,-1,0,0
Unknown 156,3,3,3,3,2,3,3,3,3,3,3,3,21.8695117984619,21.8116591689388,21.3375988830495,21.0321441646828,21.7095727262703,21.7321881603178,21.4342693645108,22.1361079707393,21.89593044812,21.750537554532,21.5663293087703,22.2266270739712,0.894058620432431,0.484266509203512,0.962855677549041,0.115974189838277,0.738130434969593,0.137976513314459,0,0,0,0,0,0
Unknown 157,3,3,3,3,2,3,3,3,3,3,3,3,24.2856167788201,22.833161448859,24.252603120686,23.360120675565,22.6033784740653,23.9465991539699,24.0291461166583,22.3792418537438,23.9787465051712,23.7078461514874,23.456947695338,23.525791091366,0.11952744321391,0.33078152014239,0.194148699156395,0.0792063816519659,0.765684198668685,0.939573299717317,0,0,0,0,0,0
Unknown 158,3,3,3,3,2,3,3,3,3,3,3,3,22.1452229286044,20.7804460293133,23.3141903489162,22.6586497030559,16.7011814062495,22.1382418183814,22.7845480949179,18.3024313279737,23.175137564132,21.8196698804768,22.8406857586978,22.1984912471066,0.317204668336578,0.628002736351197,0.00135813237530761,0.00272251970233686,0.320445129528104,0.634983183064733,0,0,-1,1,0,0
Unknown 159,3,3,3,3,2,3,3,3,3,3,3,3,22.3477077044437,19.9355939234617,22.5175373217057,22.396303893375,16.7814247547952,22.3178484629688,22.7064320903594,18.2794597555457,21.8044555305846,19.980016742829,22.5968750335306,21.9646119576831,0.0650261176611009,0.923258781779974,0.000593976825011981,0.00168016506349221,0.156281899215292,0.616343137360902,0,0,-1,1,0,0
Unknown 160,3,3,3,3,2,3,3,3,3,3,3,3,22.6974873727554,22.9996911047117,22.5640726202026,21.8354884907557,24.1509101546216,22.2251283088579,22.1408478096674,22.8397368430793,22.198606654562,21.9624764022061,22.519565905198,21.517339489513,0.740672381013454,0.427585306187638,0.0687740679515915,0.446408430390679,0.795848427286778,0.278072579087215,0,0,0,0,0,0
Unknown 161,3,3,3,3,2,3,3,3,3,3,3,3,24.5785334057604,24.050435231379,25.0302741720013,24.4408144243417,22.8971951497887,24.4119027635689,24.683838143822,23.736148556527,24.1180064928302,23.8940086309443,24.0602095256685,23.0144981481841,0.594249726961393,0.552427710838311,0.179084200446071,0.342424100426979,0.820791339584142,0.295860910814424,0,0,0,0,0,0
Unknown 162,3,3,3,3,2,3,3,3,3,3,3,3,25.6292584014163,25.9020479373926,26.3289266499005,25.9240330651479,25.5709363981019,25.7124096816762,26.4395357008326,25.9330716501635,26.9430633834331,25.3930143500997,26.1015196525153,25.9336760655784,0.607638313535164,0.44758301096974,0.811325541724663,0.343844877403144,0.00705074714606871,0.751630710540605,0,0,0,0,1,0
Unknown 163,3,3,3,3,2,3,3,3,3,3,3,3,29.452851088123,29.6844813556839,29.8619556219228,29.523726201177,29.723264902481,29.4313270352476,29.8012582127297,29.5854579830698,30.0988682293885,29.2838072716933,30.0901689550513,29.4721332950681,0.411849238676089,0.234644553497822,0.355865374551493,0.444089473449087,0.0073345819342092,0.0357819979155232,0,0,0,0,1,1
Unknown 164,3,3,3,3,2,3,3,3,3,3,3,3,22.0824108610917,22.707405448612,22.5542526512399,20.214920310686,26.92857368867,21.1897317222003,19.8573572684781,22.7469908265744,19.6625185122957,20.0648626334153,19.4788307348524,19.1250839245462,0.733982693375575,0.210717571407444,0.00959954977087553,0.125397725217324,0.826702263596552,0.847340995600393,0,0,1,0,0,0
Unknown 165,3,3,3,3,2,3,3,3,3,3,3,3,20.5795746834372,19.6515308914378,20.6409543058491,17.7369083021478,24.727372034068,17.9231036942132,16.3690373546334,21.1752904019369,16.6954235937127,17.7155364260197,16.5201028582081,16.225261356449,0.702967069532528,0.23924438183826,0.018628265800966,0.0574901041400089,0.675210332818792,0.903436716861967,0,0,1,0,0,0
Unknown 166,3,3,3,3,2,3,3,3,3,3,3,3,19.935903408757,19.0688253824264,19.4394624077376,16.5715506617621,23.9041931529454,17.6344244001877,16.3056245739897,20.3957497859268,16.6489159380764,16.6104433704705,16.5269493107081,16.0669011844723,0.69132795029713,0.196575200392914,0.0159902863529333,0.0704924977775899,0.985919557375124,0.832941838292881,0,0,1,0,0,0
Unknown 167,3,3,3,3,2,3,3,3,3,3,3,3,21.5546759664301,21.163521114799,21.7825744009076,21.9652004418252,19.6219713674131,21.9100766104971,22.9869639044768,22.0831773610458,23.4752257106868,22.0395762752326,22.6441075052857,22.3760332640192,0.769716655266222,0.89120374990077,0.134825818923019,0.500533484801735,0.288198491071304,0.840908717928791,0,0,0,0,0,0
Unknown 168,3,3,3,3,2,3,3,3,3,3,3,3,22.3465316702159,22.2587920746323,22.8947896543428,22.5561462617324,23.4041406852715,22.0865587995514,22.381884509154,23.0896903140676,22.700776919791,21.7421577216237,22.1968673070538,21.3979583368151,0.913684929039495,0.6762392173345,0.154581267823345,0.385802852445648,0.243363962263542,0.328726111849676,0,0,0,0,0,0
Unknown 169,3,3,3,3,2,3,3,3,3,3,3,3,25.0503129691759,24.7588812575929,25.0461402109357,25.4853549065386,23.267706250324,25.42408713872,26.2506659085975,25.4982095575318,26.597900074907,25.8688838480485,26.5581581534258,25.9351085164134,0.792140081388533,0.691528743553169,0.0909265297956634,0.498095030424306,0.511445504523253,0.574205344565632,0,0,0,0,0,0
Unknown 170,3,3,3,3,2,3,3,3,3,3,3,3,22.3203365327175,21.8517609629143,21.6679588439689,22.676193491463,20.7642336013053,22.6596777137594,23.5767763525993,22.7233388112315,23.9051619457789,23.2814558159593,23.8309938586363,23.2564897010604,0.724498128781226,0.450466493116065,0.209561594972667,0.522229812599518,0.639324041838441,0.665862751704111,0,0,0,0,0,0
Unknown 171,3,3,3,3,2,3,3,3,3,3,3,3,20.3242794588817,20.032185772937,19.9565850848926,20.7019899430287,18.7911382616167,20.7372750356784,21.6506969233392,20.7783390260504,21.9407542317026,21.5411057769132,21.9109875628589,21.3476401415346,0.823344419825214,0.570042396311076,0.191526467897576,0.506783080960969,0.760135875349935,0.667253929256506,0,0,0,0,0,0
Unknown 172,3,3,3,3,2,3,3,3,3,3,3,3,23.4934796561979,22.1636239651275,24.6305671058386,24.8410609914474,18.1806741821175,24.0047517570401,24.625485608557,20.3207659033289,25.1582044830898,23.8487245860234,24.9676724010664,24.814055684353,0.389144962759446,0.890709627026242,0.00224013564542127,0.00924658976958955,0.396335624658611,0.920115834796348,0,0,-1,1,0,0
Unknown 173,3,3,3,3,2,3,3,3,3,3,3,3,25.0421819261264,24.3498301757794,24.763530633819,24.9693176503126,25.6641934630755,24.9797505646555,24.9477769869542,25.3059773854648,25.1092904964955,24.9892485939155,24.6028112022371,24.9197752856972,0.145377588476178,0.658360517257118,0.195694878296007,0.443478931553054,0.796172112022667,0.497098606313474,0,0,0,0,0,0
Unknown 174,3,3,3,3,2,3,3,3,3,3,3,3,28.7009830214774,28.1275800403915,28.3132016117415,28.6147177367876,29.3519262296852,28.6773566070517,28.5013842767275,28.8998289588858,28.590179916095,28.9316123401225,28.6710354636045,28.7010507628778,0.194791456999038,0.489578785810082,0.173320030549947,0.363053040161082,0.434626575525477,0.944872680186361,0,0,0,0,0,0
Unknown 175,3,3,3,3,2,3,3,3,3,3,3,3,24.9462346309144,24.339037648526,24.518022525058,24.8516110561105,25.6256796132279,24.9147026158883,24.7118290475436,25.1389532749312,24.8284414193446,25.1377979067534,24.9000872107377,24.9300198448323,0.180097559893306,0.455249902754021,0.161143614069713,0.34092038410617,0.488280888529596,0.946253575236414,0,0,0,0,0,0
Unknown 176,3,3,3,3,2,3,3,3,3,3,3,3,23.9180580791565,21.6427989531159,24.2489757023324,24.7540644822027,18.220158015867,24.3954122766252,24.7775425880196,20.394158806948,24.2706291599991,21.7644953550898,24.9357102655023,24.7874291501662,0.133906480869704,0.73329529459102,0.000989952459142855,0.00649172518086015,0.100467666386181,0.920223923053735,0,0,-1,1,0,0
Unknown 177,3,3,3,3,2,3,3,3,3,3,3,3,22.2023314710247,19.9299169657289,22.2038817303979,22.9464797596323,17.5221551396197,22.588373228675,22.889083225173,19.117783754817,22.2070534199529,20.2467526312418,22.9115797846326,22.8531675570111,0.0915951277732709,0.570640715257711,0.00187789522043847,0.00767026236510336,0.142439608526155,0.964293369866406,0,0,-1,1,0,0
Unknown 178,3,3,3,3,2,3,3,3,3,3,3,3,24.6537698304359,23.7699982808959,23.8491177148845,24.3478047165227,25.5866690433208,24.5296556281089,24.0953822442112,24.8284014509008,24.0693225205468,24.8671244726007,24.2313225053426,24.4154427196996,0.187655176681081,0.451321577015532,0.159822707810638,0.271650372395253,0.232659768879084,0.779778974223156,0,0,0,0,0,0
Unknown 179,3,3,3,3,2,3,3,3,3,3,3,3,21.3697250881672,20.1238242121473,22.2884767530824,22.6409703319838,17.2935759142181,21.9008777848506,22.3524868910601,18.6105380959612,22.6381245711053,21.9014289166246,22.5254474298166,22.5804026731918,0.359276917462687,0.793629510396753,0.00511926316814648,0.00994973110066635,0.585514510132416,0.967443561897971,0,0,-1,1,0,0
Unknown 180,3,3,3,3,2,3,3,3,3,3,3,3,24.2972708940734,23.0339700937539,23.2547833837727,23.7922256028606,25.2754068131136,24.1412469445462,23.5357664710578,24.4435401522348,23.4125072034586,24.4146767622127,23.4994956426832,23.9050683600826,0.137834834400099,0.519559833429877,0.229466547610949,0.280691936017809,0.234965800953456,0.626285426755704,0,0,0,0,0,0
Unknown 181,3,3,3,3,2,3,3,3,3,3,3,3,22.7599672143437,20.3343090281329,21.9834130993605,21.5419668319914,20.8958960917647,22.4433086082551,21.1441118515529,22.1118308538711,21.3688338542242,21.6796915947521,21.4266549725514,21.5954832575826,0.0273481758505533,0.672034381347201,0.191896840952622,0.356950920795008,0.765384134650021,0.871160284611123,1,0,0,0,0,0
Unknown 182,3,3,3,3,2,3,3,3,3,3,3,3,22.6896819463854,20.9728503584814,21.3370078356237,21.9563036218109,23.7465200636737,22.4007773230636,21.5407990961102,22.7188887172314,21.2548656455846,22.8015601200233,21.4853028638017,22.0512526213432,0.107114744736215,0.551186887554961,0.251768902259505,0.261700188378651,0.144491395545622,0.585756049968607,0,0,0,0,0,0
Unknown 183,3,3,3,3,2,3,3,3,3,3,3,3,21.7036304779402,20.7339197273208,20.9072830827608,20.8765555758998,22.7688697946069,21.6564142980719,21.1142456373092,21.7619340085102,21.0482498746252,21.9650650502532,21.3050847222005,21.4945922000678,0.210638708496183,0.967803179914727,0.199379148562035,0.398602785706127,0.235754945175972,0.803537740546216,0,0,0,0,0,0
Unknown 184,3,3,3,3,2,3,3,3,3,3,3,3,20.9017583879262,18.4021035648049,18.7002080216937,18.160010209135,21.9769158194292,20.5582180980917,19.6628869795466,20.3264973346753,17.823491043526,21.0619163988927,18.9334328927035,19.4217046648455,0.153165900421559,0.752417213133211,0.460905385950236,0.698530481761221,0.0681602878767294,0.77549982039187,0,0,0,0,0,0
Unknown 185,3,3,3,3,2,3,3,3,3,3,3,3,22.075293182647,21.0793822463212,21.2084020081214,21.7811341027752,23.4328514465782,21.9952233222886,21.4902450209068,22.394081321112,21.4176742046732,22.2326795520141,21.2911055291116,21.6888558664676,0.219252348411304,0.474972157264744,0.116579645851505,0.263494061204168,0.312088894271426,0.618770651554041,0,0,0,0,0,0
Unknown 186,3,3,3,3,2,3,3,3,3,3,3,3,18.8142453974141,19.6580637258757,20.8076076106158,21.7110229730104,15.1018373113269,20.1008202047671,21.438232937286,16.3119294010911,22.19266732993,21.2153420306117,22.1423446799504,21.8649428491518,0.634648913168254,0.611053365068975,0.0178256827298222,0.00760300673427644,0.582380754625106,0.87558633406325,0,0,-1,1,0,0
Unknown 187,3,3,3,3,2,3,3,3,3,3,3,3,19.2845765622843,19.8510882920284,21.2279692611601,22.1554780421803,15.0777498677181,20.303017986495,21.922286289144,16.4674061250569,22.7844223763455,21.5738590472238,22.4278945417686,22.2062458636534,0.762543191076168,0.621418511342264,0.0190284072283915,0.00728450098214624,0.520006420122035,0.905817996698192,0,0,-1,1,0,0
Unknown 188,3,3,3,3,2,3,3,3,3,3,3,3,20.5958874900392,19.9797379026137,21.7474947104938,22.9767601327283,15.1161640462879,21.7226360106274,22.8501994979294,16.7310249932342,22.9669070423563,21.0947720698324,23.3532676941575,23.1006854595035,0.720959639963597,0.477934510216072,0.00208574270528297,0.00154349223094765,0.283281154668006,0.883454206852345,0,0,-1,1,0,0
Unknown 189,3,3,3,3,2,3,3,3,3,3,3,3,17.0218797828698,18.8315070610006,19.2230765471004,19.334097286569,15.8355964835947,18.2694976568476,20.208768027609,18.4203536597345,22.2456040416528,19.0064145623303,21.4316841818396,20.8302102019958,0.426093161290084,0.960782872090698,0.339834218074751,0.431461882733298,0.160461742534325,0.790091632535256,0,0,0,0,0,0
Unknown 190,3,3,3,3,2,3,3,3,3,3,3,3,16.7189448846936,18.4445300484263,18.8316095433397,18.5795207859004,16.1005681397118,17.2672607255601,19.7169064849273,18.1288860460071,21.8437023007956,18.1322465409599,20.5998433987886,20.232811995935,0.479484099541245,0.917275607933616,0.667829299060723,0.514847843656393,0.135732032882613,0.879814175183847,0,0,0,0,0,0
Unknown 191,3,3,3,3,2,3,3,3,3,3,3,3,16.0347425405869,18.3062033654297,18.5331683631388,18.1657154082934,14.5534908311277,17.0734032899322,19.154804262465,16.4235504705326,21.1460612572995,16.995252261921,20.2396748297106,19.6497431596599,0.326999097129252,0.872709379310706,0.330679368839321,0.240742752810244,0.0802197766623857,0.797094867071667,0,0,0,0,0,0
Unknown 192,3,3,3,3,2,3,3,3,3,3,3,3,21.6018053435534,21.9448751302768,20.955584555145,20.1422760772102,23.947784456219,21.5498265537122,21.8584848951762,22.1706511243274,21.6279034952015,21.5541696086851,22.0084722357527,21.8541665164319,0.682394888286669,0.336079340908556,0.0163368504021763,0.709553746645937,0.929795669126987,0.853761822579966,0,0,1,0,0,0
Unknown 193,3,3,3,3,2,3,3,3,3,3,3,3,23.0229878190909,22.9933525572438,21.8771426341929,21.4822532318343,23.4976852962323,22.91369460444,22.9292039495297,22.9614624640916,22.4340078654892,22.8594206438255,23.206807506417,22.7963962323519,0.944607038452479,0.359001041035267,0.228176094012747,0.939713323038967,0.323781369603352,0.340780796749309,0,0,0,0,0,0
Unknown 194,3,3,3,3,2,3,3,3,3,3,3,3,21.4084115109529,21.1721391421894,19.9580714655047,19.5609849544719,21.7873354812077,21.1495679669103,21.1359652741199,21.2250809091509,20.5833515077074,21.096245420675,21.2614346847428,20.9070153592111,0.627600006422721,0.41709861715695,0.247308504616768,0.854500689944242,0.296892806647422,0.468244082266573,0,0,0,0,0,0
Unknown 195,3,3,3,3,2,3,3,3,3,3,3,3,24.7193380421696,24.7073177282442,24.6297265242043,23.8784050956771,24.9458182018245,24.1330266605078,24.196729491966,24.984030888603,24.4412303939714,24.4076610526812,25.0776247930624,23.9157336888307,0.985381498160036,0.258844673914369,0.274167837957391,0.237365785825885,0.959191209353618,0.0865583439778801,0,0,0,0,0,0
Unknown 196,3,3,3,3,2,3,3,3,3,3,3,3,20.5504725699191,19.6928221477844,18.7854614452684,17.2862432028301,21.8653518109622,19.1812498300352,18.1640694051704,19.9992871991272,18.4629173005722,19.2365915138716,19.5685006401752,18.1592104282181,0.63497583858413,0.408992758042735,0.191181266007494,0.313944238760005,0.668323395984677,0.437266703397002,0,0,0,0,0,0
Ursolic acid,3,3,3,3,2,3,3,3,3,3,3,3,25.2788988171194,26.0309579248787,25.8590302509862,25.097032965937,25.9857604731943,25.6570813452763,24.9659801491947,25.5415641529073,25.4053106660307,26.0963632796352,25.7783519721839,25.5652838444445,0.186405402366382,0.180870924484829,0.599565208706253,0.308078114824796,0.223342905398389,0.703147923454408,0,0,0,0,0,0
